MSOA21CD,%_Houses,%_Flats,%_Other
E02000002,58.386987461877325,37.241613012538124,1.626567265333785
E02000003,64.55850158112382,24.276331792751154,6.738019946485039
E02000004,83.04020100502512,11.264656616415412,2.386934673366834
E02000005,82.6479172194216,9.763863093658795,3.847174316794906
E02000007,57.203055043455365,37.819331050829604,1.8172241243086646
E02000008,81.56354515050167,11.580267558528428,3.511705685618729
E02000009,65.70181484034,27.659085688031244,4.364805881001608
E02000010,84.13813286508633,10.477026631548142,2.7216856892010535
E02000011,69.77867203219316,21.046277665995976,3.86317907444668
E02000012,74.24817518248176,20.145985401459853,1.6350364963503652
E02000013,84.31490384615384,10.006009615384617,3.395432692307692
E02000014,84.8434004474273,6.599552572706935,3.2997762863534676
E02000015,44.07670893906588,46.73677698731828,3.0003093102381686
E02000016,15.883226125680356,74.27016328550222,4.106877783275606
E02000017,69.45678168773487,18.038947728049198,6.969593440382645
E02000018,75.66676655678754,18.609529517530714,2.607132154629907
E02000019,85.95066185318892,9.566787003610107,0.9326113116726835
E02000020,57.78966865610208,35.645194484461825,2.737188721959251
E02000021,75.12038523274478,14.060995184590691,4.847512038523274
E02000022,10.337768679631525,83.52098259979529,1.5353121801432956
E02000023,45.62656194216351,47.697250981792216,1.7493752231345947
E02006799,81.14856429463171,11.210986267166042,4.719101123595506
E02000024,63.73460125351199,22.822563215906637,10.179381888912904
E02000025,47.30878186968839,40.252382178727785,8.859129539016225
E02000026,73.37989910748934,18.471090415211485,5.626697710516105
E02000027,67.19745222929936,26.910828025477706,3.715498938428875
E02000028,51.52712899748473,36.722960833632776,8.480057491915199
E02000029,53.71052631578947,32.60526315789474,11.236842105263158
E02000030,81.25851266684828,9.425224734404795,5.202941977662762
E02000031,56.15428247305729,32.64322178105502,5.558706749858197
E02000032,92.0442383160899,3.9600428112736354,1.890831252229754
E02000033,67.48672071568353,25.328487559407325,4.86441151803187
E02000034,48.16403109086036,37.5234521575985,10.426159206647013
E02000035,39.865951742627345,45.33512064343164,9.410187667560322
E02000036,64.99631540162122,26.848440186686318,5.06018177352002
E02000037,65.54973821989529,29.84293193717277,1.9109947643979057
E02000038,50.323043790380474,27.494615936826992,17.946877243359655
E02000039,59.55649419218585,22.10489264343541,12.460401267159451
E02000040,50.37928328537797,36.25425058854303,5.1530211875490455
E02000041,61.027104136947216,23.39514978601997,10.413694721825962
E02000042,34.95852721019624,40.46125834513453,20.028322880841596
E02000043,74.0072202166065,11.227436823104693,11.010830324909747
E02000044,68.96984924623115,19.597989949748744,7.85175879396985
E02000045,46.16635687732342,42.146840148698885,9.316914498141264
E02000046,39.10614525139665,26.256983240223462,29.247453171212616
E02000047,55.63944177533745,36.83367650423244,3.8435140700068633
E02000048,55.772475295251866,31.525668835864064,7.881417208966016
E02000049,32.795698924731184,62.74961597542242,1.7921146953405016
E02000050,47.39359158297465,37.11142993782879,11.979913916786227
E02000051,33.52188883423512,45.30250860796852,14.485981308411214
E02000052,37.09825528007346,41.643709825528006,17.424242424242426
E02000054,41.60280970625798,37.29246487867178,15.932311621966793
E02000055,31.210986267166042,44.77736163129421,17.769454848106534
E02000056,58.78986099754702,29.87189970019079,5.151267375306623
E02000057,49.67025338424158,32.280458174245055,11.940298507462686
E02000058,55.99354541263255,24.665744582757032,13.785154449054865
E02000059,39.96184015263939,43.69302522789909,10.387958448166208
E02000060,48.25933400605449,25.731584258324926,19.22300706357215
E02000061,35.20979932238728,36.538962731300494,21.37086265311441
E02000062,45.86080586080586,33.07692307692307,16.84981684981685
E02000063,55.04159733777038,24.49251247920133,14.775374376039935
E02000064,26.481544192346767,56.28174737555028,10.734845919403996
E02006953,6.578637113888234,82.29191228483849,2.0278236265031833
E02006954,28.516228748068006,62.82843894899537,4.507985574446162
E02000065,64.46648426812585,28.932968536251707,1.5047879616963065
E02000066,49.80184940554822,43.064729194187585,0.8190224570673712
E02000067,49.32320113987176,39.58679648539539,5.628116836855853
E02000068,46.455331412103746,42.363112391930834,3.2853025936599423
E02000069,62.74845784784099,28.44413982179575,5.174777244688142
E02000070,78.97796817625459,14.106487148102815,2.998776009791922
E02000071,83.77177997950119,9.600273317389819,3.4506320464639564
E02000072,65.20497654497247,28.839486028961858,1.5704670609830718
E02000073,91.95175978341126,3.618016244154566,1.7228648781688407
E02000074,62.094763092269325,32.612912164034356,2.3275145469659186
E02000075,86.60907127429806,7.837087318728788,2.6535020055538414
E02000077,85.68581866489538,9.00033211557622,2.8229823978744606
E02000078,85.74638844301765,8.314606741573034,2.9213483146067416
E02000079,63.17717874901858,23.78958387856582,6.909186076943209
E02000080,78.14235234729935,13.099444724886421,5.022715800100959
E02000081,74.87392465143874,18.837140314446753,3.5597745476119846
E02000082,90.84726551431001,4.930575233777274,1.8418815528478323
E02000083,71.70826161790018,20.86919104991394,3.0120481927710845
E02000084,85.31177829099306,9.399538106235566,2.2863741339491916
E02000085,84.44653496393853,8.090310442144872,3.794292881781123
E02000086,87.92742498255409,6.454989532449407,2.8960223307745987
E02000087,75.9779773978557,15.415821501014198,4.752245725876557
E02000088,93.70491803278689,3.0491803278688523,1.0163934426229508
E02000089,92.0656176765986,3.5487110813525278,1.6739203213927016
E02000090,49.13190529875987,38.80496054114994,6.629086809470124
E02000091,53.48295574846495,36.60808807961042,4.08638577175524
E02000092,60.939167556029886,32.19494841693348,3.4863038064745644
E02006785,76.43122676579925,17.472118959107807,1.7100371747211895
E02000093,66.9994879672299,23.758320532514084,4.992319508448541
E02000094,51.27095727420227,35.83017847485127,6.598161168199026
E02000095,67.17948717948717,22.021116138763198,6.787330316742081
E02000096,74.73076923076924,16.192307692307693,5.0
E02000097,71.83908045977012,15.613026819923373,9.610472541507024
E02000098,63.758389261744966,27.986577181208055,4.731543624161074
E02000099,58.627581612258496,33.37774816788808,5.19653564290473
E02000100,76.7071320182094,17.185128983308044,3.414264036418816
E02000101,38.73642081189251,50.82904516866781,7.232704402515723
E02000102,56.900811860218845,23.72043769855277,14.119308153900459
E02000103,46.49610678531702,41.15684093437152,8.620689655172415
E02000104,55.52037989711119,32.686980609418285,7.281361297981796
E02000105,50.74074074074074,36.26543209876543,8.82716049382716
E02000106,45.86406743940991,29.63645943097998,19.020021074815595
E02000107,24.10125505211657,33.801318868325886,34.90746649649011
E02000108,56.1864406779661,31.016949152542374,9.02542372881356
E02000110,46.82564261381232,22.948281201610406,26.045215236915453
E02000111,49.22109047333733,36.45895745955662,9.976033553025763
E02000112,47.325642370215,31.253277399056106,13.083377031987414
E02000113,44.17760402122312,41.97151633621893,5.696732756213349
E02000114,22.487916560671582,34.82574408547443,37.038921394047314
E02000115,9.43577430972389,50.51620648259304,33.13325330132052
E02000116,21.698662012798138,44.29901105293775,28.15590459569517
E02000117,27.288629737609327,43.051506316812436,22.157434402332363
E02000118,55.58216102963185,29.482190960790184,9.368452559114038
E02000119,23.30275229357798,59.862385321100916,7.477064220183487
E02000120,15.138501181017821,32.93966072578913,42.9675756925059
E02000121,42.11770888071466,45.664739884393065,7.514450867052023
E02000122,42.11948363854698,29.210447313119182,23.53647553287301
E02000123,19.78218465539662,33.28998699609883,36.96358907672302
E02000124,27.74972557628979,28.80351262349067,34.79692645444567
E02000125,42.72705487658759,13.275820752456266,38.43757488617302
E02000126,4.856687898089172,72.37261146496814,13.136942675159236
E02006955,5.902192242833052,56.058781016622504,3.372681281618887
E02006956,49.93556701030928,27.480670103092784,3.2538659793814437
E02000127,71.85279187817258,20.939086294416242,3.2994923857868024
E02000128,76.1259842519685,15.653543307086615,4.724409448818897
E02000130,52.67693914860276,20.50143640637242,22.512405327761815
E02000131,13.006317354143441,49.86993682645856,31.308063916759572
E02000132,24.777419965902634,61.09111574161773,7.766622466376208
E02000133,74.44836716681377,14.739629302736098,6.310679611650485
E02000134,38.524155016811186,35.56892585383118,19.69562909219607
E02000135,25.22503663387063,48.77538203893657,19.02867908729328
E02000136,78.782826177574,14.506044185077116,2.334305960817007
E02000137,45.06061387670879,40.778952798555586,8.924426102656694
E02000138,36.9888051176605,50.33127713045465,7.242403472698195
E02000139,58.65744742149237,20.65687121866897,15.96081820800922
E02000140,72.75862068965517,20.862068965517242,2.413793103448276
E02000141,46.484848484848484,27.21212121212121,20.0
E02000142,65.17165005537099,22.093023255813954,8.305647840531561
E02000144,50.0542181739319,34.04901322923444,9.390587725005421
E02000145,67.51644736842105,25.548245614035086,3.262061403508772
E02000146,65.32010394519253,24.332624616111506,5.811481218993621
E02000147,70.81818181818181,23.0,2.1212121212121215
E02000148,80.50757842791681,8.84737398660557,5.74550581600282
E02000149,81.7276720351391,12.210834553440703,2.225475841874085
E02000150,83.73176032288109,10.835144365104005,2.173238124805961
E02000151,89.13967942427217,6.444226365718024,1.5701668302257115
E02000152,67.68368617683687,26.74346201743462,1.9613947696139475
E02000153,95.78272604588393,1.3157894736842104,0.6072874493927125
E02000154,67.4673071790766,21.19028556178276,6.6186282359220705
E02000155,88.19400127632419,7.5622208040842365,1.244416081684748
E02000156,77.13946117274168,14.183835182250396,4.972266244057052
E02000157,91.34814814814814,4.7407407407407405,0.9777777777777777
E02000158,79.41834451901566,15.851709811441356,1.6299137104506232
E02000159,83.69895376307797,7.998650016874789,3.543705703678704
E02000160,79.77671451355663,12.312599681020734,4.944178628389154
E02000161,90.89586969168121,5.264688772542176,1.1343804537521813
E02000162,77.79220779220779,15.38961038961039,3.0844155844155843
E02000163,88.59483301827346,5.356017643352237,2.7095148078134845
E02000165,86.71875,9.446022727272728,1.2073863636363635
E02006782,78.06046093983838,13.82819515115235,3.771325950314277
E02006787,80.06883604505633,10.387984981226534,6.195244055068836
E02006789,79.11975435005118,9.587171613783692,6.414193108154214
E02000166,25.020026702269693,50.14686248331108,15.567423230974633
E02000167,29.167727157037415,23.466530923899214,33.13820310511581
E02000168,23.183120604324042,29.460797082573585,38.36936702266215
E02000169,18.859041816671283,32.45638327333148,32.48407643312102
E02000170,20.403530895334175,32.61034047919294,34.30012610340479
E02000171,20.244897959183675,32.29931972789116,38.14965986394558
E02000172,14.105452906714735,59.598918431726,17.214961694456964
E02000173,10.777002646139042,39.331248496511904,34.111137839788306
E02000174,11.962090163934427,36.834016393442624,42.21311475409836
E02000175,10.60260923586664,44.791882377303786,33.754400496997306
E02000176,5.807935595169638,32.71995399654974,47.75733179988499
E02000177,11.166500498504487,62.587238285144565,17.347956131605187
E02000178,7.889170896785109,41.56091370558376,38.66328257191201
E02000179,14.309210526315788,46.67763157894737,22.79605263157895
E02000180,13.261469039859614,44.59764351967912,30.258210077713716
E02000181,5.358435916002897,34.05744629495535,51.12237509051412
E02000182,9.39798420049033,57.722691364750744,16.8346499591392
E02000183,17.234893016694098,39.43098988948977,28.37996708205972
E02000184,10.683655966674834,60.499877481009555,17.863268806665033
E02000185,5.0540719487971755,66.1664091811962,18.56102405649967
E02000186,11.114152751163427,43.525869148644944,25.86914864494936
E02000187,2.8105167724388034,77.56119673617408,6.14233907524932
E02000188,3.1108230719377836,80.3953337653921,4.601425793907971
E02000191,3.2290279627163785,52.36351531291611,14.513981358189081
E02000192,4.0237645152578985,61.35565757493924,18.066432622198217
E02000193,1.964061847053907,50.0,12.829084830756374
E02007115,3.7302725968436152,62.392395982783356,14.07819225251076
E02000001,1.3655605626109517,58.350402840365966,7.387682643725249
E02000194,29.541446208112877,40.82892416225749,22.2663139329806
E02000195,69.1486449493567,18.80646044347112,7.582808650424309
E02000196,65.33106960950764,17.38539898132428,12.869269949066215
E02000197,67.97848244620612,16.73272933182333,9.28652321630804
E02000198,46.99337748344371,28.31788079470199,17.456953642384107
E02000199,65.94992636229749,13.490427098674521,15.022091310751104
E02000200,33.70152761457109,38.09635722679201,22.256169212690953
E02000201,32.17845277645942,40.91124822021832,17.60797342192691
E02000202,75.33478667081907,11.585175957645594,7.536592961694176
E02000203,47.13774597495527,26.62492546213476,19.230769230769234
E02000204,66.77400468384074,15.398126463700235,12.295081967213115
E02000206,40.44444444444444,33.31216931216931,20.74074074074074
E02000207,60.71240105540897,22.664907651715037,10.527704485488126
E02000208,35.89511754068716,43.01537070524412,13.720614828209765
E02000209,74.51162790697674,16.124031007751938,4.341085271317829
E02000210,73.89244915018111,16.0490387294511,5.99052660908331
E02000211,84.11954292411369,10.137708760621154,2.285379431585116
E02000212,60.08123005512039,26.051639106469395,8.529155787641427
E02000213,20.45692361353331,54.90059295430763,18.66062085803976
E02000214,78.2340862422998,8.542094455852157,8.6652977412731
E02000215,33.416281549946675,39.40632776395307,20.583007465339495
E02000216,43.12780989081567,49.38985228002569,1.9588953114964676
E02000217,38.81411422335395,42.97926518734086,9.476173153874136
E02000218,62.291072156543,31.63473298002446,1.8344883815735833
E02000219,83.15619967793882,9.855072463768117,3.059581320450886
E02000221,56.54338549075392,34.47131341868184,3.579895685158843
E02000222,49.5474528057926,27.333850530126714,17.09335402120507
E02000223,56.496199032481,39.01174844505874,0.8638562543192813
E02000224,48.254328697133126,22.4240703945501,22.16860630144763
E02000225,83.01749271137027,12.755102040816327,1.0932944606413995
E02000226,91.78558997563523,2.47128437173686,2.540898016011138
E02000227,68.38529176658673,26.818545163868908,1.4788169464428458
E02000228,82.32633279483036,12.536348949919224,2.294022617124394
E02000229,65.60693641618496,22.95623451692816,3.7985136251032205
E02000230,53.48635773061932,31.853616284105673,6.258120398440884
E02000231,77.84266575060117,11.370663002404672,5.221573342493988
E02000232,88.81685575364668,5.834683954619125,1.3776337115072934
E02000233,71.8019801980198,19.326732673267326,3.762376237623762
E02000234,66.35395537525355,22.38843813387424,5.476673427991886
E02000235,78.33515085423483,15.667030170846965,2.5081788440567068
E02000236,90.75161479741632,4.051673517322373,2.319436288901938
E02000237,83.53312302839116,10.031545741324921,2.2082018927444795
E02006788,76.2203166226913,16.820580474934037,2.440633245382586
E02006987,4.022320390606835,71.96000930016275,14.205998604975587
E02006988,18.18431157432803,49.39659901261656,23.093801426220516
E02000238,57.80289997542394,27.54976652740231,6.46350454657164
E02000239,79.90926766040182,9.46208684381076,5.573558003888529
E02000240,52.228826151560185,39.64834076275384,4.581475978207033
E02000241,65.91497227356746,22.957486136783732,7.245841035120149
E02000242,77.15996578272028,10.222412318220702,8.041060735671515
E02000243,60.47443006777572,27.017868145409736,8.872458410351202
E02000244,61.138211382113816,23.447154471544714,10.861788617886178
E02000245,35.89449541284404,56.53669724770643,3.755733944954128
E02000246,51.899529042386185,40.34536891679748,4.175824175824175
E02000247,40.644361833952914,51.42503097893433,4.411400247831475
E02000248,37.26838015540944,40.675433353257624,11.297071129707113
E02000249,51.68094924192486,34.146341463414636,10.184574818721162
E02000250,64.68584405753217,25.01892505677517,6.510219530658593
E02000251,79.51127819548873,10.488721804511277,5.601503759398496
E02000252,31.4894532931554,50.73181231166595,12.699095996556178
E02000253,53.050932929904185,38.72919818456884,5.017650025214322
E02000254,82.02578268876611,7.624309392265194,6.556169429097605
E02000255,45.93973442288049,39.989785495403474,10.801838610827375
E02000256,28.777148253068933,40.226628895184135,26.038715769593956
E02000258,46.103896103896105,21.356421356421357,26.370851370851373
E02000259,59.61227786752828,20.55735056542811,16.558966074313407
E02000260,58.752917639213074,21.807269089696565,11.237079026342114
E02000261,27.799811142587345,50.40604343720491,15.750708215297452
E02000262,25.005772338951743,36.31955668436851,29.78526899099515
E02000263,65.73584905660378,16.251572327044027,9.735849056603774
E02000264,33.94276629570747,27.609962904080554,32.32644409114997
E02000265,34.921267689854496,37.213474187761605,22.22443691449073
E02000266,40.927207887560314,43.04594084329767,6.146423327040067
E02000267,53.023532916294315,24.33720583854632,18.588025022341377
E02000268,51.83913683178029,22.486512996566947,20.451201569396762
E02000269,57.86468741079075,16.414501855552384,20.039965743648303
E02000270,12.108420351033104,63.80804265718729,15.50766496334148
E02000271,54.179860671310955,18.746041798606715,21.374287523749206
E02000272,73.46168365420912,13.17478293695734,9.28652321630804
E02000275,47.26664187430272,28.374860542952767,11.751580513201935
E02000276,47.913769123783034,23.783031988873436,22.983310152990263
E02006791,31.265440570958003,36.67307164424925,26.73620642327752
E02006968,34.63541666666667,32.734375,25.338541666666664
E02006969,9.527997654646732,51.597771914394606,26.121372031662272
E02006970,46.34476534296029,32.62635379061371,12.454873646209386
E02006971,70.29535864978904,15.18987341772152,8.312236286919832
E02000277,70.55819044144472,20.102152499087925,5.180591025173294
E02000278,59.11697247706422,33.68692660550459,2.981651376146789
E02000279,53.54743912678421,34.29890848026868,4.827875734676742
E02000280,65.59620217816253,24.099413571628038,5.696732756213349
E02000281,53.94736842105263,34.473684210526315,4.973684210526316
E02000282,42.06783369803063,45.56892778993436,7.2210065645514225
E02000283,82.06707734428474,8.692676249144421,5.065023956194388
E02000284,55.631399317406135,30.795484379102128,8.532423208191126
E02000285,87.71304003170829,7.055093143083631,2.7348394768133173
E02000286,39.85524165304693,48.93766051832827,4.622927854307728
E02000287,57.500792895654925,29.78116079923882,3.837614969869965
E02000288,58.78489326765188,26.50715458597232,9.781843771991555
E02000289,90.10458567980692,6.6773934030571205,0.7642799678197908
E02000290,37.98165137614679,49.65137614678899,4.770642201834862
E02000291,30.25685676969961,53.482803656943844,10.513713539399216
E02000292,80.4681194511703,9.335485606672048,6.2953995157385
E02000293,70.61795569374272,21.919937815779246,4.314030314807617
E02000294,75.91263650546021,15.132605304212168,5.241809672386895
E02000295,54.87312572087658,35.61130334486736,6.055363321799308
E02000296,38.35899793151,49.36796138818663,5.125258561250287
E02000297,78.96627971254837,13.073521282476506,4.007739082365948
E02000298,70.69782128197032,12.377644458478054,13.356488790653614
E02000299,64.321608040201,19.458403126744837,8.738135120044669
E02000300,62.39103362391034,21.170610211706105,9.869240348692404
E02000301,51.295976302147615,36.75635645519625,3.9002715378918786
E02000302,73.13846153846154,16.123076923076923,6.584615384615384
E02000303,50.878274268104775,31.710323574730353,9.121725731895223
E02000304,70.06578947368422,13.94736842105263,11.743421052631579
E02000305,40.71775499190502,19.077172153264975,33.378305450620616
E02000306,28.418983431620333,62.79135074417298,4.268463914630722
E02000307,84.78632478632478,4.814814814814815,5.641025641025641
E02000308,50.302506482281764,33.679055027369635,8.959953903774128
E02000309,60.46074283027738,24.72966619652092,8.50963798777621
E02000311,63.78772112382934,24.271592091571282,6.529656607700312
E02000312,39.18224779124718,26.03246352989521,27.141976576946785
E02006793,39.793064876957494,50.69910514541387,4.278523489932886
E02000313,39.28976199471099,52.66339251983377,6.1201360030222896
E02000314,57.51328374070138,37.279489904357064,1.6153028692879916
E02000315,54.39124487004104,38.22161422708618,2.9001367989056086
E02000317,33.84166125892278,51.8494484101233,5.872809863724854
E02000318,69.04315196998124,15.920664701152507,11.015813454837845
E02000319,51.45560407569141,36.29306162057254,7.399320718098011
E02000320,65.10574018126889,28.474320241691842,2.983383685800604
E02000321,40.40501446480231,48.666023786563805,6.075216972034716
E02000323,29.492455418381347,51.793062904174015,13.188320595728003
E02000324,45.32085561497326,41.17647058823529,8.890374331550802
E02000326,53.78573672635878,28.212378259503613,13.697769399937165
E02000327,36.493374108053004,41.18246687054026,11.858647638464152
E02000328,32.35757003462386,39.72300912810828,20.585457979225687
E02000329,76.90485590209238,12.356889064350572,8.014212396367943
E02000331,50.96985974336019,37.749925395404354,6.4159952253058785
E02000332,65.44766708701135,19.35687263556116,9.741488020176545
E02000333,33.20525136087096,27.249439641370476,31.86039065001601
E02000334,76.06163096580232,11.123637730176625,8.342728297632469
E02000335,85.06736526946108,9.244011976047904,2.657185628742515
E02000337,82.27488151658767,12.73301737756714,2.527646129541864
E02000339,65.91162272558485,23.05978462681025,7.240995172669885
E02000340,46.086685375740565,40.2245088868101,7.857811038353601
E02000341,56.65473478685323,28.961926456231694,10.087862024080703
E02000342,58.69565217391305,34.00328137817883,3.32239540607055
E02000343,66.85775707631674,24.507345037620926,4.980293801504837
E02000344,76.96850393700787,13.858267716535433,5.47244094488189
E02006786,63.08769589863288,25.50850283427809,7.202400800266756
E02006927,42.27264273758601,49.33978054677329,2.957039241212572
E02006928,5.869835077141337,84.96187267245966,2.5181769817343502
E02006930,41.190527916576144,40.842928524875084,9.754507929611123
E02006931,37.468982630272954,39.431536205729756,16.422287390029325
E02006991,4.694048616932104,72.59010896898575,13.04833752444817
E02006992,19.60548472456098,68.72744767861438,2.3574693288429156
E02006993,12.02317720907774,73.2737807822308,2.221149203283438
E02006994,16.666666666666664,67.92717086834735,7.3389355742296924
E02000345,30.606860158311346,34.26781002638523,20.54749340369393
E02000346,2.343407796758651,80.17958826106,4.445904511607534
E02000347,18.40962245238891,41.56364851319746,26.127631139325093
E02000348,14.027732989358272,62.62495969042244,11.125443405353112
E02000350,20.63729151107792,29.05153099327857,42.27035100821509
E02000351,10.926209765710531,41.42763301948763,40.267133785855044
E02000352,21.428571428571427,54.93697478991597,17.822128851540615
E02000353,37.955993051534456,25.07237984944991,28.343949044585987
E02000354,16.102873030583876,49.606116774791474,26.714550509731232
E02000355,37.33747880158281,18.40022611644997,32.24985867721877
E02000356,25.27539779681763,34.1187270501836,34.27172582619339
E02000357,15.588954910870326,75.74274729115695,3.87976232086683
E02000358,20.160060975609756,47.37042682926829,24.19969512195122
E02000359,51.81922635005745,23.094599770202986,18.422060513213328
E02000360,10.269749518304431,66.97495183044316,16.184971098265898
E02000361,11.969397828232971,49.3583415597236,29.442250740375126
E02000362,29.046194749086073,51.14656031904287,12.961116650049851
E02000363,9.275675675675675,80.90810810810811,5.837837837837838
E02000364,23.071748878923767,38.56502242152467,30.269058295964125
E02000366,28.960726689820998,43.120491584290676,22.49532460593107
E02000367,16.96320258794986,57.19773554387384,18.701981399110394
E02000368,14.85989894350023,73.86311437758383,6.66054203031695
E02000369,6.888472352389878,79.44392377382069,6.294907841299594
E02000370,4.396610945729334,78.08564231738035,8.90771696817037
E02006918,13.437590501013611,69.35997683174051,8.977700550246162
E02006921,12.16347713266299,63.80149205319494,14.271813168991244
E02007108,14.922480620155037,51.93798449612403,23.643410852713178
E02007109,27.791427791427793,45.918645918645915,16.516516516516518
E02007110,1.5155342258145996,77.79742359181611,5.607476635514018
E02007111,2.3341873042983208,61.400512382578995,16.42470822658696
E02000372,39.148471615720524,36.55021834061135,8.930131004366812
E02000373,13.768389287061487,79.17766880422482,2.7536778574122973
E02000374,40.05001786352268,33.726330832440155,19.685602000714542
E02000375,13.950617283950617,48.172839506172835,24.22222222222222
E02000376,12.5,32.466814159292035,43.19690265486726
E02000377,19.707091469681398,36.30524152106886,32.60534429599178
E02000378,8.304030294833648,45.87503381119827,33.78414931025156
E02000379,28.400954653937948,47.25536992840095,16.91527446300716
E02000380,33.22683706070288,20.908768193113243,34.54029108981186
E02000381,20.371275036638984,32.975085490962385,33.317049340498286
E02000382,26.114448308567816,43.28169459374012,18.210559595320895
E02000383,4.27752762996316,56.97912402783463,22.86123618501842
E02000384,13.200934579439252,56.35514018691589,19.36915887850467
E02000385,10.792019347037485,44.256348246674726,31.106408706166867
E02000386,10.776302349336058,52.14504596527069,23.03370786516854
E02000387,24.526315789473685,51.33333333333333,14.877192982456142
E02000388,16.842105263157894,42.86893704850361,25.593395252837976
E02000389,30.482299833689712,32.52554050843431,24.328819196958896
E02000390,36.297279362972795,29.794293297942932,24.15394824153948
E02000391,36.37336186146028,29.687082107515376,21.690291521797274
E02000392,24.35349673937486,37.19361367213852,29.278165055093318
E02000393,31.680731364275665,22.855133614627285,36.427566807313646
E02000394,8.251404494382022,49.22752808988764,18.820224719101123
E02000395,27.263843648208468,44.299674267100976,14.462540716612377
E02000396,32.15329652484573,37.089964274114976,20.656057161416044
E02000397,24.74198804997284,39.462248777838134,30.146659424225962
E02000398,33.301587301587304,46.19047619047619,11.936507936507937
E02000400,41.5948275862069,43.38054187192118,11.083743842364532
E02000401,70.88948787061994,19.67654986522911,4.77474008471313
E02000402,62.293794186959936,28.790259230164967,4.20267085624509
E02000403,31.847725162488395,26.9885484370164,33.70473537604457
E02000404,47.02359985910532,35.92814371257485,10.919337794998238
E02000405,53.434816549570655,16.003122560499612,26.658860265417644
E02000406,59.934853420195445,16.178067318132463,17.842924357582337
E02000407,30.093289196509176,30.334035510081254,30.00300932891965
E02000408,37.4096196164728,46.93492612386042,9.996856334486012
E02000409,35.96352101506741,45.83663758921491,12.172878667724028
E02000410,34.56090651558073,25.21246458923513,32.71954674220963
E02000411,34.04356060606061,52.01231060606061,7.504734848484848
E02000412,27.11593740019163,43.181092302778666,21.430852762695622
E02000413,54.34571890145396,24.55573505654281,16.833602584814216
E02000414,50.773369199731,12.84465366509751,27.77404169468729
E02000415,40.609473335541566,21.994037760847963,31.301755548194766
E02000416,22.393822393822393,52.29247104247104,19.86003861003861
E02000417,33.52564102564102,26.05769230769231,32.33974358974359
E02000418,54.498714652956295,18.50899742930591,21.59383033419023
E02000419,29.358717434869742,27.029058116232463,34.91983967935872
E02000420,37.09761163032191,35.48805815160955,16.614745586708203
E02000421,25.404292855042637,46.015877683034404,20.905615995295502
E02000422,37.97508783136378,37.20855956563398,17.02331523474928
E02000423,41.04741684359519,26.15003538570417,27.459306440198162
E02000424,25.795383655645665,19.80661260137243,47.50467872738615
E02000425,55.527638190954775,18.257956448911223,16.792294807370183
E02000426,39.96010638297872,35.23936170212766,16.023936170212767
E02000427,31.941747572815533,18.381877022653722,42.52427184466019
E02000428,25.44359949302915,46.4828897338403,20.659062103929024
E02000429,25.344827586206897,41.49425287356322,25.114942528735636
E02000430,20.6801216477744,23.500138236107272,45.61791539950235
E02000431,22.672440457779153,26.41509433962264,38.91122796164553
E02000432,17.81045751633987,21.241830065359476,52.352941176470594
E02006794,24.911137440758292,54.91706161137441,12.76658767772512
E02000433,39.924717691342536,43.7892095357591,5.1944792973651195
E02000434,52.13896810993,37.1791547835105,5.029815919108115
E02000435,67.81725888324873,25.00846023688663,2.33502538071066
E02000436,85.68738229755178,9.03954802259887,1.5536723163841808
E02000437,72.2291407222914,18.493150684931507,5.510585305105852
E02000438,65.60227631994941,25.703446095478977,4.995257666772051
E02000439,60.33467616981717,23.117446544778435,7.809110629067245
E02000440,86.31346578366445,7.757805108798486,2.270577105014191
E02000441,57.370923913043484,35.46195652173913,2.0380434782608696
E02000442,80.64051817200432,7.5566750629722925,7.84454839870457
E02000443,59.448608137044964,22.83190578158458,12.633832976445397
E02000444,73.97903867003976,15.106613661004697,7.444886158294181
E02000445,53.745039682539684,30.381944444444443,10.615079365079366
E02000447,76.61832331093031,13.937035726918994,6.650159179342059
E02000448,59.528688524590166,27.834699453551913,6.864754098360656
E02000449,76.2251148545176,13.667687595712097,6.852986217457886
E02000451,79.37293729372938,10.80858085808581,5.9405940594059405
E02000452,31.801175841795832,33.11063602351684,27.39176910742918
E02000453,48.24182603331277,25.6631708821715,20.11104256631709
E02000454,85.86830958798613,8.856372737774356,2.464381979206777
E02000455,22.45050429585357,58.25550989914083,8.162121778109825
E02000456,65.85714285714286,17.607142857142858,13.750000000000002
E02000457,64.98731424429141,22.218194998187748,5.654222544400145
E02000459,42.36958934517203,43.92341842397337,8.601553829078801
E02000460,60.33123028391167,31.624605678233436,3.2728706624605675
E02000461,40.31091829356471,40.6001446131598,11.677512653651483
E02000462,65.76763485477179,17.30290456431535,11.742738589211617
E02000463,78.7263339070568,14.182444061962135,4.647160068846816
E02006795,80.10989010989012,11.794871794871794,4.945054945054945
E02006882,83.54677664423703,5.643585847623182,6.229650531799436
E02000464,74.41631042420256,13.350871423873725,6.675435711936863
E02000465,74.41031267142073,19.967087218869995,1.5085024684585846
E02000466,72.28880444314528,21.894182987430575,2.104647763811751
E02000467,62.11589113257243,30.070237050043897,1.9754170324846356
E02000468,84.77403700333636,8.067940552016985,3.1847133757961785
E02000469,71.73295454545455,22.585227272727273,1.4914772727272727
E02000470,70.6765181251443,21.057492495959362,3.6481182175017315
E02000471,93.12726076948373,2.8937849391647483,0.7234462347911871
E02000472,82.83378746594006,10.381471389645776,2.888283378746594
E02000473,77.27923627684964,17.088305489260144,1.5990453460620526
E02000474,70.57249866238631,20.652755484216158,3.210272873194221
E02000475,58.4256422342682,30.120197973132218,4.737214235210936
E02000476,29.378895336342143,49.81732215774769,11.02514506769826
E02000477,86.26231207879731,7.335406946604459,2.695697252462416
E02000478,85.47237076648841,9.848484848484848,0.49019607843137253
E02000479,58.50986121256392,26.759191624056488,6.988069150231313
E02000480,53.877934272300465,37.31455399061033,2.9295774647887325
E02000481,81.19279598464718,12.813699439031593,1.8600531443755535
E02000482,88.48167539267016,6.3949139865370235,1.5706806282722512
E02000483,55.73369565217391,31.84782608695652,6.7934782608695645
E02000484,86.04857819905213,7.849526066350711,2.4585308056872037
E02000485,72.27777777777777,18.11111111111111,5.583333333333333
E02000486,80.69386443944748,11.56440732412464,3.7905557340186316
E02000487,93.82957884427032,1.5017956252040483,0.7835455435847208
E02000488,90.70214812439885,4.680987495992305,1.1862776530939403
E02000489,77.76150014649869,15.353061822443598,2.431878113096982
E02000490,83.37809609071918,10.355117875261117,2.5067144136078783
E02000491,64.59078978764018,26.747792889525172,2.553089954664758
E02000492,88.28861493836114,5.583756345177665,1.0877447425670776
E02000493,71.9079939668175,18.778280542986426,3.469079939668175
E02000494,64.16813639035861,25.631981187536745,4.732510288065844
E02000495,50.129757785467135,33.49913494809689,9.558823529411764
E02000496,72.34687689508793,18.253486961795026,5.730745906610067
E02000497,68.82307092751364,23.720446869316707,3.4294621979735
E02000498,72.61774370208104,21.978824388462943,1.7159547280029208
E02000499,76.36248415716096,15.716096324461343,3.4854245880861847
E02000500,66.83922922059247,20.707506471095773,7.535231521426517
E02000501,80.32931490738018,12.37871214348721,3.557777124375184
E02000502,62.15117854240043,30.479544838797075,3.007315090761311
E02000503,88.97190675433353,5.7083084279737,2.6598924088463836
E02000504,83.82015096816541,8.762717426977355,3.2490974729241873
E02000506,77.1216521458535,14.42400774443369,1.96837689577283
E02000507,84.4267955801105,8.7707182320442,2.8314917127071824
E02000508,45.835113199487395,42.67407090986758,4.143528406663819
E02000509,47.414019427671306,33.578367025466,8.322394329220268
E02000510,77.85254534815682,14.248098303101228,3.3352837916910474
E02000511,76.57550535077289,17.18192627824019,3.2401902497027346
E02000512,69.30632289748311,20.810313075506446,5.217925107427869
E02000513,51.73711638679791,39.40359004053271,5.12449334105385
E02000514,81.08925869894101,7.806354009077156,7.322239031770045
E02000515,41.5916955017301,45.501730103806224,5.380622837370242
E02000516,77.53919563735515,15.50783912747103,3.067484662576687
E02000517,67.93981481481481,23.49537037037037,4.658564814814815
E02000518,73.96670493685419,17.709529276693456,3.874856486796785
E02000519,67.91139240506328,25.18987341772152,2.5316455696202533
E02000520,53.65008156606852,31.199021207177815,5.954323001631321
E02000521,62.18213431862638,30.406433384046945,1.9560965007607043
E02000522,57.63307214266414,31.53201837341259,5.160767360172926
E02000523,59.842918672409425,27.489232328350642,5.953889029642767
E02000524,60.034246575342465,22.534246575342465,7.602739726027398
E02000525,54.42465366129488,34.77523324851569,4.580152671755725
E02006796,62.16867469879518,29.772423025435074,3.908969210174029
E02000526,43.38800615069196,22.347514095335725,26.960533059969244
E02000529,57.62496020375677,36.23049984081503,2.76981852913085
E02000530,45.046082949308754,48.04147465437788,3.6098310291858677
E02000531,39.831302717900655,42.32427366447985,10.384254920337394
E02000532,48.97808421571042,34.69588771238612,10.342280226545187
E02000533,41.48393676695564,38.2457929627741,14.354920958694544
E02000534,54.878826530612244,31.21811224489796,9.534438775510203
E02000535,76.0463618802318,17.739858338699293,2.962009014810045
E02000536,67.5104228707564,23.257891602144134,5.836807623585467
E02000537,68.20968730839977,21.67381974248927,6.9589209074187615
E02000538,68.01658163265306,22.034438775510203,5.771683673469387
E02000539,50.62283030426792,39.88156013886053,6.187461711251787
E02000540,37.79236766516208,45.137464095199014,9.109560935576528
E02000541,58.46833578792342,30.39764359351988,7.80559646539028
E02000542,40.748740100791935,44.46844252459803,9.64722822174226
E02000543,36.367120137957464,42.42191990802836,14.945391837516766
E02000544,83.97073495177918,8.713002993016296,4.489524442966411
E02000545,42.79157667386609,49.08207343412527,3.968682505399568
E02000546,68.98675700646751,20.665229442562367,7.607021866338158
E02000547,59.90423387096774,30.846774193548388,6.325604838709678
E02000548,59.932221063607926,34.35870698644422,2.8415015641293015
E02000549,71.56817124243834,18.241042345276874,5.211726384364821
E02000550,57.89473684210527,36.55549765502866,2.4752475247524752
E02000551,51.22437357630979,42.28359908883827,3.7015945330296125
E02000552,61.723737666860124,33.08183401044689,2.6697620429483457
E02000553,69.50539233915954,23.651915210115284,3.532911863146151
E02006792,29.029365613091233,41.56018829858776,22.416498542927595
E02006972,17.925591882750847,65.31379180759113,4.434423149192033
E02006973,17.889676113360323,71.20445344129554,5.161943319838056
E02000554,11.1208984805109,58.995815899581594,22.329883285619907
E02000555,25.116279069767444,44.906976744186046,23.74418604651163
E02000556,19.281767955801104,32.55985267034991,39.300184162062614
E02000557,11.675016336310172,52.49401001960358,26.029187540840777
E02000558,9.910756223579146,64.39643024894318,18.623767026773134
E02000559,30.425631431244156,36.2488306828812,26.84752104770814
E02000560,15.868746637977408,41.527703066164605,30.68854222700377
E02000561,27.167801124593076,15.32997928381178,50.96182302456348
E02000562,14.885297184567259,49.21793534932221,26.798748696558917
E02000563,8.415484491464294,66.48232748256792,17.864871363308488
E02000564,6.275950175662727,62.37623762376238,21.766208878952412
E02000565,10.229369891906142,50.27682573161086,31.689955180595835
E02000566,26.69236328595519,34.497711394844615,31.24548301614069
E02000567,14.539670658682635,35.96556886227545,41.09281437125748
E02000568,15.589887640449437,68.29855537720707,9.81139646869984
E02000569,14.454277286135694,63.834808259587014,12.212389380530974
E02000570,23.534675615212528,30.469798657718123,35.257270693512304
E02000571,20.488466757123476,58.52555404794211,14.17910447761194
E02000572,9.307813319349764,75.69480859989513,7.446250655479811
E02000573,21.371388792203273,40.75878872258963,23.477201531500175
E02000574,7.159514925373134,49.48694029850746,27.425373134328357
E02000575,4.84027105517909,64.26266537592772,14.359470797031301
E02000576,1.3848521114720465,76.16686613096256,7.095229953838262
E02000577,5.403111739745404,76.52050919377652,7.807637906647807
E02000578,12.989108511496571,68.37434449374747,11.778943122226703
E02000579,16.975815919229866,37.28574782812867,35.43085231274947
E02000580,6.524041516627833,41.19889853844524,36.771870366447786
E02000581,11.238670694864048,70.03021148036254,9.607250755287009
E02000582,13.154747668022004,35.25472375029897,29.72972972972973
E02000583,26.214867349619126,26.45127396900446,29.28815340162858
E02000584,18.5080469769465,36.84210526315789,17.094388864723793
E02000585,15.223880597014924,36.785304247990815,25.74052812858783
E02000586,13.300173010380622,33.391003460207614,15.592560553633216
E02000587,21.015203531142717,39.4310936733693,13.83030897498774
E02000588,12.376151573092299,30.332000695289413,10.759603685033897
E02000589,5.921568627450981,44.3921568627451,21.3921568627451
E02000590,10.245464247598719,48.0042689434365,6.830309498399147
E02000591,1.9659818864590235,49.458802739120834,20.123702231058097
E02000592,9.322617680826637,32.721010332950634,23.145809414466132
E02000593,4.973935708079931,44.5264986967854,30.560382276281494
E02000594,17.112546125461257,37.08487084870848,13.122693726937271
E02000595,21.56586966713549,38.09188935771214,11.415846225972809
E02000596,18.3956424857638,36.37038871007675,21.267640505075512
E02000597,8.771444382955176,56.779192030990586,17.376867736579968
E02000598,78.88781118655027,14.451988360814743,2.748140963465891
E02000599,81.12687155240347,6.73758865248227,4.806934594168637
E02000600,40.37598204264871,45.67901234567901,8.698092031425366
E02000601,42.38760861352475,44.14431431809596,5.232338496411031
E02000602,36.55251141552511,46.529680365296805,9.292237442922374
E02000603,77.2296635086573,15.779157138190133,3.4629206141783735
E02000604,60.712358337830544,26.578521316783593,8.742579600647598
E02000605,75.72755417956655,16.377708978328172,4.396284829721362
E02000606,25.265188042430086,49.27675988428158,18.225650916104147
E02000607,65.4177594604721,20.044960659423005,11.315099288122893
E02000608,18.98135263011411,50.347898691900916,25.466184247147233
E02000609,74.51258419000355,19.42573555476781,3.084012761432116
E02000610,25.858684985279684,53.091265947006875,15.996074582924436
E02000611,90.4446894524072,3.8221242190371187,3.197353914002205
E02000612,84.3050740624015,11.188150015757959,1.4497321147179325
E02000613,58.830584707646175,24.947526236881558,12.083958020989504
E02000614,70.66139061616732,17.354437535330693,7.320520067834934
E02000615,81.39841688654353,12.434036939313984,3.660949868073879
E02000616,84.89413680781759,10.586319218241043,1.9543973941368076
E02000617,72.89473684210527,22.309941520467834,2.543859649122807
E02000619,12.583518930957686,70.48997772828508,7.1937639198218255
E02000620,8.809746954076852,67.21649484536083,9.990627928772259
E02000621,8.823124569855471,57.150722642807985,16.73778389538885
E02000622,21.880698098463142,46.52253190935139,26.25683771815577
E02000623,12.507026419336706,70.9106239460371,10.17425519955031
E02000624,11.862897841086134,67.43823725795683,15.80235922546183
E02000625,6.147744174516609,78.11105602379772,9.866137828458106
E02000626,13.680420936028801,66.82359457214068,15.009692605926336
E02000627,16.798466331176613,54.133716750539186,22.909178049364964
E02000628,10.211864406779661,72.13983050847457,12.627118644067798
E02000629,19.410150891632373,41.31229995427526,31.092821216278004
E02000630,23.68279569892473,44.05913978494624,24.462365591397848
E02000631,34.03474431123073,29.53266454612185,27.96672375825789
E02000632,23.938393839383938,24.246424642464245,45.54455445544555
E02000633,18.807884113037282,54.025172168131085,21.25385894086915
E02000634,16.160096298525428,60.06620523623232,17.24345470959976
E02000635,27.892059278920595,42.60119442601194,25.503207255032073
E02000636,37.90251107828656,22.629246676514033,30.428360413589367
E02000637,26.89655172413793,20.862068965517242,43.49753694581281
E02000638,21.279999999999998,53.16571428571428,19.428571428571427
E02000639,7.666015625,72.1435546875,11.1572265625
E02000640,29.668152550767708,42.199108469539375,22.337790985636456
E02000641,18.739635157545607,69.7346600331675,5.306799336650083
E02000642,34.92353343985391,32.18443277790459,28.075781784980595
E02000643,21.80952380952381,45.19047619047619,26.976190476190474
E02000644,34.696605185779205,28.468323977546113,30.312750601443465
E02000645,32.20844811753903,29.866850321395777,30.831037649219468
E02000646,33.1872412953494,33.69856342829316,28.293158022887756
E02000647,44.934282584885,29.326396495071194,19.441401971522453
E02000648,37.03484937979917,48.64146485528648,8.387477849970466
E02000649,18.707725169099323,35.72445710217159,39.97864008543966
E02000650,33.11276537082989,30.0799558864075,27.157430383236836
E02000651,39.23742563547864,24.364521362898863,30.475932936722554
E02000652,81.28041931860727,8.947959565705728,4.979408461250468
E02006801,8.313725490196077,57.03921568627452,7.411764705882352
E02000653,16.450822541127057,72.22611130556528,3.972698634931746
E02000654,13.24775353016688,69.6790757381258,9.422336328626445
E02000655,29.974281038110824,53.144727612812716,10.521393500116904
E02000657,25.01684257803728,38.13159667639793,26.40916236245228
E02000658,26.560424966799467,34.15670650730412,31.04913678618858
E02000659,24.71022128556375,48.8145416227608,19.75763962065332
E02000660,22.860071758072785,39.774474628395694,29.702716555612508
E02000661,29.38689217758985,43.461189972817884,19.118091211114464
E02000662,33.13304721030043,37.82546494992847,23.57653791130186
E02000663,43.35526315789473,17.82894736842105,31.57894736842105
E02000665,46.1028192371476,25.04145936981758,23.189607517965726
E02000666,52.965375385670214,19.506342132327735,21.220431950634215
E02000667,67.67976278724981,8.636026686434397,17.16085989621942
E02000668,55.509065550906556,25.90655509065551,13.668061366806135
E02000669,32.36914600550964,30.49586776859504,28.29201101928375
E02000670,36.930141029845856,20.793702853394556,33.51918661856346
E02000671,42.79509453244763,24.47623914154318,26.852324987225344
E02000672,33.523225241016654,33.80806310254163,24.67134092900964
E02000673,34.878114117331904,34.235199571390304,24.564693276185373
E02000674,71.56559405940595,4.4245049504950495,18.59529702970297
E02000675,58.743774211400115,28.942999446596566,6.945213060320973
E02000676,43.73348987378925,17.170531259172293,32.81479307308482
E02000677,57.69097822329762,11.02661596958175,22.606291047355686
E02000678,69.71030436376971,21.892189218921892,4.253758709204254
E02000679,39.43582510578279,40.93088857545839,14.866008462623414
E02000680,29.959387691346457,48.92221180880975,12.058731646360513
E02000681,64.05854207711793,18.322544328736278,11.933577258654658
E02000682,56.18964003511853,34.44541995902839,3.511852502194908
E02000683,59.26435201100034,29.013406668958403,5.36266758336198
E02000685,30.019068373740126,44.64723508580768,18.496322527921546
E02000686,34.542635658914726,53.6124031007752,6.232558139534883
E02000687,38.60776439089692,28.94243641231593,24.899598393574294
E02006783,84.06813627254509,8.550434201736808,4.108216432865731
E02006784,65.05474452554745,27.00729927007299,3.010948905109489
E02006798,17.961876832844574,66.12903225806451,8.186705767350928
E02007008,8.464369354299096,77.78521244563399,2.7099364335898293
E02007009,22.950440018527097,47.591477535896246,21.792496526169522
E02000689,54.825737265415555,28.739946380697052,10.563002680965146
E02000690,64.32964329643296,17.466174661746617,9.43009430094301
E02000691,41.29606099110546,27.445997458703943,25.190597204574335
E02000692,30.263812842210054,44.77351916376306,13.68840219014435
E02000693,30.837289598618906,39.49072075960294,22.07596029348295
E02000694,55.1253956659362,20.452885317750184,17.72583394205016
E02000695,74.799099967856,8.711025393764062,10.896817743490839
E02000696,47.67576990122022,32.42300987797792,14.875072632190586
E02000697,44.256500883615246,28.65438020701843,19.641504670537742
E02000698,60.051843317972356,22.436635944700463,9.130184331797235
E02000699,55.99885189437428,19.230769230769234,18.398392652123995
E02000700,42.259533295389865,48.577120091064316,4.695503699487763
E02000701,62.75650842266462,23.736600306278714,8.912710566615619
E02000702,51.89447095144541,37.74908784731967,4.827392646646085
E02000703,73.23577235772358,15.252032520325203,7.02439024390244
E02000704,46.055045871559635,36.04193971166448,11.559633027522937
E02000705,79.59743824336688,10.430009149130832,4.94053064958829
E02000706,44.82104121475054,44.63123644251627,6.399132321041215
E02000707,71.9707520891365,21.58774373259053,3.238161559888579
E02000708,73.90666275315527,13.795127678309363,7.8661579101849135
E02000709,83.77830348090572,11.28759716120311,1.8925312605610003
E02000710,49.62572775159412,36.73412808428056,9.037981702245633
E02000711,64.492953854656,24.785852445426915,6.355346780878696
E02000712,71.82697780307342,21.428571428571427,3.699487763232783
E02000713,82.82758620689656,11.344827586206897,3.4482758620689653
E02000714,51.53791130185979,28.397711015736764,14.663805436337626
E02000715,50.84821428571429,29.330357142857146,13.125
E02000716,54.2868920032976,26.25721352019786,14.344600164880461
E02000717,46.08492403583951,34.28126217374367,12.777561355668096
E02000718,40.093537414965986,48.554421768707485,6.930272108843536
E02000719,38.93719806763285,39.549114331723025,14.106280193236714
E02000720,60.51371353939922,11.754462342185459,20.15672616456247
E02000721,44.437086092715234,26.456953642384107,20.662251655629138
E02000722,39.14285714285714,41.01587301587302,13.015873015873018
E02000723,70.10309278350515,11.639507815098105,13.435317592284669
E02000724,71.73994738819992,11.61217587373168,11.950394588500563
E02000725,28.627450980392155,57.39331026528258,6.320645905420992
E02000727,56.17283950617284,21.069958847736626,16.99588477366255
E02000728,72.3996723996724,11.547911547911548,11.957411957411958
E02000729,53.81301163291684,19.431279620853083,21.628608358466177
E02000730,60.40366972477064,15.302752293577981,18.458715596330276
E02000731,59.9601593625498,16.766268260292165,15.239043824701195
E02000732,41.16424116424117,45.77269577269577,8.419958419958421
E02000733,42.27554596926395,45.40307360474522,5.634942032892963
E02000734,38.452743902439025,48.666158536585364,7.964939024390244
E02000735,52.88256227758007,29.39501779359431,12.384341637010676
E02000736,65.25054466230938,25.671750181554103,5.3013798111837325
E02000737,65.9090909090909,24.844333748443336,4.638854296388542
E02000738,69.22286888052037,18.24717562478603,7.874015748031496
E02000739,54.15868148715983,30.969720199310082,9.888846301264852
E02000740,43.09124767225326,45.36312849162012,4.4692737430167595
E02000741,69.47405828002843,18.052594171997157,7.889125799573561
E02000742,61.35338345864662,27.18045112781955,6.541353383458646
E02000743,27.29145211122554,58.5221421215242,6.307929969104016
E02000744,46.40915593705293,35.250357653791134,13.505007153075823
E02000745,60.79582517938682,26.679712981082844,6.360078277886497
E02000746,33.975054229934926,56.61605206073753,1.4099783080260302
E02000747,18.838254172015404,66.03016688061616,2.5513478818998716
E02000748,72.4694589877836,21.55322862129145,2.399650959860384
E02000749,47.64926449379867,46.091721949812516,2.2786270550908565
E02006995,5.851482550511677,78.4570978745736,0.6559958016268695
E02006996,18.949044585987263,60.19108280254777,4.670912951167728
E02006997,8.73445105462412,74.09410492157923,4.488912925905895
E02006998,23.53344768439108,64.39108061749572,3.499142367066895
E02006999,8.667972575905974,73.00032647730983,0.7835455435847208
E02000751,64.38086918541165,28.52151124699716,3.9528281284123166
E02000752,68.57654431512982,26.708445240226798,2.2082960310355118
E02000753,79.00748326112644,16.541945647892874,1.811736904293029
E02000754,72.56371814092954,20.089955022488756,4.385307346326837
E02000755,73.27086122266844,20.124944221329763,4.28380187416332
E02000756,70.46296296296296,21.166666666666668,5.722222222222222
E02000757,45.43066241321073,40.92700319009195,10.865077875774066
E02000758,75.96476510067114,18.582214765100673,2.6006711409395975
E02000759,57.44979919678714,31.265060240963855,8.112449799196787
E02000760,66.2704309063893,26.151560178306095,5.1634472511144125
E02000762,76.31094756209752,16.329346826126955,4.231830726770929
E02000763,69.19592298980749,25.55681389203473,2.491506228765572
E02000764,44.2152466367713,40.25112107623318,11.802690582959642
E02000765,65.0,23.919999999999998,8.08
E02000767,70.3428773418169,22.021915871332627,5.4789678331565925
E02000768,72.92213473315834,17.804024496937885,5.42432195975503
E02000770,64.74234792716001,21.34831460674157,10.344827586206897
E02000772,61.62223056702967,22.75628989861059,10.777318813368382
E02000773,66.59361302442079,24.201628052598622,6.606136505948654
E02000774,67.40506329113924,12.06487341772152,17.800632911392405
E02000776,56.96029210406207,13.418530351437699,24.64628023733455
E02000777,63.24822101297614,27.794056090414397,6.153202176642947
E02000779,33.80466951660638,24.99177902005919,32.390660966787244
E02000781,81.96181698485846,11.981566820276496,3.225806451612903
E02000782,45.684485006518905,41.12125162972621,6.466753585397653
E02000783,70.45454545454545,21.727272727272727,4.0
E02006800,64.43873179091688,19.387317909168807,12.874892887746359
E02006924,65.72413793103449,16.850574712643677,11.609195402298852
E02006925,83.77746610565686,10.93969144460028,3.1790556334735856
E02007017,76.45818692902319,19.32536893886156,1.1595221363316937
E02007018,53.63984674329502,39.08045977011494,4.099616858237548
E02007019,31.5381635025184,50.21309569934134,11.429678419217359
E02007020,75.10714285714286,8.357142857142858,13.750000000000002
E02000784,55.45919501890148,25.59484100511452,11.896820102290416
E02000785,54.87452809238286,20.719520319786806,16.811014878969576
E02000786,46.83206106870229,37.63358778625954,9.84732824427481
E02000787,44.93912411411957,39.74195893149191,9.32218789751045
E02000788,62.35910878112713,17.169069462647442,15.43905635648755
E02000789,42.78783958602846,33.79689521345408,15.362225097024579
E02000790,53.02178496134926,23.82290934645116,18.165846802529867
E02000791,28.128654970760238,31.725146198830412,26.92982456140351
E02000792,37.987987987987985,31.681681681681685,23.453453453453456
E02000793,72.18299048203869,16.119128031931226,7.921400061406201
E02000794,65.22938944463607,22.456019317005865,7.485339772335288
E02000795,75.46549835706462,14.749908725812341,4.308141657539248
E02000796,72.7783203125,20.4833984375,3.8818359375
E02000797,51.34480903711673,25.201721355567507,17.05217859064013
E02000798,71.90305206463195,18.761220825852785,6.373429084380611
E02000799,58.121330724070454,27.35812133072407,10.019569471624266
E02000800,62.864840592725635,32.68971710821733,1.2572968118545127
E02000801,55.089285714285715,22.26190476190476,12.5
E02000802,58.0064308681672,25.627009646302252,12.02572347266881
E02000803,71.15749525616698,22.983870967741936,3.0123339658444026
E02000804,54.03298350824588,29.505247376311843,11.424287856071965
E02000805,44.04689710935921,40.34768546593895,9.298564786739439
E02000806,68.36873023045639,19.13691821057388,8.608224130140082
E02000807,30.211335254562922,54.442843419788666,5.043227665706052
E02000808,4.398728884428834,66.36561297875899,7.810670680715839
E02000810,8.530390611315466,81.90576283061833,4.028726572079173
E02000812,4.898614735996787,76.55089339490063,9.556313993174061
E02000813,9.29406850459482,77.2765246449457,7.059314954051795
E02000814,20.534290271132377,67.44417862838915,3.508771929824561
E02000815,3.1476323119777163,77.7715877437326,9.108635097493037
E02000816,21.146380452158027,67.27563370632565,6.302808860470427
E02000817,16.980508754542452,75.25602907168813,4.3937892302609844
E02000818,10.737704918032787,68.56557377049181,12.66393442622951
E02000819,18.03058760397102,73.57123691977462,3.783203649047491
E02000820,13.517089305402424,72.08379272326351,7.673649393605292
E02000821,11.526855763427882,70.33796016898009,12.64333132166566
E02000822,10.336620197211833,77.52465147908875,6.460387623257395
E02000823,14.553388090349076,62.525667351129364,16.119096509240247
E02000824,15.434891905480141,73.32830568124685,6.535947712418301
E02000825,20.16268178456988,73.74907567167858,1.9965491742666996
E02000826,15.452380952380954,67.26190476190477,13.047619047619047
E02000827,6.519673065957042,77.96996768675157,10.910473294050561
E02000828,22.840447154471544,56.8089430894309,11.585365853658537
E02000829,27.6744651069786,47.8504299140172,19.196160767846433
E02000830,29.831932773109244,33.3415719228868,29.807217004448837
E02000831,34.60837887067395,32.78688524590164,24.863387978142075
E02000832,37.95871559633027,40.022935779816514,16.077981651376145
E02000833,20.56490003173596,71.81847032688036,4.252618216439226
E02000834,35.798816568047336,19.82248520710059,37.75603095129723
E02000835,42.76709738417901,30.538922155688624,22.187204538291837
E02000836,53.00363229952501,8.829281922324672,31.405420508521935
E02000837,67.70555060848916,10.210745028198279,15.523894330661916
E02000838,33.69382360009613,33.33333333333333,27.30112953616919
E02000839,35.503282275711165,53.44638949671773,4.814004376367615
E02006802,9.36615116532346,67.98083206273144,8.429536048791112
E02006941,2.1540800810947793,51.44450076026356,22.0476431829701
E02006942,3.5629453681710213,73.84534177883346,11.37503299023489
E02000840,74.00224845418775,20.489038785834737,3.147835862844295
E02000841,76.10229276895943,16.60787771898883,4.320987654320987
E02000842,80.53472448646886,11.411803064884252,4.499510922725791
E02000843,42.803119829827466,48.310092176790356,2.954384306310565
E02000844,74.05159332321699,19.30197268588771,4.279210925644916
E02000845,73.5097567495322,17.214648489708633,5.747126436781609
E02000846,77.14285714285715,16.7595818815331,3.1707317073170733
E02000847,77.28947368421053,16.42105263157895,3.1578947368421053
E02000848,82.35097119892833,11.520428667113194,3.784326858673811
E02000849,60.84608460846085,30.633063306330634,6.0906090609060906
E02000850,82.71072796934867,12.859195402298852,2.346743295019157
E02000851,22.135416666666664,62.593005952380956,8.947172619047619
E02000852,65.72195704057279,21.957040572792362,9.337708830548925
E02000853,66.81901279707495,24.741011578305912,6.002437538086532
E02000854,65.94202898550725,20.91997479521109,10.27095148078135
E02000855,71.315709510787,20.419325432999088,5.864478881798845
E02000856,50.80831408775982,32.358224275083394,14.37002822684116
E02000857,20.18348623853211,66.83133380381086,9.009644789461303
E02000858,51.72817809021676,40.80257762155829,4.422964264792033
E02000859,51.16911364872213,40.184883088635125,3.6160957041870585
E02000860,11.660533578656853,75.34498620055197,7.727690892364306
E02000861,81.38261464750171,12.66255989048597,3.9356605065023955
E02000863,83.63710004050223,12.960712839206156,1.6200891049007695
E02006836,75.89928057553958,17.26618705035971,3.0875299760191846
E02000864,15.513712648383136,74.47810069586573,5.444126074498568
E02000865,10.50736497545008,73.64975450081833,10.540098199672668
E02000866,31.0630464795214,46.939714680165665,17.53336401288541
E02000867,12.736467503277767,67.16613598052069,11.36917025660236
E02000868,8.133333333333333,72.56666666666666,12.233333333333334
E02000869,18.01965780851838,66.80014561339644,7.098653076083
E02000870,17.54591637358343,70.76983196561156,6.213364595545135
E02000871,9.020390070921986,82.84574468085107,1.8173758865248226
E02000872,6.961325966850829,73.14917127071823,8.066298342541437
E02000873,9.05889884763124,80.60179257362356,3.841229193341869
E02000874,8.379888268156424,77.13221601489758,8.45437616387337
E02000875,6.386523509811182,83.3395038874491,4.294705664568679
E02000876,9.900990099009901,72.87128712871286,8.91089108910891
E02000877,10.95330739299611,79.78599221789884,4.844357976653697
E02000878,10.192429689152041,61.53520828927892,13.047155846902095
E02000879,14.934660858742998,71.43746110765402,8.462974486621032
E02000880,10.098231827111984,72.33791748526522,7.111984282907661
E02000881,11.708935766769377,74.18819625503674,5.42782649917042
E02000882,25.43103448275862,66.88640973630832,4.234279918864097
E02000883,13.861085835608128,72.85410979678495,5.18653321201092
E02000884,4.949543488707352,66.3783437449944,10.603876341502483
E02000885,9.918636187524216,76.13328167376986,6.509104998062766
E02000886,7.564619397676073,78.06497510078255,5.027270571496325
E02000887,7.895959126799815,78.33255921969345,5.38783093358105
E02000888,5.161969976297077,78.1669739267843,5.161969976297077
E02000889,11.081020085759423,70.27758970886933,4.603926878808395
E02000890,6.770383174877558,60.184384903486034,16.33535004321521
E02000893,19.247378161628625,69.61752004935225,3.23874151758174
E02000894,22.06332992849847,65.63840653728295,3.472931562819203
E02006853,5.466072652501714,79.79780671692941,1.113776559287183
E02006854,1.2062972807196892,67.6139848701697,3.271314659578818
E02007112,1.5629360870778677,78.87245325146526,0.9768350544236674
E02007113,2.855771538276938,73.00215982721382,2.5437964962802977
E02007114,7.867797601637906,78.09300965194501,2.690845276396607
E02000895,71.5,22.205882352941174,2.676470588235294
E02000896,60.578842315369265,26.397205588822352,8.757485029940119
E02000897,69.03039073806077,25.007235890014474,3.5311143270622285
E02000898,65.614667868951,27.983168019236548,2.554854223023745
E02000899,71.36023916292974,18.744394618834082,6.278026905829597
E02000900,72.48301420630018,19.178505250154416,4.756022235948116
E02000901,68.5583987838865,21.864707372688116,7.14466683557132
E02000902,57.89328172518662,34.03372961017418,5.335913740669063
E02000903,67.22268557130943,23.46399777592438,5.726994717820406
E02000904,68.94736842105263,18.142414860681114,9.13312693498452
E02000905,64.31029917924278,18.718559703468358,13.079163357161768
E02000906,47.543581616481774,32.567353407290014,15.689381933438987
E02000907,27.35562310030395,56.955810147299516,10.70844049567454
E02000908,31.41755738566673,48.79971964254424,11.582267390923427
E02000909,50.02686727565825,32.93927995701236,12.896292315959162
E02000910,44.45645126431813,31.402636697644258,19.2997622649665
E02000911,35.72403040343013,34.96394465016566,23.81602026895342
E02000912,71.54639175257732,16.87776141384389,7.92341678939617
E02000913,63.37941628264209,13.517665130568357,18.89400921658986
E02000914,37.761904761904766,38.52380952380952,18.30952380952381
E02000915,36.88901667625072,24.985623921794133,32.51868890166762
E02000916,34.52967393854093,41.40276800375322,17.42904058174994
E02000917,36.057068741893644,32.088197146562905,26.588845654993516
E02000918,41.3521585663861,33.4781428183546,17.811566657616073
E02000919,52.90159798149706,15.923745444350995,25.34342584805158
E02000920,43.72348390316945,36.91040678812079,14.574494634389817
E02000921,51.42201834862385,28.18807339449541,13.440366972477063
E02000922,65.87484035759897,13.512132822477648,13.461047254150701
E02000923,10.704835217705076,61.87154197738754,10.873225884050997
E02000925,11.57382368848026,66.49540292049757,12.844780962682531
E02000926,9.154821947119059,67.17102246675837,8.467064037903102
E02000927,42.819614711033275,28.692352597781667,22.854640980735553
E02000928,42.54158004158004,28.45634095634096,22.92099792099792
E02000929,9.001593202336696,81.57195963887413,2.2304832713754648
E02000930,30.19152141166344,30.83709920378739,30.664945125887673
E02000931,41.77729612571119,10.403684638309402,42.29206177187754
E02000932,18.943692710606722,47.519278335515786,19.816673941510256
E02000933,35.25792711784193,43.776620918125886,14.008518693800283
E02000934,23.7467018469657,35.57607739665787,32.93755496921724
E02000935,12.592018597442852,79.85277024409145,1.97597830298334
E02000936,12.978679362450837,67.68784930656179,10.060028979507349
E02000937,45.21531100478469,18.361244019138756,29.93421052631579
E02000938,29.637618636755825,62.16566005176877,1.9197584124245037
E02000939,60.337972166998014,12.491716368455931,21.139827700463883
E02000940,15.09729367031984,66.04786401252515,13.106687541936926
E02000941,41.05793450881612,18.800091596061367,34.87520036638425
E02000942,52.831594634873326,19.995032290114256,21.957277694982615
E02000943,31.468197034911526,34.24198947871832,25.418460066953614
E02000944,18.22899772948427,71.58611741809925,3.9247486214725917
E02000945,22.44269586041738,67.807047553883,4.310639753677728
E02000946,31.19853613906679,42.60445257700518,20.98200670936261
E02000947,40.90466926070039,31.906614785992215,22.519455252918288
E02000948,27.288135593220336,32.39406779661017,33.13559322033898
E02000949,43.477307607980705,27.800920850690638,22.012716509537384
E02000950,24.851013110846246,64.71990464839095,3.098927294398093
E02000951,28.342070773263433,32.43774574049804,31.7824377457405
E02000952,29.060734463276837,24.5409604519774,40.21892655367232
E02000953,30.539273153575614,46.307151230949586,17.262602579132473
E02000954,63.0188679245283,13.249475890985323,17.945492662473793
E02000955,68.97643334505804,12.627506155469575,12.592332043615897
E02000956,28.312707515846665,35.6172653184425,27.58828856021733
E02000957,31.04471286289468,36.06696333969061,26.615808433990253
E02000958,58.573743922204216,20.648298217179903,15.429497568881686
E02000959,33.6703431372549,35.35539215686275,26.041666666666668
E02007083,0.6850432229652585,65.45424889903768,0.848148752242701
E02007084,7.079646017699115,71.26106194690266,13.163716814159294
E02000960,11.583659764969221,61.21992165640739,4.952434247341913
E02000961,16.54331737048324,55.76839355681324,16.23857205050065
E02000962,5.670103092783505,70.76288659793815,3.0927835051546393
E02000963,37.59654702407996,36.11994547932758,20.218082689686508
E02000964,7.425827473846682,43.95472474704167,40.473332190018866
E02000965,4.696531791907514,55.057803468208085,27.504816955684007
E02000966,10.002032933523074,39.764179711323436,33.80768448871722
E02000967,5.4336013910019565,53.64051293197131,6.3899152358183
E02000968,3.298905503314321,77.53969477416372,5.7499614613843075
E02000969,1.6711068055219183,80.8428190845241,7.580527972874789
E02000970,6.466165413533835,36.195488721804516,10.81203007518797
E02000971,5.876968143537166,49.06627608934456,13.218601244965214
E02000972,1.6006216006216007,53.224553224553226,11.297591297591298
E02000973,10.287648054145517,41.878172588832484,29.001692047377325
E02000974,7.483095416979714,44.778362133734035,7.52817430503381
E02000975,4.48780487804878,47.33658536585366,22.38048780487805
E02000976,5.339130434782609,55.60000000000001,12.278260869565218
E02000977,2.44320617231033,37.97685383626232,8.658379768538364
E02000978,17.805418299539955,20.838302947691258,8.417106832509798
E02000979,3.5637918745545263,60.97647897362795,5.41696364932288
E02000980,2.1727419644460406,70.42557012030886,5.099658825641947
E02000981,7.71686068343973,35.35486293653774,34.97934660157716
E02000982,6.296881168574813,64.0742202921437,5.507303592577971
E02000983,2.265830467327534,63.868096297794864,9.872547036212827
