MSOA21CD,MSOA21NM,Log10-tot,Log10-VSO,Log10-ASB,Log10-Bur
E02000001,City of London 001,2.857743266058006,2.072600646374388,2.0636281834970185,1.4163443331108765
E02000002,Barking and Dagenham 001,1.996036670305662,1.4924554877262066,1.399701434489308,1.0615097075422957
E02000003,Barking and Dagenham 002,2.0234179705045614,1.4259499928931105,1.4610363205051211,1.2433850196509186
E02000004,Barking and Dagenham 003,1.7617805809123979,1.3627284218709925,1.0504174157973223,0.8524145989209425
E02000005,Barking and Dagenham 004,1.9888738238041879,1.3856046591236852,1.4197453681071845,1.2433177980922636
E02000007,Barking and Dagenham 006,2.0816761391188687,1.6027844193222947,1.51716906326926,1.1609220923544468
E02000008,Barking and Dagenham 007,1.9011749536674492,1.3732086416331792,1.3011606301910312,1.1195493784732273
E02000009,Barking and Dagenham 008,1.8378338025789756,1.3094984015052087,1.2545857301845205,0.9294130569095967
E02000010,Barking and Dagenham 009,1.8856881721322716,1.347569460295197,1.2925218939642917,1.156551101229751
E02000011,Barking and Dagenham 010,1.9749406478577294,1.4659862229237781,1.3424507007249162,1.019646954901467
E02000012,Barking and Dagenham 011,1.8766365624882544,1.3136942669261478,1.2271519212321538,1.2361914358136998
E02000013,Barking and Dagenham 012,1.93013434718681,1.4205378139146778,1.2915101952219552,1.1310291961566574
E02000014,Barking and Dagenham 013,2.1524220418588262,1.614680658959313,1.4886682642469495,1.333093215048602
E02000015,Barking and Dagenham 014,1.9585544648895463,1.4393423022215484,1.3969877241299018,1.081458902414943
E02000016,Barking and Dagenham 015,2.4489723623693362,1.7743079113018834,1.800101725719313,1.2194784935215413
E02000017,Barking and Dagenham 016,2.051200566529725,1.484788695672198,1.5047774563635283,1.2056751355019255
E02000018,Barking and Dagenham 017,2.0452981626681455,1.4804748967272503,1.4340419869295018,1.1200964698313947
E02000019,Barking and Dagenham 018,2.065492514975906,1.5027721379070813,1.4026569850238135,1.249190996530071
E02000020,Barking and Dagenham 019,1.9745768254296898,1.3780451799550983,1.4483029981917146,1.061641127943194
E02000021,Barking and Dagenham 020,2.0675975877511443,1.4517493119375486,1.4265134885214752,1.2846931993884552
E02000022,Barking and Dagenham 021,2.0581332958745904,1.5038048643330204,1.3770898696989176,1.1011859056285596
E02000023,Barking and Dagenham 022,2.0114019890328803,1.4856962558573623,1.4749280724409677,1.0440485850107044
E02000024,Barnet 001,1.915445639476002,1.1774970444796078,1.364053737213454,1.01594173787569
E02000025,Barnet 002,2.009187533327235,1.478498422334715,1.43811066122357,1.1010286894824661
E02000026,Barnet 003,1.7927023211168567,1.0937323167808377,1.228068827729518,1.242098095224439
E02000027,Barnet 004,1.873369972626874,1.3480851575806578,1.3124844828394338,1.0366729625988957
E02000028,Barnet 005,1.9035866073798537,1.1746533796663918,1.266212674290347,0.935698035377563
E02000029,Barnet 006,1.979511923975656,1.2805419196396373,1.3779263122490957,1.011281010409689
E02000030,Barnet 007,1.873159296254832,1.2511282239962496,1.3151455287795686,1.1427857915939497
E02000031,Barnet 008,1.925549281045409,1.289966255573783,1.330871243340046,1.1930803815309408
E02000032,Barnet 009,1.8284958245134755,1.1509866381570848,1.3828019827346307,1.108679403007001
E02000033,Barnet 010,1.9653676500853157,1.3304738056359275,1.3304738056359275,1.1092388915326046
E02000034,Barnet 011,1.7736788881335712,1.1086674847731635,1.1988441151222515,0.8261147596312085
E02000035,Barnet 012,1.9719038446036574,1.186681895441639,1.6378167960444765,0.9054124229109748
E02000036,Barnet 013,1.8770856493934278,1.2131942924982022,1.332760245342641,1.1145747672213895
E02000037,Barnet 014,1.8745825260859341,1.218164872435379,1.3339602296038093,1.0991778744638785
E02000038,Barnet 015,1.9785660279760393,1.397409709609789,1.4134371550439397,1.2050024315572005
E02000039,Barnet 016,1.9984883573951762,1.2074271909542944,1.4912740647755367,1.1263123628938743
E02000040,Barnet 017,1.8681847303226338,1.2021834595037835,1.4006509396086966,1.2169362514345536
E02000041,Barnet 018,2.1792829389044885,1.4969500516489624,1.6749801285760304,1.2477036671955766
E02000042,Barnet 019,1.942892317890679,1.320669728873793,1.269292822808967,1.1320841922400497
E02000043,Barnet 020,1.706365600931501,1.0485815240816738,1.1577259935067419,0.9888839950945387
E02000044,Barnet 021,1.9038308933107984,1.3572882298326674,1.268445838572644,1.0652286650013636
E02000045,Barnet 022,2.014335530955803,1.2985731719652538,1.5964598886588934,0.9789115940614027
E02000046,Barnet 023,2.0905514529977025,1.4060509546823559,1.592646592354748,1.2725729033143243
E02000047,Barnet 024,2.1763843250509463,1.5815298128609452,1.785880251601823,1.262509180502291
E02000048,Barnet 025,1.9702113722120351,1.3009035205433757,1.4479341429307702,1.3688282994372718
E02000049,Barnet 026,2.0702061617558654,1.3655310575539004,1.6620512049880323,1.0710255927297385
E02000050,Barnet 027,1.9665678319476614,1.2783660110280375,1.487169201889313,1.2237140115326037
E02000051,Barnet 028,1.8494695737095441,1.2170655659223966,1.331887168239155,1.1970125996818675
E02000052,Barnet 029,1.9097860490724692,1.3184499231362798,1.3510883357656363,1.1869869316170891
E02000054,Barnet 031,2.022474709165384,1.4187972318638025,1.5289009385245655,1.2676062401770316
E02000055,Barnet 032,2.087807476260218,1.4426625842329073,1.5679342411196056,1.331053458237291
E02000056,Barnet 033,1.8782441857322298,1.057448680212054,1.3372893768060972,1.2347928376976338
E02000057,Barnet 034,1.8825485070926573,1.2924844143718612,1.2232114569844854,1.3533700983624426
E02000058,Barnet 035,1.9101286779080013,1.0985121107682339,1.4562697308811423,1.1335624639639696
E02000059,Barnet 036,2.0030336734237792,1.3174946565710086,1.3882544161017396,1.1651832144915535
E02000060,Barnet 037,1.9297835680170075,1.2835830246355104,1.4396571701693046,1.2531247029058377
E02000061,Barnet 038,2.120336026800063,1.448277828649945,1.5492692380360833,1.3244932196803334
E02000062,Barnet 039,2.4909878116182145,1.6668094062865273,1.84914961461921,1.4271602130796999
E02000063,Barnet 040,2.11328326238863,1.334685436662909,1.80731549849411,1.3214960731148233
E02000064,Barnet 041,1.854067930850726,1.238072161579471,1.2601596915423092,1.163205008614508
E02000065,Bexley 001,1.9192527541237745,1.4440746546901142,1.3586444593654878,0.89575046773177
E02000066,Bexley 002,2.012182649846283,1.4826035762920289,1.3810651591019014,0.8843321140628645
E02000067,Bexley 003,2.007221164604794,1.392842948997297,1.4855970022341958,1.0745847629157537
E02000068,Bexley 004,2.2668123810112237,1.7176409350228183,1.6463950162260952,1.3109288739282015
E02000069,Bexley 005,1.888652702232531,1.4068108088402842,1.317545987522129,0.9328547211146048
E02000070,Bexley 006,1.7690703393392413,1.1934461636830793,1.2910395670475738,0.6898379347955469
E02000071,Bexley 007,1.9103326069364261,1.4311183627109199,1.3138051042084247,0.7888497826695141
E02000072,Bexley 008,1.9753690816142657,1.500387212905155,1.3237620945543405,0.9816359646895393
E02000073,Bexley 009,1.5575726301157717,0.9762232005519815,0.9498942618296323,0.7335758584957947
E02000074,Bexley 010,1.9482530437494776,1.4760207091217963,1.3055644899621919,0.9477630962603988
E02000075,Bexley 011,1.6225441346488088,1.1048050290208824,1.0739284625478125,0.44356347840711485
E02000077,Bexley 013,1.726677147409238,1.1915639457118887,1.2310724869955623,0.6674172801654787
E02000078,Bexley 014,1.5672798274615503,0.9880827190930922,0.9284970291088481,0.6526699846830496
E02000079,Bexley 015,2.2840949241519994,1.6075290294176,1.7087844375851076,1.0710354760869347
E02000080,Bexley 016,1.8019972434158638,1.1951534722118862,1.261314208267,0.6808391297503007
E02000081,Bexley 017,1.784160964258047,1.3337226171192786,1.2014435173452354,0.750994848431857
E02000082,Bexley 018,1.6608876467334748,0.9901982039182984,1.1535151749375507,0.8325595833516368
E02000083,Bexley 019,2.057121713949756,1.4570895604627887,1.545830784393418,0.9662023361973122
E02000084,Bexley 020,1.6920261946395088,1.1616594279666212,1.094712638336008,0.5096401393248726
E02000085,Bexley 021,1.7873405515014298,1.229797967748679,1.0505015688177863,0.7004654634129656
E02000086,Bexley 022,1.7225823171310242,1.1285121999647996,1.1715468321900016,0.7979963190419804
E02000087,Bexley 023,1.8034713986081135,1.1605166711333699,1.3255189580234388,0.8237828767261061
E02000088,Bexley 024,1.6786154056612224,1.0475917183979435,1.1333783310440952,0.8167301563171954
E02000089,Bexley 025,1.5167419634577213,0.8341623753098718,1.060810007807997,0.5661574625540967
E02000090,Bexley 026,2.012357180571526,1.3910318720963546,1.5268285362928629,0.9658902325519904
E02000091,Bexley 027,1.8259878255278976,1.3619995860795178,1.2462042289110875,0.7407554023941181
E02000092,Bexley 028,2.0242363701752253,1.4166595081375097,1.4239998713032531,0.9490791630645969
E02000093,Brent 001,1.6580894158215336,1.0429669516543292,1.0012426173910958,0.9397466780904196
E02000094,Brent 002,2.1293224239690542,1.4459574929636112,1.5544335598221093,1.3241276958673263
E02000095,Brent 003,1.9216062328297892,1.330342818529549,1.3883347655072356,1.0109953843014632
E02000096,Brent 004,1.884929487751073,1.1881547424206838,1.2769606368125903,1.1035405919070695
E02000097,Brent 005,1.8724925517432343,1.2704325604152717,1.36091578765807,1.1573907603894378
E02000098,Brent 006,1.8208141113834275,1.2378632202560678,1.3237040959724349,0.9571475000827321
E02000099,Brent 007,1.8816433282214946,1.2825764189120386,1.41695671175318,1.1136539191192476
E02000100,Brent 008,2.020113582093211,1.4795060698524418,1.4145652629194272,1.2125230496576143
E02000101,Brent 009,2.064551089120014,1.4995282839578647,1.4897684466687084,1.0582401861853046
E02000102,Brent 010,2.0902552427996426,1.5334415065620153,1.6355380976815994,1.210511257161137
E02000103,Brent 011,2.051016462233082,1.4043638298990173,1.5628699141535858,1.1765740767617774
E02000104,Brent 012,2.1336139991727676,1.509681587152459,1.6073088496743326,1.2206440484779857
E02000105,Brent 013,1.9117422121482126,1.295911425994201,1.4952480715411616,0.8696662315049938
E02000106,Brent 014,2.1986179916440136,1.6261688549261697,1.5567474461677009,1.2839966563652008
E02000107,Brent 015,2.2411349271420553,1.5881500906887822,1.7468254443386038,1.2915975761573026
E02000108,Brent 016,1.8880970013679397,1.3117245178253183,1.4156206516940408,1.1184496908641661
E02000110,Brent 018,2.082003640916305,1.425703189933282,1.625065791401951,1.2233257148058068
E02000111,Brent 019,1.9913612979198294,1.4163463503108573,1.4691371036027363,0.8744536763288097
E02000112,Brent 020,2.096873234883641,1.4034580657210476,1.5298468687245803,1.0813771429715873
E02000113,Brent 021,2.2954284687076885,1.7106661736808273,1.7236829666875166,1.1941837059942975
E02000114,Brent 022,1.9894687691121185,1.4215630540184618,1.3692685522596426,0.9736986802469058
E02000115,Brent 023,2.1961977872878844,1.4348314239754767,1.8070478473995497,1.2994630866332675
E02000116,Brent 024,2.1665534820970196,1.557499869723053,1.7456427628474753,1.1264519593305404
E02000117,Brent 025,2.1080412204480474,1.5326838616689356,1.5680585131381612,1.202428473285265
E02000118,Brent 026,1.7691235660093763,1.1159110522340325,1.3299560973977331,0.8563347660734747
E02000119,Brent 027,2.2042827464475434,1.59916073668729,1.703383645281296,1.3648348845140565
E02000120,Brent 028,2.3342786240338818,1.5840996623882229,1.8036566152249944,1.2763764342174373
E02000121,Brent 029,2.0294643209883985,1.4427705095917536,1.4890416542417597,1.109727296077512
E02000122,Brent 030,1.9096304110043818,1.2507969537537162,1.4586448089288844,1.1586666046844105
E02000123,Brent 031,2.3001943810696632,1.6277425093086495,1.8627075318518873,1.155466345356794
E02000124,Brent 032,2.1862950979097704,1.5074504463347416,1.5755662662322065,1.4349333038532182
E02000125,Brent 033,1.941381163829176,1.2717113377312719,1.447027762536992,1.0028009056861917
E02000126,Brent 034,1.997174530322375,1.340471532061093,1.469635543656068,1.236802462522016
E02000127,Bromley 001,2.0434612424690806,1.4957837878577094,1.5329500610895537,1.1448664676686697
E02000128,Bromley 002,1.665155470318516,0.9081935190048107,1.2057629825592853,0.7287051917502795
E02000130,Bromley 004,1.9257022729810906,1.2905128633390195,1.3679250866477977,1.0503830892318988
E02000131,Bromley 005,2.100987144132907,1.4163537433172282,1.5733340537685303,1.1015652192785006
E02000132,Bromley 006,2.0533167080479826,1.3793435201803792,1.6181548252176143,1.1466800577300178
E02000133,Bromley 007,1.7914874153681162,1.102858244370316,1.3549256095984108,0.9564939555283758
E02000134,Bromley 008,2.271622245559924,1.5407255110139182,1.4972039270735713,1.2163576412560368
E02000135,Bromley 009,2.2211427230728873,1.6558986282145303,1.715833730478219,1.01104083874516
E02000136,Bromley 010,2.1071717915913273,1.5215022164515344,1.5350750236408082,1.2432190424300698
E02000137,Bromley 011,1.7601659470305562,1.0983082078616446,1.0814402825743492,1.0025688060192892
E02000138,Bromley 012,1.7088890696679864,1.0626254158479707,1.0256418495948008,0.9386070500036962
E02000139,Bromley 013,1.9289303699201008,1.2929941359381965,1.1670956321284467,1.0930138419081745
E02000140,Bromley 014,2.072115597901817,1.4467611435084258,1.4775508076336512,1.2437505910641862
E02000141,Bromley 015,1.8638561852283628,1.2747611710647682,1.32019920998772,0.8964594080929305
E02000142,Bromley 016,1.7497089523478953,1.1184416899341467,1.0871276272657446,1.0443122496864943
E02000144,Bromley 018,2.3459821688399973,1.484908277627695,1.6370963346342744,1.1813029177948493
E02000145,Bromley 019,2.145728303935727,1.518390510700046,1.4526813807326657,1.1455153464415577
E02000146,Bromley 020,1.8861899418213475,1.2652446063330114,1.1403058697247115,0.9966010219238902
E02000147,Bromley 021,1.5680059099220867,0.9083592861413331,0.9743790861309871,0.6575773191777938
E02000148,Bromley 022,1.747995050117043,1.1436311038795162,1.152774483319386,1.02426191892381
E02000149,Bromley 023,2.097546031401305,1.374623895939758,1.5051234573292773,1.2374613036245927
E02000150,Bromley 024,2.022225376269754,1.6102468413985025,1.2342702223920659,1.135461951666496
E02000151,Bromley 025,1.542660917871828,0.8096111239635337,0.9706733926540954,0.9618625926161304
E02000152,Bromley 026,1.9046079320515903,1.413043249439655,1.3499259349626302,0.9983744417132626
E02000153,Bromley 027,1.609171901516579,1.054445788984247,0.8899985110922733,0.9905197985916655
E02000154,Bromley 028,2.134732348792049,1.4073619524703274,1.636291747245255,1.1075575442817893
E02000155,Bromley 029,1.7615225458685397,1.1789962496990884,1.1498938679947814,0.951059039209648
E02000156,Bromley 030,1.7312554754734568,0.9471684450093073,1.1350512287945465,0.8989406450918844
E02000157,Bromley 031,1.488662937821482,0.9238278545044443,0.9708244171806678,0.3748162098248998
E02000158,Bromley 032,1.8644301622700754,1.3199816584281854,1.3305105251718108,0.7598669419571128
E02000159,Bromley 033,1.8858747950216932,1.3000592336349701,1.255312906469157,0.783540853623255
E02000160,Bromley 034,1.6909357721336975,1.0344455485971178,1.169144122494574,0.7590349599365709
E02000161,Bromley 035,1.4651778447221941,0.8439674992990059,0.9777157566643128,0.5050868128071914
E02000162,Bromley 036,1.7780289311371222,1.2821582404046208,1.121747185634102,0.5906305295471805
E02000163,Bromley 037,1.5784752238749713,0.8627702618952643,0.920762208872951,0.9297568417401579
E02000165,Bromley 039,1.818475358388504,1.3023777860815604,1.1993074643686854,0.6295485955775503
E02000166,Camden 001,2.271604376417787,1.6414957620883586,1.8467287094292917,1.182423033637006
E02000167,Camden 002,2.019577973646751,1.2069502431121213,1.4376174577756664,0.8970796650224666
E02000168,Camden 003,2.0470365455966997,1.4133681385946568,1.4484608839881514,1.078539719564169
E02000169,Camden 004,1.8313440344874645,0.9763239859790666,1.2007199246093028,1.114470369508891
E02000170,Camden 005,2.05653057133384,1.2975803712281677,1.6134710369340313,1.214670164989233
E02000171,Camden 006,2.0603110679567176,1.412663265492744,1.453644492086887,1.2055946682219305
E02000172,Camden 007,2.148048004967727,1.4699572000941097,1.5881971743537073,1.2770919881658922
E02000173,Camden 008,2.108216113196785,1.3653788045746857,1.5877236073368097,1.1736116649920392
E02000174,Camden 009,2.103151286593222,1.4020575886273479,1.692310493275137,1.17934220264749
E02000175,Camden 010,2.1985099443207967,1.4680939313646928,1.6728189215230163,1.2606254667498222
E02000176,Camden 011,1.9779696470669197,1.134406218126131,1.456370120625755,1.1214282540148803
E02000177,Camden 012,2.186249094203376,1.5327061928260175,1.6895373643438945,1.1747903260352632
E02000178,Camden 013,1.9969297350263078,1.3085881572327815,1.5604001302265813,1.0065637695023884
E02000179,Camden 014,2.058067155997167,1.3557945161110625,1.4715193308474521,1.0734289171585334
E02000180,Camden 015,2.1320538207637862,1.3890669874433936,1.6719039782813558,1.1151393073249596
E02000181,Camden 016,1.8458123278119485,1.061544152618623,1.2979313135615551,1.1308730937079068
E02000182,Camden 017,2.167009340730885,1.4295052053963406,1.6041014733650707,1.1073134734317307
E02000183,Camden 018,2.4142407417807767,1.6404065695088157,1.959731993657301,1.2286371137172452
E02000184,Camden 019,2.167364636723092,1.5348213371151929,1.6744123615952866,1.1374214322329295
E02000185,Camden 020,2.0542852859401397,1.307138316920033,1.5983533302904154,1.1072339313837516
E02000186,Camden 021,2.761795676706777,2.000557145017916,2.176648404073597,1.5237101584628316
E02000187,Camden 022,2.422591412415242,1.6263348209990032,1.9639744746004164,1.140694331242614
E02000188,Camden 023,2.235618189340797,1.529936709303463,1.7302578479836448,1.182701936208588
E02000191,Camden 026,2.701837726644628,1.6698163425727264,2.01031665441963,1.4907830202218044
E02000192,Camden 027,2.252348050307671,1.4108934417452335,1.7182268061439534,1.3065075513422575
E02000193,Camden 028,2.8418664431420138,1.8999626750240082,2.244371462121235,1.459906392123818
E02000194,Croydon 001,2.075663902572755,1.5087329752629748,1.5598854977103562,1.0508971302130863
E02000195,Croydon 002,1.847342460936709,1.3356189727672614,1.2683257176361005,0.9558642676659708
E02000196,Croydon 003,1.9466176719206827,1.3494374452108069,1.3518569193342198,0.8733373816990858
E02000197,Croydon 004,2.108125868396412,1.4084077252329998,1.552122262673203,1.1843730649174375
E02000198,Croydon 005,2.138822585948957,1.5618249985235617,1.6235216901856846,1.1712710710409935
E02000199,Croydon 006,2.004864066249965,1.4495894818960462,1.4287696379584727,1.0712202127114419
E02000200,Croydon 007,2.0563453987128337,1.5158192335248244,1.4699003252028027,1.0145531120655809
E02000201,Croydon 008,2.1246597003964323,1.5342416763323272,1.5975737541813,1.107699228550887
E02000202,Croydon 009,1.86483824919061,1.312752232824486,1.3575645772408484,0.7486321995368036
E02000203,Croydon 010,2.1472287129960566,1.60238583439582,1.6666097656909598,0.9657986355642058
E02000204,Croydon 011,2.131827667011402,1.5601951369264702,1.4589328163787225,1.0346838620500276
E02000206,Croydon 013,2.072088798444162,1.5594371521863735,1.5088396387370875,1.2176927898451988
E02000207,Croydon 014,2.0187702174760607,1.4917898592428194,1.3964619772446376,1.0841186217135017
E02000208,Croydon 015,2.279020650123022,1.7325284341870348,1.6602467216727523,1.2836038074176508
E02000209,Croydon 016,2.0598578120802955,1.4402091713868914,1.475509770563083,1.181666361057227
E02000210,Croydon 017,1.9734597771665008,1.4296558218981865,1.4424033256068816,0.8252377833783662
E02000211,Croydon 018,1.7064602524287085,1.1165208937765994,1.0568180011248236,0.6429549707770424
E02000212,Croydon 019,2.1978138832335263,1.5919352482538127,1.6420374812366962,1.240709966975696
E02000213,Croydon 020,2.417565844281446,1.7948148537151474,1.8657535644993688,1.4147285798018083
E02000214,Croydon 021,1.8350345400937345,1.2380304205556603,1.1490893372188793,1.193284631066157
E02000215,Croydon 022,1.9893222316948616,1.4341521813264824,1.418960682431411,1.1418948748612983
E02000216,Croydon 023,1.7803180191317438,1.124573168841005,1.3823780104597063,0.8868926334795045
E02000217,Croydon 024,2.43281383055422,1.788556159431803,1.7783932645899083,1.3497003759319484
E02000218,Croydon 025,1.8994088130597107,1.2849040022774907,1.4343856799633166,1.008242460465652
E02000219,Croydon 026,1.8924965652441674,1.1964074635578779,1.1589450720280852,0.9850596502070634
E02000221,Croydon 028,2.1003788053691452,1.539798135728984,1.5950381658263468,1.1152561140907762
E02000222,Croydon 029,1.7822560459106969,1.2740051814801314,1.2211203293249928,0.931139767804822
E02000223,Croydon 030,1.87030398086613,1.4869151289602764,1.1116673067802205,0.7426214558729061
E02000224,Croydon 031,1.9310766909044854,1.3646990755333586,1.4526929513367475,1.0093898575860447
E02000225,Croydon 032,2.03517732098772,1.493512387802583,1.5275570075581082,1.066765871285192
E02000226,Croydon 033,1.652556517802743,1.084481023785148,1.0080926779216932,0.9033922100256454
E02000227,Croydon 034,1.8122566972084282,1.3497443962473823,1.2192448348578628,0.6017126946425989
E02000228,Croydon 035,1.5484946402460935,0.9759898924798472,0.7672741581347734,0.9407031108028505
E02000229,Croydon 036,2.064677851056876,1.5122577323418345,1.5247263729014326,1.371700716865458
E02000230,Croydon 037,1.9430539657435872,1.3348470800050085,1.30935069292016,1.155090006960711
E02000231,Croydon 038,1.9756176457708694,1.3718285434053612,1.2851914149781443,1.335298344014771
E02000232,Croydon 039,1.6354837468149122,1.2084413564385674,0.9749719942980689,0.8117748272947207
E02000233,Croydon 040,1.6864614586187117,1.1801819751578357,0.997251291571849,0.8018586002012447
E02000234,Croydon 041,1.775698468816165,1.213981719167018,1.1789860584617884,1.0273123841287268
E02000235,Croydon 042,1.6953241470654892,1.1499917801864539,1.1272486530478942,0.8157819147136226
E02000236,Croydon 043,1.664492308356718,1.0337871355792256,1.1904402853647322,0.8294831923910106
E02000237,Croydon 044,1.7864309453503997,1.345931733274073,1.163368007447057,0.8606685737998414
E02000238,Ealing 001,1.8509797800913053,1.3091944978004297,1.3286728511962786,0.9090262500246022
E02000239,Ealing 002,1.7644335138104872,1.1465489623768865,1.3017900824594477,0.987725332992533
E02000240,Ealing 003,1.8859401263450861,1.4001479950065983,1.2818554484507092,1.1014038614903159
E02000241,Ealing 004,1.965100356183445,1.3257160418316702,1.3500753876911151,0.999196494716399
E02000242,Ealing 005,1.8455559056382655,1.3396874912870225,1.2679205136417213,0.9099090941270076
E02000243,Ealing 006,2.117667216995073,1.4209591681989322,1.622013252558877,1.2879920339633686
E02000244,Ealing 007,2.073190117183616,1.3463465221234103,1.494243580540495,1.003516573722837
E02000245,Ealing 008,2.109310084502282,1.559407601681088,1.6270879970298935,1.0256252478064654
E02000246,Ealing 009,2.056356615014685,1.4514804383917728,1.5645535853485446,1.1096744200483664
E02000247,Ealing 010,1.9599776388875354,1.4580833850893256,1.4313274534293225,1.0174057513398111
E02000248,Ealing 011,2.147805950839845,1.4649591867488394,1.5898979233571393,1.2236620903798248
E02000249,Ealing 012,2.043056128614385,1.4208374156175614,1.5328111750614937,1.0861861476162833
E02000250,Ealing 013,1.6630995129019817,1.025786409630055,0.9786073319345857,0.9582784284330976
E02000251,Ealing 014,1.8559100505835675,1.2516548002499754,1.2827902091754695,1.037516361267889
E02000252,Ealing 015,2.270350818001843,1.5535491736372156,1.7179426829139117,1.362304572220993
E02000253,Ealing 016,1.8686035456646009,1.3394840146140976,1.4498964980258013,0.9331262071729712
E02000254,Ealing 017,1.927453643487986,1.4183631826932817,1.409219803253412,1.1344318901421293
E02000255,Ealing 018,1.9609047070820849,1.3182268648458584,1.5110238174043924,0.9753590409358948
E02000256,Ealing 019,2.049912094959563,1.3767981449668896,1.5836487678281088,1.121232075570753
E02000258,Ealing 021,1.960548229041629,1.2771024464150083,1.5327431537293508,1.062356752380137
E02000259,Ealing 022,1.9882724035688266,1.4789145070543113,1.4130575410367585,1.037613123810907
E02000260,Ealing 023,2.1526428882820463,1.569739346624339,1.5206640822358033,1.1564919898200594
E02000261,Ealing 024,2.0966348818731637,1.4725591507274811,1.5340116298146742,1.3055178132417058
E02000262,Ealing 025,2.261510418653322,1.5988033489941194,1.790938972839658,1.0876876858709468
E02000263,Ealing 026,2.081777604988654,1.534579496769348,1.615437263341111,1.2331717797137471
E02000264,Ealing 027,2.108653889395184,1.3777757147555132,1.543716056367828,1.2155897936693414
E02000265,Ealing 028,2.1564538447240733,1.4703052728537418,1.6768858540573235,1.1124692556151041
E02000266,Ealing 029,2.0831806374765582,1.5858559966686085,1.5619438392631972,1.0621175375672018
E02000267,Ealing 030,2.0642275331419655,1.4205904036982788,1.6254707503918584,1.1730186630880064
E02000268,Ealing 031,1.9806476414480207,1.3686034292134575,1.5426700017027242,1.0023366352776142
E02000269,Ealing 032,1.899425487676301,1.1637724669135732,1.3299365627362432,1.05761985401027
E02000270,Ealing 033,1.9925397692618825,1.4196681670614024,1.4944846077065772,1.2443180783519625
E02000271,Ealing 034,1.9528157965855353,1.255237762934422,1.2722711022332025,1.2787391247113682
E02000272,Ealing 035,1.6247107287491123,0.8662004888725459,1.1627761431102772,0.7530093007584502
E02000275,Ealing 038,1.9486614102012814,1.330762838187482,1.5076805379909457,1.047530452496361
E02000276,Ealing 039,1.9255512100956784,1.294290584667693,1.4445967929642871,1.1322757253156541
E02000277,Enfield 001,2.0096576984171186,1.4850901843909379,1.4137342758552696,1.3682709384443887
E02000278,Enfield 002,2.1360063432307688,1.632408261704565,1.5623973356062262,1.314756020170739
E02000279,Enfield 003,2.0022637978316022,1.446031850956421,1.4860370126280047,0.9654809236754475
E02000280,Enfield 004,2.1357176724165177,1.5296005481426969,1.5719354501196903,1.4372217546805919
E02000281,Enfield 005,2.0236946657982102,1.4832413332295749,1.517432975093217,1.2126080928814438
E02000282,Enfield 006,2.0658077133668584,1.574934560947383,1.4656237270376515,1.2758429036754615
E02000283,Enfield 007,1.9400864731005907,1.3455194722380208,1.4131188457358306,1.1575690787996225
E02000284,Enfield 008,2.1922645822716205,1.5213233015358452,1.6059988581268898,1.2253690013229408
E02000285,Enfield 009,1.7174102524744064,1.1227322147690435,1.2667638932863658,1.0752040042020878
E02000286,Enfield 010,2.010308535380973,1.5893475316217531,1.3276025597471122,0.9810357823231661
E02000287,Enfield 011,2.0125132024365238,1.2917798150317008,1.427883549098044,1.3074560032359825
E02000288,Enfield 012,2.2254014881074022,1.6257609709028529,1.5808961722945187,1.3047831185964356
E02000289,Enfield 013,1.7617118471690951,1.1346985738974562,1.1252570176646146,1.2065588670223364
E02000290,Enfield 014,2.1645234098023978,1.5597908286131086,1.5755850957963404,1.280636837022138
E02000291,Enfield 015,2.1029413878358003,1.3860597941910795,1.5603892070904741,1.170317921847229
E02000292,Enfield 016,2.062162610900863,1.444534842346251,1.4476933615910808,1.215137273915041
E02000293,Enfield 017,1.9309938126513235,1.1797782205841376,1.2383294651045502,1.1806248208161527
E02000294,Enfield 018,2.0412122911049093,1.4046698422601103,1.4901649302978799,1.3749855584259552
E02000295,Enfield 019,1.7581644287277032,1.1994033193939124,1.2088107879157437,1.0509855182223264
E02000296,Enfield 020,1.93905158103655,1.1977269986088845,1.3945028565244169,1.20650895672154
E02000297,Enfield 021,1.8700576018933952,1.3178364975041899,1.0747984488178954,1.0947439512515487
E02000298,Enfield 022,1.9679082281018485,1.2317661207257165,1.2557332764826106,1.2775031870117317
E02000299,Enfield 023,2.118105790265957,1.56034975652658,1.5489702107830814,1.290972458501244
E02000300,Enfield 024,2.064634457207678,1.528550764644121,1.5414728760450522,1.2175003329941456
E02000301,Enfield 025,2.0178053778709124,1.4399784332526953,1.4798228298480598,1.073678994191999
E02000302,Enfield 026,1.8811242897486755,1.2199428463020565,1.3070930220209567,1.0195955560633807
E02000303,Enfield 027,2.3728193751228526,1.7869945591194472,1.873061705643904,1.3521081589840678
E02000304,Enfield 028,1.8851341751538782,1.2233638577432688,1.3111029074261593,1.2414022859920353
E02000305,Enfield 029,1.9798927488965863,1.2477052557513983,1.3849944307461277,1.1553704546179102
E02000306,Enfield 030,2.286147393957281,1.5886689577110087,1.7356824054837015,1.247768575779328
E02000307,Enfield 031,1.8934306772921776,1.2962596060561962,1.2808652785659334,1.0109953843014632
E02000308,Enfield 032,2.0135308218460155,1.4002657523547157,1.4289109338042458,1.2724587429714436
E02000309,Enfield 033,2.2914352502857915,1.5717020739608607,1.6628094021771778,1.2100516051705452
E02000311,Enfield 035,1.9881945054577157,1.374564070532475,1.4047588558892263,1.3183066079954358
E02000312,Enfield 036,2.115818383313742,1.4407499633047323,1.6386971285940797,1.2370179398183752
E02000313,Greenwich 001,1.9057137243182412,1.3900410515274306,1.3674752236286893,0.919668739520858
E02000314,Greenwich 002,2.1287505189883866,1.6292562093119238,1.5266905276604241,1.105591622620368
E02000315,Greenwich 003,2.2096933204913296,1.612214821351853,1.721597521436709,0.9422625970260267
E02000317,Greenwich 005,1.9960130062628765,1.394524831320225,1.469879669514797,1.1546200421037869
E02000318,Greenwich 006,2.1044364364275983,1.531241886587371,1.5714931926867868,1.2670238416964263
E02000319,Greenwich 007,2.0179012184686864,1.509745730009055,1.4528408786725826,1.1172857723797744
E02000320,Greenwich 008,1.8513101161970615,1.332796176319174,1.2466100287028907,0.7812020018882624
E02000321,Greenwich 009,2.080640683446578,1.6049181239194805,1.3451538452847966,0.9984616827255692
E02000323,Greenwich 011,2.011198515494083,1.548040828228978,1.3085831335544271,1.0630264433099128
E02000324,Greenwich 012,1.9189384489160093,1.3293345493667983,1.3592977727442415,0.9042496525191823
E02000326,Greenwich 014,1.9250320089300765,1.4003842409108922,1.317643184097047,1.0412314057292724
E02000327,Greenwich 015,2.304386129628304,1.861259741820908,1.6664911696331113,1.3507536734422576
E02000328,Greenwich 016,1.8167467523957614,1.237367903694457,1.2013227995098175,0.9751040398925149
E02000329,Greenwich 017,1.8059827096931975,1.2592255268321406,1.223833551743299,0.826813731587726
E02000331,Greenwich 019,2.0292825519179867,1.4874097665733408,1.2983535303532918,1.1560668095403157
E02000332,Greenwich 020,1.7572547012283317,1.219793956074997,1.2370988142834676,0.5778480674020586
E02000333,Greenwich 021,1.9825120967603027,1.2792207186416413,1.2492574952641982,1.0736297398367964
E02000334,Greenwich 022,1.9136795058120233,1.363571107040775,1.2163061741638,0.9173778062708173
E02000335,Greenwich 023,1.6087042259672053,0.9491049135304609,1.0517672554276087,0.8036124675747659
E02000337,Greenwich 025,2.0103047488812247,1.5593362127630503,1.2526290842073786,0.9467843169888454
E02000339,Greenwich 027,2.1210345582406207,1.4545779577270974,1.3711038152898374,1.0169216779307089
E02000340,Greenwich 028,2.0111799940733834,1.40429445885613,1.4067139329795428,1.0379690844218352
E02000341,Greenwich 029,2.0227931044471825,1.6004242286337031,1.4364536022538754,0.6585654754218598
E02000342,Greenwich 030,1.9877461489427304,1.5383480379370225,1.4061433686558695,0.9931775404292429
E02000343,Greenwich 031,1.9136157460611636,1.3834756382096982,1.338278889472441,1.059390141831275
E02000344,Greenwich 032,1.8937163609171264,1.2794709555167252,1.3539186998617643,1.1392343277303376
E02000345,Hackney 001,2.1193015482773827,1.3575407140819082,1.6991270066207569,1.2816987966029214
E02000346,Hackney 002,2.016483224070113,1.3712396399660447,1.5666360542171127,0.9202476894625937
E02000347,Hackney 003,1.9930977323327248,1.3260793999262823,1.4725679955936017,1.1771057969351524
E02000348,Hackney 004,2.0084083655904865,1.2938782782138223,1.565237603210583,1.0648007345299608
E02000350,Hackney 006,1.9529177861092393,1.2442963960970397,1.571368193625371,1.1954387177219103
E02000351,Hackney 007,1.9666608116405502,1.2102783060190783,1.4828933668684767,1.153282345035855
E02000352,Hackney 008,2.2314468083668926,1.4705594298237856,1.7064394711960733,1.4363363995863436
E02000353,Hackney 009,2.1351965229089003,1.419274272446198,1.5663048948335925,1.5108956894387415
E02000354,Hackney 010,2.251179351641001,1.5792080917186861,1.7818382119121001,1.406311249147352
E02000355,Hackney 011,2.135012030772777,1.4421268122334818,1.625706092681713,1.3488692627167371
E02000356,Hackney 012,1.917597153864465,1.1940668543728015,1.435975397918126,1.1669591895152094
E02000357,Hackney 013,2.0599918675388973,1.537476700749366,1.4601087954652094,1.2062399738763114
E02000358,Hackney 014,2.2410175486153627,1.542047544279344,1.679736109208378,1.4322945180154527
E02000359,Hackney 015,2.0473064694007737,1.5345524877189003,1.4158627003876016,1.1272611725273312
E02000360,Hackney 016,2.093195155826366,1.4893039833656136,1.5970870269676318,1.070162477162309
E02000361,Hackney 017,2.4092661783346108,1.7033775058804554,1.8400440788557326,1.425754318798707
E02000362,Hackney 018,2.2240010098607503,1.5802537965834136,1.755263375174807,1.2028190496355067
E02000363,Hackney 019,2.217967498332497,1.6674521689656039,1.6374329473311167,1.3477254876301208
E02000364,Hackney 020,2.1533068396460644,1.405644911410321,1.6672101786009461,1.195763181302115
E02000366,Hackney 022,1.9714410544510221,1.2843554715373762,1.3943871618673376,1.0602486284651647
E02000367,Hackney 023,2.32900940728633,1.6016861187775275,1.7371459452483402,1.4789321563869955
E02000368,Hackney 024,2.2969504531956235,1.5931573409335176,1.7997503769896763,1.2244344354153804
E02000369,Hackney 025,2.0889602146201955,1.4115426161482758,1.482936449364744,1.2581423194188048
E02000370,Hackney 026,2.261486161667119,1.4873748890852154,1.834162375309872,1.3420880411182283
E02000372,Hammersmith and Fulham 001,2.293481437513826,1.6568806364827282,1.7411451239641402,1.2786537746147493
E02000373,Hammersmith and Fulham 002,2.052899749272349,1.4414760392387547,1.6371628543578167,0.9745302809389442
E02000374,Hammersmith and Fulham 003,2.1082679918684395,1.4888040611807554,1.4968467814361692,1.391846192271093
E02000375,Hammersmith and Fulham 004,2.6157176369203454,1.9092290363319044,1.8718955404303759,1.3219639024996241
E02000376,Hammersmith and Fulham 005,2.2769056021926657,1.5425144492723184,1.861794797508593,1.1741653380196428
E02000377,Hammersmith and Fulham 006,2.0732357797032974,1.464974883180677,1.5894329396271194,1.000891775430185
E02000378,Hammersmith and Fulham 007,2.0634644331294387,1.4134808894842936,1.4747505462232162,1.172513238921137
E02000379,Hammersmith and Fulham 008,1.9103647715268484,1.1601520579542335,1.2830566246520803,1.2528472404254047
E02000380,Hammersmith and Fulham 009,2.041767726649607,1.3675427078152758,1.4814860601221125,1.2404092330427403
E02000381,Hammersmith and Fulham 010,2.023972859688256,1.4010451498173797,1.4121530310711372,1.0780482417020267
E02000382,Hammersmith and Fulham 011,2.176628044629769,1.4145042396802763,1.5968444480129589,1.240263497578521
E02000383,Hammersmith and Fulham 012,2.0707353073084245,1.427457362058512,1.554791551413416,1.0434402971855505
E02000384,Hammersmith and Fulham 013,2.513193838949634,1.733272910510369,1.91161523819219,1.3080754836054465
E02000385,Hammersmith and Fulham 014,2.1662888980729726,1.5373680702441068,1.6805781029051323,1.2207971886137348
E02000386,Hammersmith and Fulham 015,2.0939235805762526,1.477807524783829,1.6154170153298235,1.088398554244487
E02000387,Hammersmith and Fulham 016,2.1556889199739,1.6116208756236245,1.5289230558531626,1.1786235955710762
E02000388,Hammersmith and Fulham 017,2.1622689656685297,1.4520997723471043,1.651765413576779,1.0628942456194164
E02000389,Hammersmith and Fulham 018,1.9290527723481108,1.2265518991169586,1.4055875388194212,0.8529423289716401
E02000390,Hammersmith and Fulham 019,2.0361841165491406,1.3085395974427267,1.6231424002959818,1.2842847455843243
E02000391,Hammersmith and Fulham 020,2.0335001216700026,1.2663442555878222,1.5216167606911284,1.080457048621124
E02000392,Hammersmith and Fulham 021,2.096058918486977,1.3482493616414635,1.5536913985356835,1.2031912192701406
E02000393,Hammersmith and Fulham 022,1.9163272613959939,1.237004211961442,1.3753069101277235,1.1371350149687705
E02000394,Hammersmith and Fulham 023,1.8527906351478391,1.215748808498602,1.4604164819184045,0.8007325201384874
E02000395,Hammersmith and Fulham 024,2.129482825131484,1.253018347330346,1.708528453037331,1.33893642722364
E02000396,Hammersmith and Fulham 025,1.9553717409573454,1.3091080871373295,1.4994397853076211,1.102654918123301
E02000397,Haringey 001,2.0335559964207772,1.3943541970882483,1.469454046757791,1.096674047513578
E02000398,Haringey 002,2.2529624226252323,1.5835264968867737,1.7591165504835913,1.531073223895609
E02000400,Haringey 004,1.973780953606654,1.3170518661084731,1.342757266343375,1.2043873230656614
E02000401,Haringey 005,2.1604464882753778,1.4824361687528638,1.5087651074752129,1.275724130399211
E02000402,Haringey 006,2.243991494693617,1.6119682799882113,1.6962891656882473,1.196201592010326
E02000403,Haringey 007,2.2444489943916053,1.6710762476117456,1.706596947045323,1.1982332180802924
E02000404,Haringey 008,2.203072556668865,1.5875060953380316,1.6363880201078558,1.3249858578577864
E02000405,Haringey 009,2.0859576882731425,1.3825560691380487,1.5908320115651313,1.2903908789273513
E02000406,Haringey 010,2.1081893680324075,1.514601253139404,1.5701185809892355,1.2213769467650628
E02000407,Haringey 011,2.39219072584964,1.7155549874330547,1.8529571783449814,1.3109785714275253
E02000408,Haringey 012,2.047217480588959,1.4780777551164996,1.4437497263366064,1.2755875812762802
E02000409,Haringey 013,2.118116277037543,1.5574489708678054,1.5267801511013537,1.2794961551385244
E02000410,Haringey 014,1.8240456559775786,1.106190307481186,1.1567466809236298,1.1723845980181344
E02000411,Haringey 015,1.97741894411753,1.3610917788119552,1.5293777921639646,1.1871894471170996
E02000412,Haringey 016,2.6741568264880438,1.90514895554427,1.985916778673216,1.6182602846899217
E02000413,Haringey 017,2.0292190585587937,1.2788357725469635,1.5813305064692182,1.2874905970275068
E02000414,Haringey 018,2.037461377913644,1.4761799385066592,1.5425410308375735,1.1287190271420269
E02000415,Haringey 019,2.113300429196226,1.4432199901335865,1.5660034147157516,1.3893686067078785
E02000416,Haringey 020,2.081884671848276,1.4983080862143272,1.5925780030561751,1.0727763332913371
E02000417,Haringey 021,2.0116857583251946,1.2876660341059998,1.3507177798530887,1.2617202616540486
E02000418,Haringey 022,2.0247523791535067,1.36964420771149,1.5536422166857593,1.3308691526266674
E02000419,Haringey 023,2.1652264037706157,1.4983682003374632,1.666490529721869,1.3481994740295793
E02000420,Haringey 024,2.279287222986409,1.5430183521932277,1.7906684210214798,1.3119408128379446
E02000421,Haringey 025,2.333022162147272,1.692722528744863,1.7595219250321632,1.2607850575655317
E02000422,Haringey 026,2.155422662151247,1.4711759146359347,1.7225181261108085,1.2525049593892852
E02000423,Haringey 027,2.123205652755371,1.5374132741418618,1.5791376084050954,1.2209257004231777
E02000424,Haringey 028,1.9267863498639644,1.2750844271138593,1.444336261639235,1.0960964733098364
E02000425,Haringey 029,1.9415482388111192,1.319401685735024,1.4570029660122499,1.1660337218929442
E02000426,Haringey 030,1.9389710162968312,1.1874175344069824,1.3384321980894016,1.2925741797225396
E02000427,Haringey 031,2.4717014900967156,1.7813272927758852,1.9478570678145968,1.4642840300144901
E02000428,Haringey 032,2.118048101125526,1.4119970516309364,1.6843367935105535,1.3137763621054728
E02000429,Haringey 033,2.1123439043199257,1.3714817386557299,1.538312636592207,1.3878396817677119
E02000430,Haringey 034,1.9073057134296654,1.2704836158424913,1.3530185038977038,1.1576548348731794
E02000431,Haringey 035,1.9859831742852858,1.283922092972125,1.4651529916802173,1.1624921533241614
E02000432,Haringey 036,2.0487482169623124,1.403760025092539,1.5586619850782821,1.3204585475023072
E02000433,Harrow 001,1.9254102805554805,1.3032320005201055,1.3930965255866967,0.9180856141457564
E02000434,Harrow 002,2.008862564879688,1.4154027453136433,1.4859838195993507,1.258848401148215
E02000435,Harrow 003,1.8009534254034496,1.2708036432376506,1.3337029247100816,0.9444158627535437
E02000436,Harrow 004,1.7690238850473508,1.0381647362978503,1.2641300521090388,1.1499667423102309
E02000437,Harrow 005,1.9406775985851434,1.3397441824204352,1.3701572188695792,1.049526964160644
E02000438,Harrow 006,1.819973822561669,1.185966014234091,1.1293925589319385,1.0796844047010874
E02000439,Harrow 007,2.0010307997720704,1.3895086807463308,1.471233386373596,1.2235947944190635
E02000440,Harrow 008,1.7258783178317694,1.0588501028552817,1.1477911861920627,0.8967437666449489
E02000441,Harrow 009,1.8290518000363842,1.0997491171905576,1.2633418307472657,1.1543114847324392
E02000442,Harrow 010,1.9594296694609632,1.3879015468870486,1.5151739510229865,1.3342627036062717
E02000443,Harrow 011,2.039149332068053,1.3992335151588655,1.5833230570325267,1.2057443828255878
E02000444,Harrow 012,1.7946819628411284,1.076915472551062,1.2152181707173433,1.2655610169569844
E02000445,Harrow 013,1.8926200477402844,1.3328978877148598,1.2838858056864426,0.9507819773298184
E02000447,Harrow 015,1.8066841807654095,1.1480507341352943,1.3303909424679772,1.1049766922777677
E02000448,Harrow 016,1.9368142393353485,1.2062586161534061,1.41417158782647,1.113212524230456
E02000449,Harrow 017,1.7857600763813095,1.2220570942986457,1.3508839005810496,0.9632380691085697
E02000451,Harrow 019,1.7735693520089633,1.1103726173270188,1.2365720064370627,0.9578900653279576
E02000452,Harrow 020,2.191814043318514,1.5727558057774762,1.6328714463850187,1.2464401523778776
E02000453,Harrow 021,1.8610106496154162,1.2034981553473485,1.1836033266304091,0.9663082442071662
E02000454,Harrow 022,1.6556195646292624,1.1029644294791612,1.1076093345249247,0.9834680590427349
E02000455,Harrow 023,2.158191519043241,1.4264750013973064,1.6104585206065596,1.0494728835327298
E02000456,Harrow 024,1.7665983884537384,1.1278714874538263,1.3080793127043395,0.7832908900360548
E02000457,Harrow 025,1.854178604510949,1.1753339529359201,1.3318716756159226,1.0216462974197706
E02000459,Harrow 027,1.994032967288384,1.3929181221047346,1.5111972290442925,0.920336472412637
E02000460,Harrow 028,1.8911625609743603,1.3424661124420136,1.417099730738918,0.741978786468543
E02000461,Harrow 029,1.8209218345220417,1.3188182917153022,1.2303963889327647,0.9560878328987459
E02000462,Harrow 030,2.037200610024285,1.4015124412324742,1.5975839707887438,1.0651409887673509
E02000463,Harrow 031,1.7724377589665312,1.2424741178701126,1.2189930220205898,0.8792765440958568
E02000464,Havering 001,1.9780827234190455,1.4938417275764353,1.4238935819651573,1.085185303922863
E02000465,Havering 002,1.940182377042605,1.4014042212588504,1.42294389911496,1.145753511778979
E02000466,Havering 003,1.8434767673267354,1.2914206744444077,1.3956299261939635,1.0221494265822249
E02000467,Havering 004,2.1119186384986923,1.5959159222816925,1.5525007954776522,1.0656921541937263
E02000468,Havering 005,1.98358238783591,1.4177345691623924,1.3256234390361048,0.944279050755803
E02000469,Havering 006,2.0729696103869593,1.5160592795947656,1.5196935642498597,1.1066698502972128
E02000470,Havering 007,1.8358873144473207,1.2063608490887314,1.3664870538726204,0.8685617945900637
E02000471,Havering 008,1.6740973838038546,1.1113923914274368,1.163975868981267,0.7211035625117926
E02000472,Havering 009,1.7040066863027856,1.122398320270728,0.9699709794128403,0.8503072837187287
E02000473,Havering 010,1.6478789575037027,1.1707577027840403,1.0122845483154301,0.8249440083759239
E02000474,Havering 011,1.9261407135884174,1.335076106561918,1.4605573722625123,0.9714287473074624
E02000475,Havering 012,1.9552014223252814,1.2895251368444336,1.4138828774036711,0.9743869595613465
E02000476,Havering 013,2.5598915836914014,1.9060412456247307,1.8542419702925161,1.2460807998504493
E02000477,Havering 014,1.622701054076113,0.9807695507104585,1.0039993914289331,0.8450015408511216
E02000478,Havering 015,1.6386354383506427,1.0432060259216935,1.0497368930806512,0.7629204997227129
E02000479,Havering 016,2.0050419978454492,1.4290696183829406,1.4557013772095306,0.9992591538660831
E02000480,Havering 017,2.03219363983583,1.4816741070970805,1.5173896593636151,1.1125294786264799
E02000481,Havering 018,1.6477114400173005,1.0994472810734166,1.151068045595163,0.646276062411051
E02000482,Havering 019,1.6812743277395716,0.9611150243336147,1.0521954936809472,0.8281111021773405
E02000483,Havering 020,2.0218101633385137,1.42131144804278,1.4647771418238702,1.0139357779432925
E02000484,Havering 021,1.666949857614399,1.0735760454715293,1.0469782769777345,0.8333253980639754
E02000485,Havering 022,1.8283271407366986,1.156532349444057,1.2462637778249899,0.9488474775526188
E02000486,Havering 023,1.7814503019214338,1.1909721831432867,1.3820405981686206,0.7620933844207908
E02000487,Havering 024,1.5919693889947115,0.9095986464781545,1.0624600648153608,0.7443019245717012
E02000488,Havering 025,1.4950197011047581,0.855171148887396,1.0069030620836326,0.619927977549693
E02000489,Havering 026,1.954542126203125,1.3639764215656707,1.5016894462103993,0.9720136900412671
E02000490,Havering 027,1.7525033805479815,1.2652924654878799,1.1366258563603366,0.9519468268843909
E02000491,Havering 028,2.0722605062011783,1.5252644292676605,1.44146169174828,1.3554059444550035
E02000492,Havering 029,1.828346825366569,1.0959530655436003,1.2804774921361444,0.6385869842077939
E02000493,Havering 030,1.9760144551809062,1.4503870014724176,1.4503870014724176,1.2666225602957781
E02000494,Hillingdon 001,1.7344380346734067,1.1718427718188007,1.1718427718188007,0.8996294548824371
E02000495,Hillingdon 002,1.9527024157149884,1.3342165801707828,1.3436787078685597,1.0753448640817713
E02000496,Hillingdon 003,1.939274186667608,1.4022264851930593,1.4883683147847209,0.8796893573635376
E02000497,Hillingdon 004,1.9017381499547714,1.221299357409121,1.432575393785993,1.1705269445779005
E02000498,Hillingdon 005,1.8286127064435866,1.2193741304885009,1.347403944073943,0.7085360034242767
E02000499,Hillingdon 006,1.67644492725984,1.0261491100208682,1.1282603167147323,0.8810742471742233
E02000500,Hillingdon 007,1.9856728770899874,1.2455788510635775,1.5160120791357892,1.19118906913971
E02000501,Hillingdon 008,1.7060119443663349,1.1739251972991736,1.1599144828563588,0.6444846271229592
E02000502,Hillingdon 009,1.7512031306798044,1.1324205159403269,1.2257264046795582,0.7752786356265491
E02000503,Hillingdon 010,1.8493840046282717,1.2981610293902592,1.266752565138635,0.8904474113444423
E02000504,Hillingdon 011,1.724912305019195,1.0498163470375428,1.0791057231395302,0.9311008937481443
E02000506,Hillingdon 013,1.9231546983821886,1.2475973485620226,1.3702198424431418,1.1320277141586175
E02000507,Hillingdon 014,1.735679923625522,1.196934775212629,1.2653220122065496,0.8392314381388719
E02000508,Hillingdon 015,2.2097852662513535,1.5456293203825044,1.727910154255883,1.1004206022815386
E02000509,Hillingdon 016,2.2723387326798603,1.6292837011003514,1.656583130688908,1.1434648969398429
E02000510,Hillingdon 017,2.203569227304977,1.7030667030738713,1.5335629189042748,1.1986217014382505
E02000511,Hillingdon 018,1.9157979525773243,1.30460589170889,1.3596017532380316,1.1359018445556994
E02000512,Hillingdon 019,1.848510235949654,1.3692858561422272,1.32493157999099,0.9921988983474154
E02000513,Hillingdon 020,2.09172381179595,1.5311546254026371,1.5055608792450492,1.1776810104033593
E02000514,Hillingdon 021,2.004533088077429,1.4512265711930803,1.4117180299094068,0.9993424760562284
E02000515,Hillingdon 022,2.1417384887798914,1.5327372970788182,1.659121274561299,1.1301667642699513
E02000516,Hillingdon 023,1.9484014918355375,1.4077621059400696,1.3935880676331573,0.9127511322043421
E02000517,Hillingdon 024,1.9537157047346343,1.4350151320726527,1.4129008177820805,0.8927900303521317
E02000518,Hillingdon 025,1.9312647403027954,1.425582864204335,1.4422885577071878,1.0261235777313693
E02000519,Hillingdon 026,2.14026325017079,1.484743284004681,1.5683636945820507,0.9627109152805522
E02000520,Hillingdon 027,2.22290173539817,1.577141550023213,1.6836325739296631,1.2015441411801218
E02000521,Hillingdon 028,1.9601681531228197,1.4295635081058662,1.4512827577991025,1.0695415265581723
E02000522,Hillingdon 029,2.060230085501719,1.474134306372619,1.5819173499746375,1.0337409062328506
E02000523,Hillingdon 030,2.0669248893012218,1.4426230822248154,1.5311541636601012,1.026982164002385
E02000524,Hillingdon 031,2.683684646822763,1.7377395004982756,2.204163305962051,1.242187324649518
E02000525,Hillingdon 032,2.1171645529773637,1.565595553912662,1.595166283380062,1.229516190568892
E02000526,Hounslow 001,1.9199123999220515,1.142969201727376,1.2865044268273345,1.259971083660576
E02000529,Hounslow 004,1.9847440511633967,1.4003942866143477,1.4739023030321663,1.1656898952830692
E02000530,Hounslow 005,2.0955106244469888,1.4446636720047332,1.5349609229578192,1.0895089984237516
E02000531,Hounslow 006,2.1428982717187437,1.5319057636333437,1.643232621982045,1.2814657480014289
E02000532,Hounslow 007,1.966719884164402,1.2097579328506964,1.4097965191285393,1.2605987302409392
E02000533,Hounslow 008,1.8983685023606371,1.2451559885852934,1.3626960031205622,1.162367266340726
E02000534,Hounslow 009,2.1603064036960413,1.4262227799436982,1.6894642147182795,1.1056839373155616
E02000535,Hounslow 010,2.0500413532872273,1.512068770146654,1.5816556559434756,1.2712265421703977
E02000536,Hounslow 011,1.9876403719139677,1.4452080902579512,1.5039137505957785,1.1728893125339888
E02000537,Hounslow 012,2.057782804919984,1.424160180193623,1.5283031223801975,1.2189098031187116
E02000538,Hounslow 013,2.006842101650481,1.471126131664971,1.4867652659721462,0.8838351876992052
E02000539,Hounslow 014,2.0028362189415714,1.4919235460231899,1.520739359269786,0.8285838358596693
E02000540,Hounslow 015,2.0559917074512337,1.4755121766333599,1.509069581754201,1.2311925675273685
E02000541,Hounslow 016,2.06297776473612,1.4785758601695715,1.5946021636247008,0.9605219152177522
E02000542,Hounslow 017,2.1761383651332697,1.5498639376842456,1.7573327734354833,1.1510285111848662
E02000543,Hounslow 018,2.208977246172313,1.5898299864967205,1.5032136700729535,1.1149216158507758
E02000544,Hounslow 019,1.6522635321668093,1.2078113942005149,1.1286301481528902,0.42495655889142603
E02000545,Hounslow 020,1.9618748080852504,1.3909019648417515,1.4003230388673167,0.9628079390323584
E02000546,Hounslow 021,2.052095865975182,1.5176650634349413,1.6020599913279623,1.131970387860186
E02000547,Hounslow 022,2.0023954094270167,1.4772918570535754,1.3999436323423051,1.0246776269157594
E02000548,Hounslow 023,1.9881007767002923,1.4711080099429377,1.491501168584781,1.1063174815298877
E02000549,Hounslow 024,1.99906888827546,1.4675899712332048,1.4814516100779185,1.038831446780293
E02000550,Hounslow 025,2.1009905809758997,1.534137897875304,1.6131213327230147,0.9956786262173575
E02000551,Hounslow 026,2.090825148271671,1.5718025391524446,1.5546732125658598,1.2325967431495786
E02000552,Hounslow 027,1.9908021556040272,1.51945234106224,1.3824019862450458,0.954046420722263
E02000553,Hounslow 028,1.9813763827575837,1.4970765434107978,1.4288117118522714,1.1501927943935086
E02000554,Islington 001,2.107308915674877,1.4299783103625647,1.6757268582306186,1.120999748482677
E02000555,Islington 002,2.0319838325769277,1.3650781417440498,1.5904339991020986,1.179444901063269
E02000556,Islington 003,2.3126058540682313,1.5744627323450588,1.7395932965423166,1.2096828425613217
E02000557,Islington 004,2.3563619589715423,1.6610262392906177,1.876440878901564,1.367476484919189
E02000558,Islington 005,2.199603721750491,1.5600709052663402,1.6834286627646602,1.1631860323959502
E02000559,Islington 006,2.0460291793289374,1.3038292836461576,1.5096336684726566,1.249775895744051
E02000560,Islington 007,2.367307329575728,1.6482914085289335,1.7785264849471818,1.249234550105989
E02000561,Islington 008,1.9426955596335054,1.3270202061721457,1.3590072583765855,1.1046802638046902
E02000562,Islington 009,2.0132503217750948,1.2883857233515181,1.482092193482057,1.1942726518850177
E02000563,Islington 010,2.17266468999395,1.4757037616320867,1.752695516428629,1.0970144232698655
E02000564,Islington 011,2.1275180338829,1.47926297565306,1.5935653974155748,1.0666097968395594
E02000565,Islington 012,2.310638008276918,1.576905897681687,1.743967840195568,1.4624098424554344
E02000566,Islington 013,2.2978398043984227,1.4716379221116411,1.7259632196815553,1.284937253613424
E02000567,Islington 014,2.0690197982534784,1.2819137052169085,1.5347667361968016,1.254404783572079
E02000568,Islington 015,2.1558516530864757,1.619940848810664,1.604146581627432,1.2566644757882117
E02000569,Islington 016,2.209811286643236,1.5399960143275486,1.6160187411303437,1.3836141541806346
E02000570,Islington 017,2.0326169210340694,1.3277977443517839,1.3516660845264763,1.0656958205028626
E02000571,Islington 018,2.0466304445870604,1.349401101827343,1.586190201236636,1.146772951255559
E02000572,Islington 019,2.0229771927823785,1.392444770397738,1.522928839805095,1.0620719877762006
E02000573,Islington 020,2.387890471455305,1.5778843933175082,1.8100244440648738,1.2859573571307288
E02000574,Islington 021,2.4038340177140047,1.7191534095413272,1.8557361273133348,1.3022436745588541
E02000575,Islington 022,2.273601752872778,1.5314992221940007,1.657845721726691,1.3867253753899051
E02000576,Islington 023,2.327156670399796,1.544745698571606,1.733114651087682,1.2821364013068592
E02000577,Kensington and Chelsea 001,2.3008069087286005,1.6848596463662728,1.7924654269119922,1.4058530913064067
E02000578,Kensington and Chelsea 002,2.2916524469369195,1.7517893493841807,1.793066238119402,1.4569818219512538
E02000579,Kensington and Chelsea 003,2.192489991499678,1.4822552336362609,1.7044208708857231,1.1188803869324515
E02000580,Kensington and Chelsea 004,2.344304377791183,1.614641258173509,1.869913763276815,1.3904239887956635
E02000581,Kensington and Chelsea 005,2.036282898895445,1.4527966689222616,1.450713717773969,1.1429298379058555
E02000582,Kensington and Chelsea 006,2.2436034136807437,1.4650753350895942,1.6617810493431953,1.308138758163878
E02000583,Kensington and Chelsea 007,2.0589864312931003,1.2559769326609675,1.5053861638032024,1.2187576726392146
E02000584,Kensington and Chelsea 008,2.240916539092516,1.3832395012057288,1.5000369348593223,1.1008590266296772
E02000585,Kensington and Chelsea 009,1.9478687173656062,1.2149914679498093,1.3921698226467047,1.1013745301505617
E02000586,Kensington and Chelsea 010,2.1340926284713326,1.2619857607036862,1.6494962411567917,1.1058341862296717
E02000587,Kensington and Chelsea 011,2.2356452993720355,1.4305401222504224,1.703704939592652,1.2468852749891473
E02000588,Kensington and Chelsea 012,2.4782828588408643,1.5621912753364953,1.8750127957300344,1.1034284860949566
E02000589,Kensington and Chelsea 013,2.1933001674959147,1.3739075277165598,1.8270852283576071,1.0084331675368627
E02000590,Kensington and Chelsea 014,2.379462795904935,1.4426992845843116,1.8286544018467072,1.1743884447904598
E02000591,Kensington and Chelsea 015,2.370068158365804,1.667838337086692,1.8699084385282276,1.2935795121496605
E02000592,Kensington and Chelsea 016,2.328330214510787,1.4835848293936207,1.8302489189753377,1.4140902841397376
E02000593,Kensington and Chelsea 017,2.0355800969149507,1.3414326595138177,1.6049162434342896,0.9496485417619812
E02000594,Kensington and Chelsea 018,2.062631066272856,1.230464432172465,1.3987303537161895,0.9756945831894049
E02000595,Kensington and Chelsea 019,2.2693486476572886,1.4402341511342946,1.6691777175152516,1.0420770068223075
E02000596,Kensington and Chelsea 020,2.2191833608507427,1.5921616733838306,1.5752609228456294,1.1419141738362122
E02000597,Kensington and Chelsea 021,2.113943352306837,1.4679778752797927,1.6989700043360187,0.8399518604471246
E02000598,Kingston upon Thames 001,1.6187666985912932,1.060910369755384,0.9900545124918905,1.014770058316727
E02000599,Kingston upon Thames 002,1.8143221069098259,1.2942849932412122,1.1228888553939107,1.3513832379138055
E02000600,Kingston upon Thames 003,1.7856360008269907,1.219651374944308,1.0926095132482438,1.027845901251973
E02000601,Kingston upon Thames 004,1.9959394185271266,1.3682916055199812,1.41452089893195,1.0615458980454378
E02000602,Kingston upon Thames 005,2.0580870005483565,1.4178014139430095,1.5768808595348087,1.2218487496163564
E02000603,Kingston upon Thames 006,1.842152236322264,1.353252782264079,1.2641081392882756,0.9455004345616527
E02000604,Kingston upon Thames 007,2.0170006321593923,1.264429444496966,1.5194163234920461,1.1386647611150575
E02000605,Kingston upon Thames 008,1.6786940483617072,1.0850672245706077,1.204754452428234,1.0348655220191727
E02000606,Kingston upon Thames 009,2.4507974407485587,1.7208362228909693,1.7838668950770527,1.1177601519811766
E02000607,Kingston upon Thames 010,1.5958000124898906,0.9969451610371396,1.0156945970499784,0.6528326722601172
E02000608,Kingston upon Thames 011,2.090519599729184,1.5130079912540433,1.6472070889815476,0.8424827914673881
E02000609,Kingston upon Thames 012,1.7916541073854215,1.1849788283937717,1.2660120793029899,1.0119949117435898
E02000610,Kingston upon Thames 013,1.786085358296628,1.2338825280645818,1.3531966506742577,0.9082797645434988
E02000611,Kingston upon Thames 014,1.6207177307964058,1.0130538619504448,0.9526379394787895,0.9632114668922799
E02000612,Kingston upon Thames 015,1.5768326721641273,0.9325466833367541,1.0055676206795605,0.9135032758704057
E02000613,Kingston upon Thames 016,1.8757203245205982,1.3284365926386266,1.3528415792402606,0.8571154034590382
E02000614,Kingston upon Thames 017,1.9354209556726538,1.3246311330857954,1.4067418639807145,0.8491821800983334
E02000615,Kingston upon Thames 018,1.7526612840216258,1.0727842215946295,1.2012112860487507,0.9953920577596465
E02000616,Kingston upon Thames 019,1.6299361214558794,1.0312297721355048,1.121406402484593,0.6889528835784948
E02000617,Kingston upon Thames 020,1.8260097365164552,1.3444793628917378,1.2254095599475356,0.7670038896078462
E02000619,Lambeth 002,2.034473985589166,1.4495820193982174,1.527920792859822,1.118605670638821
E02000620,Lambeth 003,2.114808766129132,1.4432152176929747,1.5391766439054826,1.117963616253768
E02000621,Lambeth 004,2.0995241806211733,1.4705862056407148,1.585785004361081,1.0418543683579033
E02000622,Lambeth 005,2.1994574773798936,1.525055664534612,1.7794656182483202,1.2670402366016704
E02000623,Lambeth 006,2.0581967545654973,1.4092630387694285,1.6794164679603398,1.2046689119245853
E02000624,Lambeth 007,2.046616003575631,1.4120899791930692,1.6610909748530405,1.095651608413175
E02000625,Lambeth 008,2.065219783295487,1.289083824147169,1.6632209181465818,1.1018342822211897
E02000626,Lambeth 009,2.0089837537508446,1.440061891801606,1.4476150296920518,1.1499426876711096
E02000627,Lambeth 010,2.0776542478104756,1.5571669287019843,1.5457207307805463,1.1277396422944916
E02000628,Lambeth 011,2.323857888238623,1.6948973926547444,1.7431594253512859,1.3594817568528619
E02000629,Lambeth 012,2.159719289338171,1.5173278094261782,1.573311243553005,1.3133637307377066
E02000630,Lambeth 013,2.2174490344850257,1.5223023756112641,1.4973770001403297,1.3270841514085439
E02000631,Lambeth 014,2.0494853630799184,1.4383686657276458,1.421401879870403,1.1739251972991736
E02000632,Lambeth 015,2.1034611233154386,1.357901532537175,1.6365507483237993,1.3758898679289635
E02000633,Lambeth 016,2.4366624514495747,1.718671805710346,1.8627181382685283,1.2998940446416165
E02000634,Lambeth 017,2.15711888405392,1.4414692004402143,1.7367162280756576,1.3705642614117695
E02000635,Lambeth 018,2.139117562795169,1.437884761100972,1.6909912044477704,1.2941554996106186
E02000636,Lambeth 019,2.1301079774931733,1.427810029808227,1.6779484189124605,1.2412933386209812
E02000637,Lambeth 020,2.1306131843271685,1.446685185069763,1.590165075458313,1.2607056861537822
E02000638,Lambeth 021,2.0486777685084516,1.4280023068718344,1.5835378110719036,1.0492180226701815
E02000639,Lambeth 022,1.9573507657354636,1.3211050378173628,1.4904889128660577,1.1280027415264695
E02000640,Lambeth 023,1.8730459721563746,1.2883105649007565,1.3818105083715018,1.006617542112115
E02000641,Lambeth 024,1.8999520805686667,1.3953097521977413,1.4190044179959513,0.8217426791878111
E02000642,Lambeth 025,1.9237308278323213,1.3643568498131742,1.344790726468581,1.1292787584639687
E02000643,Lambeth 026,2.000650767835204,1.2946569799722227,1.52952623958109,1.1760912590556813
E02000644,Lambeth 027,2.0591492354076597,1.409698786529005,1.5038235757230853,1.0991101497375124
E02000645,Lambeth 028,2.0636107948079228,1.4928304706720124,1.5030153976510001,0.9943805844958492
E02000646,Lambeth 029,2.162932148020988,1.467700713244371,1.6639953583883391,1.1718051321571146
E02000647,Lambeth 030,1.8512024740332975,1.2644312272125813,1.2698599789239795,1.1002270628193127
E02000648,Lambeth 031,1.95603155353081,1.3715273182414156,1.416572266424199,0.7007619676053575
E02000649,Lambeth 032,2.0533076028078456,1.4490691322625988,1.5419671584767496,1.0955163051486976
E02000650,Lambeth 033,2.080904827012143,1.53256266359685,1.5275224389573265,0.8554257923903836
E02000651,Lambeth 034,2.049710590849135,1.4216535633613308,1.497374277299449,1.1041309511125632
E02000652,Lambeth 035,1.8828192318688666,1.3190415985067008,1.2484605242209934,1.078476090298533
E02000653,Lewisham 001,1.8597996898549007,1.1906322078836113,1.3763666099347762,1.1973022733926006
E02000654,Lewisham 002,2.0694372118341513,1.3763531860211151,1.5454282265355401,1.3337718240532983
E02000655,Lewisham 003,1.985801760222925,1.3872161432802645,1.3819941026254425,1.154190584753956
E02000657,Lewisham 005,2.0602618599810003,1.4314918026733163,1.5498996721226586,1.2026056535878524
E02000658,Lewisham 006,1.973042286762282,1.4137342758552696,1.459685604616843,0.9155967132975533
E02000659,Lewisham 007,1.7461905883026032,1.1687377368965868,1.1687377368965868,0.98887552031174
E02000660,Lewisham 008,2.048046197704701,1.3795169258452515,1.5224516053571393,1.172140728504438
E02000661,Lewisham 009,2.114820935526013,1.4371126187061207,1.6017958620925725,1.1332533330232752
E02000662,Lewisham 010,1.9715628962685274,1.387322614102544,1.4740758112911496,1.0586128112462623
E02000663,Lewisham 011,2.0107900926493762,1.4367588249216574,1.5299568966839965,0.9642844477334656
E02000665,Lewisham 013,1.9647736558752007,1.437225032461378,1.2812037561810308,1.0325960445027043
E02000666,Lewisham 014,1.9849964426684965,1.4159215138341668,1.4406167409801938,1.02642526471254
E02000667,Lewisham 015,1.8608635382660008,1.2588035469380385,1.2023221909855903,0.9668980633361521
E02000668,Lewisham 016,1.8675014399849494,1.1381987571391228,1.275660613838673,1.0987233537715249
E02000669,Lewisham 017,1.976029374342603,1.4299460387570018,1.3279565002196703,1.083546051450075
E02000670,Lewisham 018,2.13913914071646,1.486873834474508,1.6396416649475654,1.2318459192694184
E02000671,Lewisham 019,2.067480386554728,1.3921710684695934,1.4176674555544417,1.1477418681722615
E02000672,Lewisham 020,2.398322928151866,1.7524479265033468,1.7547001069105528,1.612495970790322
E02000673,Lewisham 021,2.0099866634459174,1.3643227604298698,1.3802828838235968,1.1603357698966639
E02000674,Lewisham 022,1.8276524610244351,1.2472556705438025,1.3070655125236823,0.9956786262173575
E02000675,Lewisham 023,1.9663937294938045,1.3703165995966897,1.3934564031049523,1.0547957084948225
E02000676,Lewisham 024,1.8859453044078711,1.3064511409786501,1.2381278225192336,1.0474114630489326
E02000677,Lewisham 025,2.0435588273396443,1.3879268394408877,1.4949092908008825,1.2629274359528062
E02000678,Lewisham 026,2.029316563686941,1.4947874837748951,1.3705153543303235,1.1325165861253652
E02000679,Lewisham 027,2.038067765970388,1.4374908534265536,1.508367936685599,1.0736330508788152
E02000680,Lewisham 028,2.0651431944667,1.5070295770816855,1.4973134116193951,1.3008942998397548
E02000681,Lewisham 029,2.0925597814904684,1.5321573697979296,1.5214335044061567,1.0514647838386344
E02000682,Lewisham 030,2.0198731492220188,1.4434069040516442,1.316720501173824,1.1823583648360363
E02000683,Lewisham 031,1.8524670993117003,1.3653824476638592,1.2495107310258866,1.116039875369751
E02000685,Lewisham 033,2.021258118788847,1.406788869479065,1.3556363470316837,1.227607304994267
E02000686,Lewisham 034,2.1284131109936015,1.5382991041478313,1.5845612949185937,1.0355383253789892
E02000687,Lewisham 035,2.0120279410761874,1.3991422448714257,1.534397249955702,1.0187740008750816
E02000689,Merton 001,1.8989135793798497,1.0917565645296508,1.3581874467987478,1.1358613442892487
E02000690,Merton 002,1.916729025602622,1.2289914011984515,1.2381347806383212,1.2255720564060049
E02000691,Merton 003,2.1415472965623716,1.4947309879718242,1.5041520619973896,0.9333290404719603
E02000692,Merton 004,1.9970579208669053,1.3438454070915617,1.3514425888420831,0.8109634155585876
E02000693,Merton 005,1.9664883573364065,1.3017324535314894,1.458385603316996,1.0500473141808424
E02000694,Merton 006,1.8970976235629977,1.2555870161907812,1.3129123560047398,0.9179542141886027
E02000695,Merton 007,1.8811743380900623,1.3357882518118736,1.3380922067214378,1.119883845611032
E02000696,Merton 008,1.8162727099249543,1.2294526851537289,1.362550909080347,0.6093171696866966
E02000697,Merton 009,1.9295223414742535,1.2833430904301137,1.3728651698159575,0.9336740746379623
E02000698,Merton 010,1.7755392875647213,1.0730384143335692,1.3045288097886576,1.102872959981733
E02000699,Merton 011,1.592643303029989,0.9159496934051223,0.9919257995775358,0.8003445344865807
E02000700,Merton 012,2.038380976051821,1.5076352003221447,1.5998500921218213,1.1262961007764414
E02000701,Merton 013,1.8904089552328547,1.3765103030186547,1.3515678810162621,0.9174805785478946
E02000702,Merton 014,1.9655709327634456,1.4343938536681742,1.4361003174821911,1.0609680343687198
E02000703,Merton 015,1.9535162643170707,1.2410119089033655,1.4782083503608765,1.202350959917078
E02000704,Merton 016,1.9666671867145977,1.2962030403552027,1.3732501568901416,0.8164454663811384
E02000705,Merton 017,1.8952476752374685,1.4042423012497145,1.385438737427009,0.8821985920026724
E02000706,Merton 018,2.1000491421936114,1.5849834923290815,1.5571791523462826,1.0242736946449074
E02000707,Merton 019,2.021991092703165,1.4869483076224117,1.5226193875647147,1.0042135623286934
E02000708,Merton 020,1.8172744381114,1.1644304389800626,1.3481891389882796,0.9991067834743778
E02000709,Merton 021,1.7106940029079498,1.181103781926297,1.1702909126440795,1.034005013159273
E02000710,Merton 022,2.0069144730043895,1.4243409664811437,1.5208963085981912,1.1056116893632109
E02000711,Merton 023,1.9071280547616798,1.3044999868557896,1.3833021019479501,1.148981592989737
E02000712,Merton 024,1.9209979553091174,1.3253404555902857,1.411526603206569,1.2100730985132153
E02000713,Merton 025,1.7625833375289954,1.1875880416986597,1.1377905733362446,1.0147232568207063
E02000714,Newham 001,2.016142948421081,1.4518715179825183,1.4988172294811295,0.9336740746379623
E02000715,Newham 002,1.9211150187035486,1.397524898191424,1.4695275596119253,1.0476919903378747
E02000716,Newham 003,2.1917753884494413,1.5682209552447468,1.7150352609871513,1.1714117042367331
E02000717,Newham 004,2.008451179708898,1.432630058771711,1.4729733004505263,1.1346421756788323
E02000718,Newham 005,1.906860004149994,1.298203007768801,1.5606379530230328,0.9709853634181054
E02000719,Newham 006,2.002779836307582,1.4589781485936244,1.5261911316018042,0.9850596502070634
E02000720,Newham 007,1.8751571870766628,1.2837087581233664,1.3578692027959403,1.0005668408225667
E02000721,Newham 008,2.201885694604107,1.666445832882404,1.6494517057620535,1.1220530483708118
E02000722,Newham 009,2.059669121487388,1.4677201462054323,1.6283983440500713,0.7569619513137056
E02000723,Newham 010,1.9935377986684426,1.3812215118649314,1.2851091014353375,0.9020778136110885
E02000724,Newham 011,1.7857325901301275,1.2586029676961314,1.2367011262483016,0.779075108104536
E02000725,Newham 012,2.4076105835778105,1.6844092997759335,1.858388667644402,1.2872901842496525
E02000727,Newham 014,1.8846308936288212,1.3114276423233324,1.3425474429007178,0.915423722065669
E02000728,Newham 015,1.8145341832659412,1.1287139032977156,1.3389807803642568,1.0436181045501236
E02000729,Newham 016,1.9284962465328943,1.4262642712302007,1.3541162879137798,0.9130784604969112
E02000730,Newham 017,2.183993085434444,1.421473658064604,1.524914538231618,1.0697834717072447
E02000731,Newham 018,2.365795268383446,1.6112232040771626,1.6640203383753802,1.1339288891910726
E02000732,Newham 019,2.00788948313636,1.4410680594230276,1.5602544671422363,0.7949761783458307
E02000733,Newham 020,2.072948621218769,1.4847673076501355,1.590002709442323,1.1028410246071074
E02000734,Newham 021,1.9671680070816524,1.4442892618013148,1.4589415496731089,0.9612474110079834
E02000735,Newham 022,2.064115533415177,1.4461971865866077,1.5262748095920837,1.1075961808622075
E02000736,Newham 023,1.9131117156729252,1.3324055600646822,1.2532243140170574,1.0915149811213503
E02000737,Newham 024,2.059774172841367,1.4631406721281757,1.5029617229467438,1.136677139879544
E02000738,Newham 025,1.8355289032593105,1.2400592429750983,1.291792761471542,0.9968664409254063
E02000739,Newham 026,2.1230090402311084,1.5450135422327762,1.548230553104774,1.3543779325419234
E02000740,Newham 027,2.1249387366083,1.5082546537716053,1.671601221988668,1.1508393065812357
E02000741,Newham 028,2.1252801114945012,1.709044966429353,1.4007679340170722,1.118877630968268
E02000742,Newham 029,1.891230694322269,1.2853330242794636,1.3151248945349747,1.0664800572032056
E02000743,Newham 030,2.1233203895807993,1.5048456851902368,1.615445566439542,1.2100613282176145
E02000744,Newham 031,1.8995629931052926,1.3418224298256878,1.24814138694783,1.1000054964044872
E02000745,Newham 032,1.8332820083020414,1.2577685054088883,1.3388017563181067,1.0047895433159164
E02000746,Newham 033,2.2808222056586436,1.5625360361392313,1.7279456332414802,1.1492124312532075
E02000747,Newham 034,2.1981571887848115,1.4824484675747749,1.6843750390940448,1.288157925651942
E02000748,Newham 035,2.0660676207082043,1.4294432442634861,1.6424656217150302,1.1838534310549234
E02000749,Newham 036,2.0374256659596544,1.4972916628872546,1.4149245143891476,1.0832954487415036
E02000751,Redbridge 001,1.8216187875238323,1.1701539400180088,1.2467110422394847,0.8163506111919651
E02000752,Redbridge 002,1.9231887160787096,1.4167368593344027,1.4071493953286776,0.9519468268843909
E02000753,Redbridge 003,1.9508071166590433,1.425339775635338,1.3480426734622646,0.9932773077983154
E02000754,Redbridge 004,1.8167139388940936,1.1870866433571443,1.3532263659451416,0.9355420107730815
E02000755,Redbridge 005,1.9208977812443597,1.2686324750024083,1.3169371545769633,1.0112859794825317
E02000756,Redbridge 006,1.8165438198137562,1.2758731420602725,1.2564961967197676,0.9110589166632188
E02000757,Redbridge 007,1.8737017831276166,1.1714038354426703,1.350665141287858,1.0367822733220255
E02000758,Redbridge 008,1.775574328918529,1.2158689156822133,1.1798238114975739,1.0850917468307573
E02000759,Redbridge 009,1.8729017957922653,1.2207923928002482,1.2936480420413816,1.0509586842464829
E02000760,Redbridge 010,2.0002298462514103,1.41396412210668,1.3444245218977873,0.9848982924188787
E02000762,Redbridge 012,1.872387871006017,1.2204815070329569,1.3150376146475358,1.1541021540839969
E02000763,Redbridge 013,2.051026292397981,1.4791539080649068,1.4357826569245937,1.1897018984225045
E02000764,Redbridge 014,1.9737020281201112,1.239499647330686,1.469828614425114,1.1229868480107779
E02000765,Redbridge 015,1.9731021274671225,1.3211129792384786,1.4746384103954184,1.2148438480476977
E02000767,Redbridge 017,1.959915280214695,1.2548244323455788,1.369844103621911,1.2204649104787266
E02000768,Redbridge 018,1.7400632792914827,1.087530944953377,1.0995954563547576,1.1322854677750098
E02000770,Redbridge 020,2.016299709349631,1.7208735912036486,1.21226793998601,0.9104312901900503
E02000772,Redbridge 022,2.1427087843521764,1.559194112537122,1.57458135580874,1.2821990096589952
E02000773,Redbridge 023,1.908200937617927,1.3911405786428708,1.2808149975790115,0.9870267820318085
E02000774,Redbridge 024,2.068313776626469,1.4771571483088315,1.5198530436929754,1.02858669454864
E02000776,Redbridge 026,2.0508571377532228,1.5279783924728851,1.4856685063783865,1.1778715623171823
E02000777,Redbridge 027,1.9306790277146593,1.2787271664410598,1.427544340630079,1.0367571982209403
E02000779,Redbridge 029,2.5644389284731273,1.8310671848451063,1.929936537725115,1.5544100777964915
E02000781,Redbridge 031,1.8897281127409362,1.3380162881936424,1.2982155484989575,1.1925793201366264
E02000782,Redbridge 032,2.241440956593118,1.5749665121499372,1.5966364913817328,1.261332671729257
E02000783,Redbridge 033,2.0429733521776265,1.5243524300398301,1.5296166700321874,1.1890562362200487
E02000784,Richmond upon Thames 001,1.899655114064265,1.0867417574214095,1.427888976293373,1.132406947442825
E02000785,Richmond upon Thames 002,2.0327680205738154,1.2020044329837476,1.4678020521943222,1.1977564017561424
E02000786,Richmond upon Thames 003,1.8568437251574155,1.154136683167631,1.2584888889941532,1.1727633157067536
E02000787,Richmond upon Thames 004,1.8568090598474236,1.129976887802715,1.3344297907370382,1.1888194129031362
E02000788,Richmond upon Thames 005,1.8068849685515516,1.14576570485762,1.1818410703028996,1.1087015377376144
E02000789,Richmond upon Thames 006,1.7680469085724633,1.1206173628256573,1.2932480897718321,1.0895441113705229
E02000790,Richmond upon Thames 007,1.6596810809998335,0.921477274900234,0.973506274904244,1.0509150825716405
E02000791,Richmond upon Thames 008,2.3965908479663103,1.5902486926840038,1.82303226338769,1.2855178294857337
E02000792,Richmond upon Thames 009,1.6495563094472068,0.9338268822402224,1.1216249008291541,0.9247137978358994
E02000793,Richmond upon Thames 010,1.9066742809152526,1.3467874862246563,1.3609505178919707,0.9343402727773461
E02000794,Richmond upon Thames 011,1.9098281400470798,1.2446209850914065,1.3695597216997064,1.0692307016872578
E02000795,Richmond upon Thames 012,1.9998741357817873,1.2292109067906936,1.4811713311555859,1.3405592181296824
E02000796,Richmond upon Thames 013,1.841598341698122,1.324323473935783,1.3633475818374898,0.9191189690744808
E02000797,Richmond upon Thames 014,2.1156508982872624,1.4029335310996907,1.6579634813338584,0.9482045544420077
E02000798,Richmond upon Thames 015,1.8273328938879552,1.1232164826054347,1.3153073975840015,0.9743041082322279
E02000799,Richmond upon Thames 016,1.6951701490572388,1.0742833004697927,1.225874231849533,0.7065524478361052
E02000800,Richmond upon Thames 017,1.8197581280141009,1.3191557774449154,1.283440225178381,0.9947024637881681
E02000801,Richmond upon Thames 018,1.7232065467217474,0.9891840352585225,1.2964629801995053,0.9050244867691433
E02000802,Richmond upon Thames 019,1.7663848836850606,1.1492362215628749,1.1173888543108803,0.8689674469907555
E02000803,Richmond upon Thames 020,1.8985190107031724,1.3416557681124675,1.3293635943079163,1.0378572294770838
E02000804,Richmond upon Thames 021,1.8980894019143448,1.2648523027187628,1.3728902887888614,1.0679687687739314
E02000805,Richmond upon Thames 022,2.080385159197759,1.3155364642946668,1.4694547443991566,1.1507561296500757
E02000806,Richmond upon Thames 023,1.8217458519880412,1.2266448432040515,1.3128811953729487,1.0615587665066972
E02000807,Southwark 001,1.9131357559723785,1.298448103599455,1.4054894479367588,1.1208519686557454
E02000808,Southwark 002,2.5669351461480945,1.7357193272824512,1.9578815337741282,1.476224477559743
E02000810,Southwark 004,2.107816734116867,1.4468993797522092,1.5681927387568724,1.2024813493144106
E02000812,Southwark 006,2.2273106423271347,1.491911372364441,1.628329926656171,1.3595883096040893
E02000813,Southwark 007,2.231342362281126,1.4556770630579001,1.6376771817241016,1.2441251443275085
E02000814,Southwark 008,2.0270249056287155,1.2476756007421248,1.5462995266402275,1.2727703257770386
E02000815,Southwark 009,2.2156752226930543,1.5621106258162196,1.691386429154892,1.1524757275196171
E02000816,Southwark 010,2.0386129722536777,1.44600794317118,1.4344700297774229,1.215957551239143
E02000817,Southwark 011,2.1706804733109193,1.4879905921527605,1.7215613562601215,1.4328014314271438
E02000818,Southwark 012,2.3252630024952037,1.649204790908921,1.8164947693859845,1.2893037832861372
E02000819,Southwark 013,2.1667763671669387,1.4372222751849013,1.5923105876652022,1.206791857629804
E02000820,Southwark 014,2.1236300822004996,1.4590095527559264,1.606080170425229,0.9666719990017865
E02000821,Southwark 015,2.150509445534927,1.5139064672671858,1.68952282799025,1.1424053275982562
E02000822,Southwark 016,2.001035267431605,1.3911499385916861,1.4015526989914535,1.0228666693272033
E02000823,Southwark 017,2.11774123410711,1.4732872574939915,1.49479957218455,1.254479091807679
E02000824,Southwark 018,2.115291521187874,1.5006620988933943,1.5911832706980011,1.1784864715952268
E02000825,Southwark 019,1.9284988971023613,1.3450055016768656,1.440766080008033,1.0150442826935742
E02000826,Southwark 020,2.044438648120188,1.4060286347533817,1.5449575687627113,1.2958288019781734
E02000827,Southwark 021,2.2489100798186947,1.6211711291592061,1.7346896050435332,1.304237563467611
E02000828,Southwark 022,2.218627149528446,1.582103433596364,1.59232259877805,1.2042854596942778
E02000829,Southwark 023,2.057614894923746,1.4185867786496817,1.5277312480747496,1.2454258176025008
E02000830,Southwark 024,2.0260866544862726,1.4914945020198747,1.3506457635222873,1.2850687242556944
E02000831,Southwark 025,2.292490553608721,1.5904124554869101,1.8310444344073262,1.3573376685579646
E02000832,Southwark 026,1.9487693840894358,1.3955686426050529,1.3462070277755525,1.0507095907599275
E02000833,Southwark 027,1.8644538152320684,1.247835103733181,1.2543659708921389,0.8439742776482066
E02000834,Southwark 028,1.9551651930089546,1.1707197095276227,1.4780439382892923,1.1053279744217088
E02000835,Southwark 029,1.907056174209545,1.318872586365571,1.3049961828815826,0.9135032758704057
E02000836,Southwark 030,1.9347572828322326,1.1876612106790203,1.330871243340046,1.1705141712107847
E02000837,Southwark 031,1.8367356779155946,1.1620582100423957,1.2469917849791117,1.2506502394025234
E02000838,Southwark 032,1.7866369143827139,1.1240277882262713,1.218881154224737,0.9828622755350152
E02000839,Southwark 033,1.938946034590022,1.2726621119669197,1.4505591718858635,1.0804464894243937
E02000840,Sutton 001,1.9493631275998053,1.4852223514269798,1.3535822020137436,0.8467340649241314
E02000841,Sutton 002,2.1011971658838204,1.6229493360009037,1.5102450558096154,1.1017341463030363
E02000842,Sutton 003,1.8709372749455213,1.2145662419253478,1.290033279172899,1.004647917851787
E02000843,Sutton 004,1.883832105946338,1.3149049454936816,1.4127094891617678,0.9176250190189811
E02000844,Sutton 005,1.9311343189402959,1.4129129317726312,1.147090244336017,1.026212625420247
E02000845,Sutton 006,1.756086403756706,1.2531908327039905,1.1866721303252918,0.9833147925690823
E02000846,Sutton 007,1.7934965841778163,1.1977635754541525,1.1905251665302332,0.9038459392836005
E02000847,Sutton 008,1.844953518244959,1.2150837569296105,1.367174739581525,1.1760912590556813
E02000848,Sutton 009,1.7206119292748616,1.1382066259433694,1.1458260228135613,1.0812126973782805
E02000849,Sutton 010,1.929243741376001,1.362042120184826,1.4223380220720772,1.0682292933659692
E02000850,Sutton 011,1.9716381109401602,1.3459073755142887,1.3738234562707148,1.1035153796065833
E02000851,Sutton 012,2.288470930156513,1.6453688210096111,1.6939439205691817,1.0548705749649983
E02000852,Sutton 013,1.712198270069774,1.1496468200254852,1.1717343499883235,0.9218540213839803
E02000853,Sutton 014,1.954343936202421,1.4286722907379132,1.2475485943544458,1.085921414610888
E02000854,Sutton 015,1.9220764195149609,1.315886814042462,1.3131117599876898,1.0169070174590582
E02000855,Sutton 016,1.7608354890414828,1.142879199640144,1.1758794597430693,0.8443999537232193
E02000856,Sutton 017,1.9572160873352282,1.3222633877825285,1.3395510226766898,1.1335454638080988
E02000857,Sutton 018,1.7832880492912775,1.25292128261839,1.1179774138926657,0.9735688863608395
E02000858,Sutton 019,1.9363335592640785,1.3988916952481465,1.420366808400071,0.8646764918933229
E02000859,Sutton 020,1.8706790455878632,1.329673019669879,1.3127345977535991,1.087600788873285
E02000860,Sutton 021,1.6226083804106943,1.2009571164127,0.9271740358895811,0.8388317193054056
E02000861,Sutton 022,1.5527291795435503,0.8842484973554319,0.945905398419524,0.7104110474574032
E02000863,Sutton 024,1.8187875137429175,1.3081251107847045,1.2167275224149552,1.1126288883879738
E02000864,Tower Hamlets 001,2.2105456927332483,1.4979991589656518,1.7463618260357465,1.3363524026273523
E02000865,Tower Hamlets 002,2.2230351999509144,1.4487443703805085,1.77948129287752,1.4444077111357196
E02000866,Tower Hamlets 003,2.238611699541396,1.5623213078476526,1.6786981589329952,1.353136353707989
E02000867,Tower Hamlets 004,2.134977952795417,1.510273925591621,1.6650581746451074,1.1533536714228825
E02000868,Tower Hamlets 005,2.3109884765470974,1.5249006594328323,1.8196559094679348,1.3152704347785915
E02000869,Tower Hamlets 006,2.2414253067012835,1.4829906700771085,1.7910444492680524,1.0926202576216932
E02000870,Tower Hamlets 007,2.3413228720456982,1.5936294857329498,1.9528676566498853,1.340117741119015
E02000871,Tower Hamlets 008,2.0780546708843706,1.4304460346270254,1.5836744107232024,1.1717057117255407
E02000872,Tower Hamlets 009,2.390184059686987,1.6031874020754393,1.965381219341496,1.3808106820854529
E02000873,Tower Hamlets 010,2.048053173115609,1.510545010206612,1.5658478186735176,1.0238029146726246
E02000874,Tower Hamlets 011,2.1817352160159342,1.4678342702443823,1.7570191367087322,1.2338135416459997
E02000875,Tower Hamlets 012,2.080266363878658,1.4491065952876192,1.6898885636696894,1.0869893556904366
E02000876,Tower Hamlets 013,2.437373438716008,1.7625253527263296,1.9160873737673951,1.4530558227412627
E02000877,Tower Hamlets 014,2.181058963493002,1.4669155562423264,1.7919342977048112,1.3789419924441222
E02000878,Tower Hamlets 015,2.4573456959235114,1.679623802452647,1.9706695772100273,1.515562384154865
E02000879,Tower Hamlets 016,2.1188417536763153,1.4751578029420587,1.665708344393324,1.0840187345991734
E02000880,Tower Hamlets 017,2.2727799303934333,1.54031531740416,1.8771363794882672,1.0256759774862099
E02000881,Tower Hamlets 018,1.9847600334432631,1.3701109148072803,1.557963284748752,1.0737604789541377
E02000882,Tower Hamlets 019,2.103203709539943,1.4913304161336514,1.64139339032593,1.2961576964213068
E02000883,Tower Hamlets 020,2.188301902857164,1.5142050903885471,1.7739829265327736,1.2377559085293384
E02000884,Tower Hamlets 021,2.288226503879087,1.51353578560495,1.920075966038905,1.3507347007469486
E02000885,Tower Hamlets 022,2.0963674839157624,1.4580953199333553,1.665871441288002,1.0795736892904038
E02000886,Tower Hamlets 023,2.231843228486548,1.4607794433515309,1.8034860695790158,1.3878336236903088
E02000887,Tower Hamlets 024,2.0785895824206846,1.4519631795010504,1.6341813207091453,1.258020577203012
E02000888,Tower Hamlets 025,2.087416301599647,1.3395584110456067,1.704887051050513,1.2334727595030583
E02000889,Tower Hamlets 026,2.0969100130080562,1.3199092122558453,1.7458779445281263,1.1243502616105323
E02000890,Tower Hamlets 027,2.1615717050913847,1.1600415996381541,1.859011603974173,1.1316432442643054
E02000893,Tower Hamlets 030,1.9319630988047425,1.2665161286123872,1.6089388094345933,1.020665906529759
E02000894,Tower Hamlets 031,1.8988667965755102,1.2305205396711092,1.5754560210341721,0.9123072951888058
E02000895,Waltham Forest 001,1.9438752018268148,1.3400581164692533,1.419239362516878,1.2880650184996136
E02000896,Waltham Forest 002,1.8997958193671005,1.244540936108338,1.314858721824658,0.9285512041830659
E02000897,Waltham Forest 003,1.949010658856177,1.366280376475235,1.397538070205677,1.01785444905707
E02000898,Waltham Forest 004,1.8655279879794575,1.232871229059726,1.3240373665169927,1.1407050308127515
E02000899,Waltham Forest 005,1.9343561762277488,1.292380886555468,1.3902881318774731,1.0883877346158934
E02000900,Waltham Forest 006,2.2035304888158285,1.3906171321729728,1.6041707827584466,1.3348211955969018
E02000901,Waltham Forest 007,1.849934168240587,1.150964163904568,1.2766309719020008,1.0165167303242202
E02000902,Waltham Forest 008,1.8953160904661182,1.2932560991381556,1.4497063476867595,1.0544353479581159
E02000903,Waltham Forest 009,2.227524233809192,1.5510185355517496,1.6409720120985982,0.9881276065317645
E02000904,Waltham Forest 010,1.9639922493224542,1.4528025388374746,1.280300510805237,1.0470999784361843
E02000905,Waltham Forest 011,2.054514723752596,1.417201620480669,1.5922271256716902,1.1040942525480621
E02000906,Waltham Forest 012,1.9215333480780632,1.284354100403406,1.4034476009702863,1.0128839973987214
E02000907,Waltham Forest 013,2.0,1.4743812173536335,1.3512710917917417,1.139712761385333
E02000908,Waltham Forest 014,2.1142275875471594,1.446435617120265,1.5862795394000377,1.0948504761701172
E02000909,Waltham Forest 015,1.9874053822781148,1.3190386817329776,1.6064247967304126,1.0420074879249872
E02000910,Waltham Forest 016,1.9952477009254455,1.3360207381390046,1.4511796565751698,1.0248965805286165
E02000911,Waltham Forest 017,2.3485149056840577,1.609656007449589,1.7868467467935265,1.2293172379632338
E02000912,Waltham Forest 018,2.00133697739834,1.431842908221406,1.4251869238128998,1.0602248284099787
E02000913,Waltham Forest 019,1.9086344374382158,1.3334910193411293,1.3458414577275586,0.8676602488073952
E02000914,Waltham Forest 020,2.0981683021187583,1.5086383061657274,1.5967274973464551,1.0299632233774432
E02000915,Waltham Forest 021,2.030715248642241,1.3958922085865195,1.4619120085761734,1.14886650236182
E02000916,Waltham Forest 022,2.101843361950576,1.4148079339593331,1.609073161943601,1.086288010987667
E02000917,Waltham Forest 023,1.9723237322008897,1.3171460816703149,1.462640573134227,0.8763736155119803
E02000918,Waltham Forest 024,2.0582872046421308,1.441518205233827,1.5732429311854188,1.0772509576312745
E02000919,Waltham Forest 025,1.801493552825757,1.278118754399652,1.225412403883649,0.8790606548206332
E02000920,Waltham Forest 026,2.295640235844939,1.6053373839703058,1.7866298367117948,1.196521207020882
E02000921,Waltham Forest 027,2.103910235914488,1.5236967359360762,1.589641692407544,1.145843345742181
E02000922,Waltham Forest 028,1.9076857386810928,1.3014498066989941,1.465486404199227,1.009328224934
E02000923,Wandsworth 001,2.283525901285782,1.5848544837486702,1.777059696775595,1.36799170976003
E02000925,Wandsworth 003,1.850330241998948,1.2898717814605032,1.3422598509201913,0.774455773999052
E02000926,Wandsworth 004,2.150255852715762,1.4825655155717956,1.705149734427263,1.2670084500180874
E02000927,Wandsworth 005,2.154412751844008,1.4848345306952204,1.7590349599365709,1.1086653178566959
E02000928,Wandsworth 006,2.0488197529562213,1.3016545803573047,1.4518501121798282,1.1929161870178684
E02000929,Wandsworth 007,2.0612081245084566,1.4493463370987925,1.652284565333289,1.1565134441423226
E02000930,Wandsworth 008,2.1468877203849255,1.4082050890087032,1.6815415941897447,1.30595518112083
E02000931,Wandsworth 009,1.7861912797124107,0.8709353856654323,1.4261397961336675,0.9242176486386156
E02000932,Wandsworth 010,2.208478457927093,1.5271118649489894,1.5998939295714547,1.372368670633571
E02000933,Wandsworth 011,1.83660240920605,1.0958841777501531,1.3361185079712694,1.2931485996597794
E02000934,Wandsworth 012,2.2432599671795765,1.559013219664264,1.703606644269034,1.3756032994712526
E02000935,Wandsworth 013,2.1758572011239026,1.7281525435523093,1.5493177852789521,1.5519998228016865
E02000936,Wandsworth 014,1.828822821773204,1.21142499470907,1.2057105111846407,1.1792858226339362
E02000937,Wandsworth 015,1.9509855470126132,1.249609472910716,1.2899040677698888,1.2465857428751654
E02000938,Wandsworth 016,1.7265810509962822,1.0688680359942622,1.2334996728828926,1.06625033253141
E02000939,Wandsworth 017,1.8205059923832259,0.9199288059321389,1.1933752799640316,1.2761556202329205
E02000940,Wandsworth 018,2.102637868397837,1.439586247101201,1.4479544150896522,1.14893587958555
E02000941,Wandsworth 019,1.7786775559302759,1.0825414571271197,1.2306824488165171,1.1923257207848963
E02000942,Wandsworth 020,1.8013249480625595,1.0901204873095292,1.1699095633820602,1.1804560644581314
E02000943,Wandsworth 021,2.1218600296977215,1.2688415060473672,1.6236802678024698,1.2594295637991382
E02000944,Wandsworth 022,1.8632168334776902,1.2963385855971308,1.3478105596822352,1.1922677126490788
E02000945,Wandsworth 023,2.1152833313803385,1.5970225506363485,1.4373217077688365,1.3123224350262073
E02000946,Wandsworth 024,2.0947582605539306,1.568993827036105,1.630589898282617,1.0524603073976297
E02000947,Wandsworth 025,1.7713630614368463,1.2063027216407425,1.260660383963335,0.9422493947800679
E02000948,Wandsworth 026,1.7852944127619073,1.1408487384975874,1.2506869692233855,0.9981558593016296
E02000949,Wandsworth 027,2.134526200614025,1.6208215637261618,1.4436974992327127,1.1860379677733186
E02000950,Wandsworth 028,1.88002468292325,1.2561675625004436,1.4570824052811568,1.0974273382412378
E02000951,Wandsworth 029,2.0147008051195145,1.3045183235098026,1.4482535460721502,1.255778160211401
E02000952,Wandsworth 030,2.0030471957795513,1.2594950587907918,1.6810397003582438,0.9096345869998615
E02000953,Wandsworth 031,1.8399158576897763,1.2223744238567358,1.3695019869771003,0.8819643254753325
E02000954,Wandsworth 032,2.053444319226966,1.4713068172166786,1.5245523291699037,1.0696696479660865
E02000955,Wandsworth 033,2.008204523637823,1.3935554050018402,1.4832527697346203,0.9611964882803758
E02000956,Wandsworth 034,2.4324671706561642,1.7469531491692656,1.7774068237359342,1.3828685511099836
E02000957,Wandsworth 035,2.0255030100020175,1.405464369956498,1.5042450009976016,1.074338049663251
E02000958,Wandsworth 036,1.9859825354865532,1.3769565363746266,1.5083293829883364,1.029258771508627
E02000959,Wandsworth 037,1.8385214902626723,1.2475370039783804,1.303179290678708,0.8479776859357694
E02000960,Westminster 001,2.002419474123413,1.2030789246698312,1.463150312654906,0.8618187998011926
E02000961,Westminster 002,1.8482841097697638,1.182390564235331,1.3546041682278105,1.0538123527757919
E02000962,Westminster 003,2.028119319944591,1.3613713271403731,1.5753859165145894,0.9375075517956368
E02000963,Westminster 004,2.1469269328566485,1.5106913235178263,1.7475172291038352,1.1824247644834973
E02000964,Westminster 005,2.1884207185043048,1.4926711329219984,1.790249763545568,1.361361756943763
E02000965,Westminster 006,2.0718726777719225,1.4061190542110686,1.6253672302968996,1.1060185247603875
E02000966,Westminster 007,1.9981320638648807,1.273622136332313,1.5357340659659247,1.0323990470414577
E02000967,Westminster 008,2.4268945058891775,1.5476785652516005,1.8051897066617029,1.0930226224076953
E02000968,Westminster 009,2.224374502071627,1.5799607998266199,1.8086538734772546,1.112235388131655
E02000969,Westminster 010,2.09336253279957,1.385648048847871,1.7073412448113332,1.0074044075231983
E02000970,Westminster 011,2.755173979885665,1.794107900998157,1.9848322113530026,1.2706000398591304
E02000971,Westminster 012,2.5048196234982365,1.7090742919923945,1.8832911653940123,1.4056631044503807
E02000972,Westminster 013,3.284774061994991,2.325568133024116,2.3757441315242724,1.726745568802365
E02000973,Westminster 014,2.2479015854553106,1.5186876924234751,1.8015774625629426,1.253718384383515
E02000974,Westminster 015,2.4109634546269705,1.6910452518111747,1.8820621887967515,1.2596373105057561
E02000975,Westminster 016,2.232430600526663,1.5570134525297392,1.7070447691441415,1.244548639711533
E02000976,Westminster 017,2.407001470567761,1.6465222394078298,1.9452110192569085,1.3231175256268197
E02000977,Westminster 018,3.1902950958149288,2.388834969067276,2.479760676717075,1.4244769507045012
E02000978,Westminster 019,2.6421221760240536,1.830628415029182,1.9482679128959826,1.19047728280752
E02000979,Westminster 020,2.5645920612998614,1.8734187763424885,2.069778459971326,1.083391250349914
E02000980,Westminster 021,2.040621391703603,1.349702391022266,1.7058063306467217,0.8876912376898275
E02000981,Westminster 022,2.2585729581539034,1.5497716336083294,1.8885901901617104,1.0931427734389463
E02000982,Westminster 023,2.338851439322993,1.6447626429257771,1.9255284226838911,0.9387874910316583
E02000983,Westminster 024,1.837399796963979,1.2742113957198598,1.4300048260464766,0.7039493982112609
E02006782,Bromley 040,1.8094808346561182,1.240198258444224,1.1947828667448008,0.8563347660734747
E02006783,Lewisham 037,1.9592211587346446,1.3879415019977046,1.3969896309751015,0.9551119681519538
E02006784,Lewisham 038,2.118037451173125,1.5458581883069995,1.5770517084899434,1.223430880626231
E02006785,Bexley 029,1.9570964953367553,1.4885754123790107,1.3964291891670182,0.7743677026535168
E02006786,Greenwich 033,1.9843724067162483,1.4678280597012652,1.3906075144191683,0.985421532139429
E02006787,Bromley 041,1.9275299611929262,1.2331212311529607,1.3287329039357363,1.1388459058442335
E02006788,Croydon 045,1.9373690735591298,1.4057571209876056,1.3630051405666557,0.8404900977739034
E02006789,Bromley 042,1.8576310099321536,1.3530135816261322,1.1595482265010282,0.9131954232731705
E02006791,Ealing 040,1.816586059138826,1.1356963349203513,1.408416419222953,0.800268664775677
E02006792,Hounslow 029,2.2038557621173176,1.4165994721289121,1.5726041694364603,1.279986702472676
E02006793,Enfield 037,2.26773192227367,1.6207752820581685,1.799011209580439,1.217454501518264
E02006794,Haringey 037,2.3920863971983786,1.7777494735883501,1.8559100505835675,1.4844347867515548
E02006795,Harrow 032,1.7794289226203395,1.206924174854093,1.2705932547234704,1.0109953843014632
E02006796,Hillingdon 033,2.0566498705355687,1.395986523758689,1.404796044515696,1.0904672255301564
E02006798,Lewisham 039,2.346199409652872,1.7414831746811696,1.7665040753027825,1.4918680959158344
E02006799,Barking and Dagenham 023,1.9306387803459037,1.385297766402549,1.316114262049867,1.1967380290333254
E02006800,Redbridge 034,2.044004683554875,1.5340593945736056,1.425286275732859,1.1633780653329038
E02006801,Lambeth 036,2.7390665126819065,2.0137159631257173,2.1241582877771275,1.4162814648691495
E02006802,Southwark 034,2.3358894882857277,1.6647858848114143,1.7253072185656027,1.3466928789958967
E02006836,Sutton 025,1.772007700423233,1.2454303882332929,1.1570084854507554,1.1299864718096426
E02006853,Tower Hamlets 032,2.0010249307225445,1.3734227662531722,1.6677193792581848,0.8773373932647733
E02006854,Tower Hamlets 033,2.388897726420633,1.7137138326216605,1.8498417917323222,1.143111249884954
E02006882,Harrow 033,1.8385416107623256,1.2103710837751551,1.325455065711798,0.9493656444670558
E02006918,Hackney 028,1.9911815349528112,1.298005721232448,1.5550188879120552,1.300652512387801
E02006921,Hackney 029,2.1435640365869997,1.5736887286304386,1.635451707827469,1.3622848239925671
E02006924,Redbridge 035,2.1351883757530743,1.5258093044664447,1.5389423197377272,1.3059934151955312
E02006925,Redbridge 036,1.9562238107125451,1.3319749928725182,1.3403003816566492,1.3181492264094037
E02006927,Greenwich 034,1.9205738148673406,1.3758752920875799,1.327657202979248,1.0688005129764626
E02006928,Greenwich 035,2.123669133961245,1.3460624535322183,1.6607531613512432,1.1626117577953634
E02006930,Greenwich 037,2.1179705793931034,1.462047950851938,1.493029450151686,1.4014170143329443
E02006931,Greenwich 038,2.0556353883100744,1.4727241842708174,1.463450640141856,1.1728462042425343
E02006941,Southwark 035,2.3765146158306405,1.5107406167958277,1.72099343652265,1.111413095181764
E02006942,Southwark 036,2.1756966252421543,1.3647528614622033,1.7115403476868598,1.227655368708894
E02006953,Barnet 042,1.8132995678571946,1.3271770690227416,1.2688601729225975,1.1649234170385443
E02006954,Barnet 043,1.9456856393855946,1.3352021025362986,1.550192366660644,1.0130044602756183
E02006955,Brent 035,2.1579304439032785,1.5538343753255677,1.5868346354284928,0.6122961879997545
E02006956,Brent 036,1.8535279686745467,1.252155696384835,1.3652524704861668,0.869806123431442
E02006968,Ealing 041,2.086010158526659,1.345647469032415,1.6312289733928178,1.2481776883387057
E02006969,Ealing 042,2.4043942496011264,1.5723167195793804,1.674689628288939,1.058182887619102
E02006970,Ealing 043,2.081177369731548,1.5253675456840323,1.6030690816736093,1.4178582375065452
E02006971,Ealing 044,2.088962331140396,1.6248185518075262,1.5463790556958117,1.2587201095694827
E02006972,Hounslow 030,2.0939179341717975,1.50653791953277,1.5607478877604506,1.0801051037685172
E02006973,Hounslow 031,1.895995170227343,1.3600389508303437,1.3125277449513653,1.260515560515678
E02006987,Croydon 046,2.292382253445594,1.6562672292494762,1.7523892871301585,1.1657711068994898
E02006988,Croydon 047,2.2418012289544076,1.6888588569943872,1.6987860202273983,1.3519971880647592
E02006991,Greenwich 039,2.1639565693529224,1.4896505109963767,1.740375388348962,1.127479538985583
E02006992,Greenwich 040,2.3644443756755424,1.629301907424423,1.7902418224074834,1.4265429542804426
E02006993,Greenwich 041,2.012179440097544,1.3780516945840524,1.4313811362857083,1.1070657750433552
E02006994,Greenwich 042,2.529731660359123,1.905529446963649,1.9133292309772072,1.4296030169273752
E02006995,Newham 038,2.0936954589018084,1.217608706292418,1.4610865468967038,1.0317449079475682
E02006996,Newham 039,2.6717007180648067,1.7919233392181813,1.8570732935098748,1.45731286136611
E02006997,Newham 040,2.3593986039617816,1.5310750222201683,2.1002962173700985,1.1396032692747822
E02006998,Newham 041,1.9561467162941182,1.3083292344054807,1.5079015893106849,0.950334788875785
E02006999,Newham 042,1.944870862790079,1.285834818472578,1.5797031409590556,1.0453319202356823
E02007008,Lewisham 040,2.3822620575768525,1.626704784720636,1.6858262368392927,1.2057153223363066
E02007009,Lewisham 041,2.3451085415294903,1.7920811486255699,1.598647333823796,1.4139353846719698
E02007017,Redbridge 037,1.739387741375989,1.2495456551829591,1.110550854110198,1.0081631021506905
E02007018,Redbridge 038,1.9302486322015227,1.3956411886630007,1.3359127560375692,1.2993628362965182
E02007019,Redbridge 039,2.3329933227653603,1.6562997131404935,1.8242730819739954,1.2216804510357175
E02007020,Redbridge 040,1.9016777894849457,1.402454590541274,1.3506475171306485,1.109144469425068
E02007083,Wandsworth 038,2.3223272744664256,1.623627102063227,1.9226292598862136,1.1100957751632072
E02007084,Wandsworth 039,2.0267401620559022,1.430432499617031,1.5570008609588393,1.0852242546828617
E02007108,Hackney 030,2.3512894924109773,1.577665552382813,1.8748178929835924,1.4334783340510266
E02007109,Hackney 031,2.2042886734647666,1.4605750657601304,1.4644527208233322,1.4735895792760787
E02007110,Hackney 032,2.284761933183313,1.5686362358410126,1.686356615444131,1.1506025252539958
E02007111,Hackney 033,2.7864178255205503,2.01241233329707,2.1327289810345516,1.7095943553112805
E02007112,Tower Hamlets 034,1.6254155640054266,0.9420506329999838,1.1887229663413723,0.8259644335454954
E02007113,Tower Hamlets 035,2.243046368583648,1.5587996210683357,1.8756238839155488,1.255237762934422
E02007114,Tower Hamlets 036,2.0236298315158057,1.3022396501525049,1.5625953966895982,0.957462593037678
E02007115,Camden 029,2.2834055809266856,1.5560822924178828,1.8157196029236389,1.2990002136967045
