Mixed tenures,Owned & Private,More private rent,More owned,More social rent,MSOA21CD,Log10-vac,Most deprived,Mixed extremes,Mixed less deprived,Mixed most deprived,Less deprived,Mainly flats,Mainly houses,Mixed types
0.0,0.0,1.0,0.0,0.0,E02000001,1.5171477658614922,0.0,1.0,0.0,0.0,0.0,1.0,0.0,0.0
0.0,0.0,0.0,0.0,1.0,E02000002,0.4385158093786903,1.0,0.0,0.0,0.0,0.0,0.0,1.0,0.0
0.0,1.0,0.0,0.0,0.0,E02000003,0.6437310980888347,0.0,0.0,0.0,1.0,0.0,0.0,1.0,0.0
0.0,0.0,0.0,1.0,0.0,E02000004,0.51959276883311,0.0,0.0,0.0,1.0,0.0,0.0,1.0,0.0
0.0,1.0,0.0,0.0,0.0,E02000005,0.572992975205775,0.0,0.0,0.0,1.0,0.0,0.0,1.0,0.0
0.0,0.0,0.0,0.0,1.0,E02000007,0.5033447731766528,1.0,0.0,0.0,0.0,0.0,0.0,1.0,0.0
0.0,0.0,0.0,0.0,1.0,E02000008,0.5216059533400971,1.0,0.0,0.0,0.0,0.0,0.0,1.0,0.0
0.0,0.0,0.0,0.0,1.0,E02000009,0.35684652744015155,1.0,0.0,0.0,0.0,0.0,0.0,1.0,0.0
0.0,0.0,0.0,0.0,1.0,E02000010,0.41083769335140585,1.0,0.0,0.0,0.0,0.0,0.0,1.0,0.0
0.0,1.0,0.0,0.0,0.0,E02000011,0.725247538136499,1.0,0.0,0.0,0.0,0.0,0.0,1.0,0.0
0.0,0.0,0.0,1.0,0.0,E02000012,0.6020599913279624,0.0,0.0,0.0,1.0,0.0,0.0,1.0,0.0
0.0,0.0,0.0,0.0,1.0,E02000013,0.3411395425017696,1.0,0.0,0.0,0.0,0.0,0.0,1.0,0.0
0.0,0.0,0.0,0.0,1.0,E02000014,0.7207603391397999,1.0,0.0,0.0,0.0,0.0,0.0,1.0,0.0
0.0,0.0,0.0,0.0,1.0,E02000015,0.7935903528089329,1.0,0.0,0.0,0.0,0.0,0.0,0.0,1.0
1.0,0.0,0.0,0.0,0.0,E02000016,0.7588916757116145,1.0,0.0,0.0,0.0,0.0,1.0,0.0,0.0
0.0,0.0,1.0,0.0,0.0,E02000017,0.7376972602221328,1.0,0.0,0.0,0.0,0.0,0.0,1.0,0.0
0.0,0.0,0.0,0.0,1.0,E02000018,0.49783309241514534,1.0,0.0,0.0,0.0,0.0,0.0,1.0,0.0
0.0,0.0,0.0,0.0,1.0,E02000019,0.5427969741148451,1.0,0.0,0.0,0.0,0.0,0.0,1.0,0.0
0.0,0.0,0.0,0.0,1.0,E02000020,0.5759041906674232,0.0,0.0,0.0,1.0,0.0,0.0,1.0,0.0
0.0,1.0,0.0,0.0,0.0,E02000021,0.7737136774078254,1.0,0.0,0.0,0.0,0.0,0.0,1.0,0.0
1.0,0.0,0.0,0.0,0.0,E02000022,0.6600889799263722,0.0,0.0,0.0,1.0,0.0,1.0,0.0,0.0
0.0,0.0,0.0,0.0,1.0,E02000023,0.6925659775776684,1.0,0.0,0.0,0.0,0.0,0.0,0.0,1.0
0.0,0.0,0.0,1.0,0.0,E02000024,0.5165440884448754,0.0,0.0,0.0,0.0,1.0,0.0,1.0,0.0
0.0,1.0,0.0,0.0,0.0,E02000025,0.5507116958551889,0.0,0.0,1.0,0.0,0.0,0.0,0.0,1.0
0.0,0.0,0.0,1.0,0.0,E02000026,0.40842951699096397,0.0,0.0,1.0,0.0,0.0,0.0,1.0,0.0
0.0,1.0,0.0,0.0,0.0,E02000027,0.34296719825523414,0.0,0.0,0.0,1.0,0.0,0.0,1.0,0.0
0.0,1.0,0.0,0.0,0.0,E02000028,0.5048768003108698,0.0,0.0,1.0,0.0,0.0,0.0,0.0,1.0
0.0,1.0,0.0,0.0,0.0,E02000029,0.39334425698288855,0.0,0.0,1.0,0.0,0.0,0.0,0.0,1.0
0.0,0.0,0.0,1.0,0.0,E02000030,0.6170592034407858,0.0,0.0,0.0,0.0,1.0,0.0,1.0,0.0
0.0,0.0,0.0,1.0,0.0,E02000031,0.7515707684464035,0.0,0.0,0.0,0.0,1.0,0.0,1.0,0.0
0.0,0.0,0.0,1.0,0.0,E02000032,0.32322891388185804,0.0,0.0,1.0,0.0,0.0,0.0,1.0,0.0
0.0,1.0,0.0,0.0,0.0,E02000033,0.36555915222710433,0.0,0.0,1.0,0.0,0.0,0.0,1.0,0.0
0.0,1.0,0.0,0.0,0.0,E02000034,0.5835107884242328,0.0,0.0,1.0,0.0,0.0,0.0,0.0,1.0
0.0,1.0,0.0,0.0,0.0,E02000035,0.7293211638552936,0.0,0.0,1.0,0.0,0.0,0.0,0.0,1.0
0.0,1.0,0.0,0.0,0.0,E02000036,0.4872089106286569,0.0,0.0,1.0,0.0,0.0,0.0,1.0,0.0
0.0,1.0,0.0,0.0,0.0,E02000037,0.43077386179346344,0.0,0.0,1.0,0.0,0.0,0.0,1.0,0.0
0.0,1.0,0.0,0.0,0.0,E02000038,0.6194768771389738,0.0,0.0,1.0,0.0,0.0,0.0,0.0,1.0
0.0,0.0,0.0,1.0,0.0,E02000039,0.776977687655338,0.0,0.0,1.0,0.0,0.0,0.0,1.0,0.0
0.0,1.0,0.0,0.0,0.0,E02000040,0.9131400395274203,0.0,0.0,1.0,0.0,0.0,0.0,0.0,1.0
0.0,1.0,0.0,0.0,0.0,E02000041,0.7057319800062165,0.0,0.0,0.0,1.0,0.0,0.0,1.0,0.0
0.0,0.0,1.0,0.0,0.0,E02000042,0.6601178286866242,0.0,0.0,0.0,1.0,0.0,0.0,0.0,1.0
0.0,0.0,0.0,1.0,0.0,E02000043,0.5745535702343318,0.0,0.0,0.0,0.0,1.0,0.0,1.0,0.0
0.0,1.0,0.0,0.0,0.0,E02000044,0.5539317922708411,0.0,0.0,0.0,1.0,0.0,0.0,1.0,0.0
0.0,1.0,0.0,0.0,0.0,E02000045,0.3747279091035848,0.0,0.0,0.0,1.0,0.0,0.0,0.0,1.0
0.0,0.0,1.0,0.0,0.0,E02000046,0.7315418956895308,0.0,0.0,1.0,0.0,0.0,0.0,0.0,1.0
1.0,0.0,0.0,0.0,0.0,E02000047,0.5662450695421971,1.0,0.0,0.0,0.0,0.0,0.0,1.0,0.0
0.0,1.0,0.0,0.0,0.0,E02000048,0.6809096415807336,0.0,0.0,1.0,0.0,0.0,0.0,1.0,0.0
0.0,0.0,0.0,0.0,1.0,E02000049,0.4253011003469448,1.0,0.0,0.0,0.0,0.0,1.0,0.0,0.0
0.0,1.0,0.0,0.0,0.0,E02000050,0.5488776869133043,0.0,0.0,0.0,1.0,0.0,0.0,0.0,1.0
0.0,1.0,0.0,0.0,0.0,E02000051,0.8285831885183682,0.0,0.0,1.0,0.0,0.0,0.0,0.0,1.0
0.0,1.0,0.0,0.0,0.0,E02000052,0.5757559769639605,0.0,0.0,1.0,0.0,0.0,0.0,0.0,1.0
0.0,0.0,1.0,0.0,0.0,E02000054,0.7110041226459439,0.0,0.0,0.0,1.0,0.0,0.0,0.0,1.0
0.0,0.0,1.0,0.0,0.0,E02000055,0.7996588620344237,0.0,0.0,0.0,1.0,0.0,0.0,0.0,1.0
0.0,0.0,0.0,1.0,0.0,E02000056,0.7933871352445059,0.0,0.0,0.0,0.0,1.0,0.0,1.0,0.0
0.0,0.0,1.0,0.0,0.0,E02000057,0.7859694095337368,0.0,0.0,1.0,0.0,0.0,0.0,0.0,1.0
0.0,1.0,0.0,0.0,0.0,E02000058,0.7447274948966939,0.0,0.0,1.0,0.0,0.0,0.0,1.0,0.0
0.0,0.0,1.0,0.0,0.0,E02000059,0.7781205592785884,0.0,0.0,0.0,1.0,0.0,0.0,0.0,1.0
0.0,0.0,1.0,0.0,0.0,E02000060,0.8300011482155512,0.0,0.0,0.0,1.0,0.0,0.0,0.0,1.0
0.0,0.0,1.0,0.0,0.0,E02000061,0.8376121276715147,0.0,0.0,1.0,0.0,0.0,0.0,0.0,1.0
0.0,0.0,1.0,0.0,0.0,E02000062,0.6282953421861625,1.0,0.0,0.0,0.0,0.0,0.0,0.0,1.0
0.0,0.0,1.0,0.0,0.0,E02000063,0.7551516340533956,0.0,0.0,0.0,1.0,0.0,0.0,1.0,0.0
0.0,0.0,1.0,0.0,0.0,E02000064,0.8107699202826492,0.0,0.0,0.0,1.0,0.0,1.0,0.0,0.0
0.0,1.0,0.0,0.0,0.0,E02000065,0.7042843471091346,0.0,0.0,0.0,1.0,0.0,0.0,1.0,0.0
0.0,0.0,0.0,0.0,1.0,E02000066,0.7985110732204204,1.0,0.0,0.0,0.0,0.0,0.0,0.0,1.0
0.0,1.0,0.0,0.0,0.0,E02000067,0.7335496055801887,0.0,0.0,0.0,1.0,0.0,0.0,0.0,1.0
0.0,0.0,0.0,0.0,1.0,E02000068,0.9005796072743439,0.0,0.0,0.0,1.0,0.0,0.0,0.0,1.0
0.0,0.0,0.0,1.0,0.0,E02000069,0.5642984901277768,0.0,0.0,0.0,1.0,0.0,0.0,1.0,0.0
0.0,0.0,0.0,1.0,0.0,E02000070,0.5929279217874904,0.0,0.0,0.0,1.0,0.0,0.0,1.0,0.0
0.0,0.0,0.0,1.0,0.0,E02000071,0.4973651049117633,0.0,0.0,0.0,1.0,0.0,0.0,1.0,0.0
0.0,0.0,0.0,0.0,1.0,E02000072,0.641976566669427,0.0,0.0,0.0,1.0,0.0,0.0,1.0,0.0
0.0,0.0,0.0,1.0,0.0,E02000073,0.4245769331605381,0.0,0.0,1.0,0.0,0.0,0.0,1.0,0.0
0.0,0.0,0.0,0.0,1.0,E02000074,0.47199689562570246,0.0,0.0,0.0,1.0,0.0,0.0,1.0,0.0
0.0,0.0,0.0,1.0,0.0,E02000075,0.45310879631334533,0.0,0.0,1.0,0.0,0.0,0.0,1.0,0.0
0.0,0.0,0.0,1.0,0.0,E02000077,0.3846121046076966,0.0,0.0,1.0,0.0,0.0,0.0,1.0,0.0
0.0,0.0,0.0,1.0,0.0,E02000078,0.4750248975587467,0.0,0.0,1.0,0.0,0.0,0.0,1.0,0.0
0.0,0.0,0.0,1.0,0.0,E02000079,0.7888908245833274,0.0,0.0,1.0,0.0,0.0,0.0,1.0,0.0
0.0,0.0,0.0,1.0,0.0,E02000080,0.5694028635456478,0.0,0.0,1.0,0.0,0.0,0.0,1.0,0.0
0.0,0.0,0.0,1.0,0.0,E02000081,0.43602907482458336,0.0,0.0,1.0,0.0,0.0,0.0,1.0,0.0
0.0,0.0,0.0,1.0,0.0,E02000082,0.3918675942586493,0.0,0.0,0.0,0.0,1.0,0.0,1.0,0.0
0.0,1.0,0.0,0.0,0.0,E02000083,0.6359299380382146,0.0,0.0,1.0,0.0,0.0,0.0,1.0,0.0
0.0,0.0,0.0,1.0,0.0,E02000084,0.48078339930239883,0.0,0.0,1.0,0.0,0.0,0.0,1.0,0.0
0.0,0.0,0.0,1.0,0.0,E02000085,0.5718924421495716,0.0,0.0,1.0,0.0,0.0,0.0,1.0,0.0
0.0,0.0,0.0,1.0,0.0,E02000086,0.4348184166291547,0.0,0.0,1.0,0.0,0.0,0.0,1.0,0.0
0.0,0.0,0.0,1.0,0.0,E02000087,0.582628971914363,0.0,0.0,1.0,0.0,0.0,0.0,1.0,0.0
0.0,0.0,0.0,1.0,0.0,E02000088,0.35454925139046944,0.0,0.0,1.0,0.0,0.0,0.0,1.0,0.0
0.0,0.0,0.0,1.0,0.0,E02000089,0.4385786297795884,0.0,0.0,1.0,0.0,0.0,0.0,1.0,0.0
0.0,1.0,0.0,0.0,0.0,E02000090,0.7369217418126861,0.0,0.0,1.0,0.0,0.0,0.0,0.0,1.0
0.0,0.0,0.0,1.0,0.0,E02000091,0.7666911364885178,0.0,0.0,1.0,0.0,0.0,0.0,1.0,0.0
0.0,1.0,0.0,0.0,0.0,E02000092,0.5379108886588042,0.0,0.0,0.0,1.0,0.0,0.0,1.0,0.0
0.0,1.0,0.0,0.0,0.0,E02000093,0.6257517052620708,0.0,0.0,0.0,1.0,0.0,0.0,1.0,0.0
0.0,1.0,0.0,0.0,0.0,E02000094,0.7937609291944386,0.0,0.0,0.0,1.0,0.0,0.0,0.0,1.0
0.0,1.0,0.0,0.0,0.0,E02000095,0.600090398465058,0.0,0.0,0.0,1.0,0.0,0.0,1.0,0.0
0.0,0.0,0.0,1.0,0.0,E02000096,0.5936268237910995,0.0,0.0,1.0,0.0,0.0,0.0,1.0,0.0
0.0,1.0,0.0,0.0,0.0,E02000097,0.4773061002137929,0.0,0.0,0.0,1.0,0.0,0.0,1.0,0.0
0.0,1.0,0.0,0.0,0.0,E02000098,0.5469730349936829,0.0,0.0,0.0,1.0,0.0,0.0,1.0,0.0
0.0,0.0,1.0,0.0,0.0,E02000099,0.45200823780704114,0.0,0.0,0.0,1.0,0.0,0.0,1.0,0.0
0.0,0.0,0.0,1.0,0.0,E02000100,0.4241526340922846,0.0,0.0,1.0,0.0,0.0,0.0,1.0,0.0
0.0,0.0,1.0,0.0,0.0,E02000101,0.5015031736439998,1.0,0.0,0.0,0.0,0.0,0.0,0.0,1.0
0.0,0.0,1.0,0.0,0.0,E02000102,0.7295970134243354,1.0,0.0,0.0,0.0,0.0,0.0,1.0,0.0
0.0,0.0,1.0,0.0,0.0,E02000103,0.5712851153036165,1.0,0.0,0.0,0.0,0.0,0.0,0.0,1.0
0.0,1.0,0.0,0.0,0.0,E02000104,0.6466127807502668,0.0,0.0,0.0,1.0,0.0,0.0,1.0,0.0
0.0,0.0,1.0,0.0,0.0,E02000105,0.6067262854491521,1.0,0.0,0.0,0.0,0.0,0.0,0.0,1.0
0.0,0.0,1.0,0.0,0.0,E02000106,0.7428930909786642,1.0,0.0,0.0,0.0,0.0,0.0,0.0,1.0
0.0,0.0,1.0,0.0,0.0,E02000107,0.8580094470148296,1.0,0.0,0.0,0.0,0.0,0.0,0.0,1.0
0.0,1.0,0.0,0.0,0.0,E02000108,0.5565069227441862,0.0,0.0,0.0,1.0,0.0,0.0,1.0,0.0
0.0,0.0,1.0,0.0,0.0,E02000110,0.6212657234778445,0.0,0.0,0.0,1.0,0.0,0.0,0.0,1.0
0.0,0.0,1.0,0.0,0.0,E02000111,0.6583572556015447,1.0,0.0,0.0,0.0,0.0,0.0,0.0,1.0
0.0,0.0,1.0,0.0,0.0,E02000112,0.9210464312744459,1.0,0.0,0.0,0.0,0.0,0.0,0.0,1.0
0.0,0.0,0.0,0.0,1.0,E02000113,0.9113785304365154,1.0,0.0,0.0,0.0,0.0,0.0,0.0,1.0
0.0,0.0,1.0,0.0,0.0,E02000114,0.7596053953273117,0.0,0.0,0.0,1.0,0.0,0.0,0.0,1.0
0.0,0.0,1.0,0.0,0.0,E02000115,0.8412828370137414,0.0,0.0,0.0,1.0,0.0,1.0,0.0,0.0
1.0,0.0,0.0,0.0,0.0,E02000116,0.7668901850694553,1.0,0.0,0.0,0.0,0.0,0.0,0.0,1.0
1.0,0.0,0.0,0.0,0.0,E02000117,0.8752019255733032,1.0,0.0,0.0,0.0,0.0,0.0,0.0,1.0
0.0,1.0,0.0,0.0,0.0,E02000118,0.7456364685797849,1.0,0.0,0.0,0.0,0.0,0.0,1.0,0.0
1.0,0.0,0.0,0.0,0.0,E02000119,0.9711736738212939,1.0,0.0,0.0,0.0,0.0,1.0,0.0,0.0
0.0,0.0,1.0,0.0,0.0,E02000120,0.9488941031881676,0.0,0.0,0.0,1.0,0.0,0.0,0.0,1.0
0.0,0.0,1.0,0.0,0.0,E02000121,0.6723842470288915,1.0,0.0,0.0,0.0,0.0,0.0,0.0,1.0
0.0,1.0,0.0,0.0,0.0,E02000122,0.7104214777009771,0.0,0.0,1.0,0.0,0.0,0.0,0.0,1.0
1.0,0.0,0.0,0.0,0.0,E02000123,0.999152044347793,1.0,0.0,0.0,0.0,0.0,0.0,0.0,1.0
0.0,0.0,1.0,0.0,0.0,E02000124,0.9381087143174431,0.0,0.0,1.0,0.0,0.0,0.0,0.0,1.0
0.0,1.0,0.0,0.0,0.0,E02000125,0.7469075363143102,0.0,0.0,1.0,0.0,0.0,0.0,0.0,1.0
0.0,0.0,0.0,0.0,1.0,E02000126,0.9837957309152727,1.0,0.0,0.0,0.0,0.0,1.0,0.0,0.0
0.0,1.0,0.0,0.0,0.0,E02000127,0.5834807254675953,0.0,0.0,0.0,1.0,0.0,0.0,1.0,0.0
0.0,0.0,0.0,1.0,0.0,E02000128,0.5474742930421871,0.0,0.0,0.0,0.0,1.0,0.0,1.0,0.0
0.0,1.0,0.0,0.0,0.0,E02000130,0.6396311047998956,0.0,0.0,1.0,0.0,0.0,0.0,1.0,0.0
0.0,0.0,1.0,0.0,0.0,E02000131,0.7673668603618647,0.0,0.0,1.0,0.0,0.0,1.0,0.0,0.0
0.0,1.0,0.0,0.0,0.0,E02000132,0.8050782388703802,0.0,0.0,0.0,0.0,1.0,1.0,0.0,0.0
0.0,0.0,0.0,1.0,0.0,E02000133,0.6533402662345391,0.0,0.0,0.0,0.0,1.0,0.0,1.0,0.0
0.0,1.0,0.0,0.0,0.0,E02000134,0.7931818091679258,0.0,0.0,1.0,0.0,0.0,0.0,0.0,1.0
0.0,0.0,0.0,0.0,1.0,E02000135,0.8497614589943009,0.0,0.0,0.0,1.0,0.0,0.0,0.0,1.0
0.0,0.0,0.0,1.0,0.0,E02000136,0.6411590511021075,0.0,0.0,1.0,0.0,0.0,0.0,1.0,0.0
0.0,0.0,0.0,1.0,0.0,E02000137,0.7147002564132788,0.0,0.0,0.0,0.0,1.0,0.0,0.0,1.0
0.0,0.0,0.0,1.0,0.0,E02000138,0.7354004104433979,0.0,0.0,0.0,0.0,1.0,0.0,0.0,1.0
0.0,0.0,0.0,1.0,0.0,E02000139,0.6663712623604376,0.0,0.0,0.0,0.0,1.0,0.0,1.0,0.0
0.0,0.0,0.0,0.0,1.0,E02000140,0.6137567935184809,1.0,0.0,0.0,0.0,0.0,0.0,1.0,0.0
0.0,1.0,0.0,0.0,0.0,E02000141,0.7995493950848741,0.0,0.0,1.0,0.0,0.0,0.0,0.0,1.0
0.0,0.0,0.0,1.0,0.0,E02000142,0.6409093453129544,0.0,0.0,0.0,0.0,1.0,0.0,1.0,0.0
0.0,1.0,0.0,0.0,0.0,E02000144,0.811876066105022,0.0,0.0,0.0,0.0,1.0,0.0,0.0,1.0
0.0,0.0,0.0,0.0,1.0,E02000145,0.565049968708429,0.0,0.0,0.0,1.0,0.0,0.0,1.0,0.0
0.0,0.0,0.0,1.0,0.0,E02000146,0.6611534614562158,0.0,0.0,0.0,0.0,1.0,0.0,1.0,0.0
0.0,0.0,0.0,1.0,0.0,E02000147,0.6085908584869202,0.0,0.0,0.0,0.0,1.0,0.0,1.0,0.0
0.0,0.0,0.0,1.0,0.0,E02000148,0.6870197506053842,0.0,0.0,0.0,0.0,1.0,0.0,1.0,0.0
0.0,0.0,0.0,1.0,0.0,E02000149,0.5838805876382129,0.0,0.0,1.0,0.0,0.0,0.0,1.0,0.0
0.0,0.0,0.0,1.0,0.0,E02000150,0.5173151404450789,0.0,0.0,0.0,0.0,1.0,0.0,1.0,0.0
0.0,0.0,0.0,1.0,0.0,E02000151,0.4441234869882039,0.0,0.0,0.0,0.0,1.0,0.0,1.0,0.0
0.0,1.0,0.0,0.0,0.0,E02000152,0.5576824526202752,0.0,0.0,1.0,0.0,0.0,0.0,1.0,0.0
0.0,0.0,0.0,1.0,0.0,E02000153,0.36697089142996475,0.0,0.0,0.0,0.0,1.0,0.0,1.0,0.0
0.0,0.0,0.0,1.0,0.0,E02000154,0.6668655551888018,0.0,0.0,1.0,0.0,0.0,0.0,1.0,0.0
0.0,0.0,0.0,1.0,0.0,E02000155,0.4770288614671273,0.0,0.0,0.0,1.0,0.0,0.0,1.0,0.0
0.0,0.0,0.0,1.0,0.0,E02000156,0.5663935979818384,0.0,0.0,1.0,0.0,0.0,0.0,1.0,0.0
0.0,0.0,0.0,1.0,0.0,E02000157,0.44944982812180406,0.0,0.0,0.0,0.0,1.0,0.0,1.0,0.0
0.0,0.0,0.0,1.0,0.0,E02000158,0.48686566989337515,0.0,0.0,1.0,0.0,0.0,0.0,1.0,0.0
0.0,0.0,0.0,1.0,0.0,E02000159,0.6805566929030054,0.0,0.0,0.0,0.0,1.0,0.0,1.0,0.0
0.0,0.0,0.0,1.0,0.0,E02000160,0.47224540338719984,0.0,0.0,0.0,0.0,1.0,0.0,1.0,0.0
0.0,0.0,0.0,1.0,0.0,E02000161,0.4321770762029015,0.0,0.0,0.0,0.0,1.0,0.0,1.0,0.0
0.0,0.0,0.0,1.0,0.0,E02000162,0.5721471238531673,0.0,0.0,1.0,0.0,0.0,0.0,1.0,0.0
0.0,0.0,0.0,1.0,0.0,E02000163,0.5236989428459409,0.0,0.0,0.0,0.0,1.0,0.0,1.0,0.0
0.0,0.0,0.0,1.0,0.0,E02000165,0.4254286129216255,0.0,0.0,1.0,0.0,0.0,0.0,1.0,0.0
0.0,0.0,0.0,0.0,1.0,E02000166,0.9706162223147904,0.0,0.0,1.0,0.0,0.0,0.0,0.0,1.0
0.0,1.0,0.0,0.0,0.0,E02000167,1.1492277359166236,0.0,0.0,0.0,0.0,1.0,0.0,0.0,1.0
0.0,0.0,1.0,0.0,0.0,E02000168,0.9536009829558693,0.0,0.0,1.0,0.0,0.0,0.0,0.0,1.0
0.0,0.0,1.0,0.0,0.0,E02000169,1.2087853586855728,0.0,0.0,0.0,0.0,1.0,0.0,0.0,1.0
0.0,0.0,1.0,0.0,0.0,E02000170,1.1033247934023047,0.0,0.0,1.0,0.0,0.0,0.0,0.0,1.0
0.0,0.0,1.0,0.0,0.0,E02000171,0.9725617516530605,0.0,0.0,1.0,0.0,0.0,0.0,0.0,1.0
0.0,0.0,0.0,0.0,1.0,E02000172,0.9570387551884806,1.0,0.0,0.0,0.0,0.0,1.0,0.0,0.0
0.0,0.0,1.0,0.0,0.0,E02000173,1.1967977238180525,0.0,0.0,1.0,0.0,0.0,0.0,0.0,1.0
1.0,0.0,0.0,0.0,0.0,E02000174,0.9562648963931684,0.0,0.0,0.0,1.0,0.0,0.0,0.0,1.0
0.0,0.0,1.0,0.0,0.0,E02000175,1.0321461382344528,0.0,0.0,1.0,0.0,0.0,0.0,0.0,1.0
0.0,0.0,1.0,0.0,0.0,E02000176,1.1380983189454252,0.0,0.0,1.0,0.0,0.0,0.0,0.0,1.0
1.0,0.0,0.0,0.0,0.0,E02000177,0.9505221022954938,0.0,0.0,0.0,1.0,0.0,1.0,0.0,0.0
1.0,0.0,0.0,0.0,0.0,E02000178,1.0750588476958622,0.0,0.0,0.0,1.0,0.0,0.0,0.0,1.0
0.0,0.0,1.0,0.0,0.0,E02000179,1.2082079085142148,0.0,1.0,0.0,0.0,0.0,0.0,0.0,1.0
1.0,0.0,0.0,0.0,0.0,E02000180,1.075829573315027,0.0,0.0,0.0,1.0,0.0,0.0,0.0,1.0
0.0,0.0,1.0,0.0,0.0,E02000181,0.9781812885272805,0.0,0.0,0.0,0.0,1.0,0.0,0.0,1.0
0.0,0.0,1.0,0.0,0.0,E02000182,1.2045929415721517,0.0,0.0,1.0,0.0,0.0,1.0,0.0,0.0
1.0,0.0,0.0,0.0,0.0,E02000183,1.1754440496213272,0.0,1.0,0.0,0.0,0.0,0.0,0.0,1.0
1.0,0.0,0.0,0.0,0.0,E02000184,1.040511419224873,0.0,0.0,0.0,1.0,0.0,1.0,0.0,0.0
1.0,0.0,0.0,0.0,0.0,E02000185,1.0065637695023884,1.0,0.0,0.0,0.0,0.0,1.0,0.0,0.0
1.0,0.0,0.0,0.0,0.0,E02000186,1.290439857639949,0.0,1.0,0.0,0.0,0.0,0.0,0.0,1.0
1.0,0.0,0.0,0.0,0.0,E02000187,1.1298814619603965,1.0,0.0,0.0,0.0,0.0,1.0,0.0,0.0
0.0,0.0,0.0,0.0,1.0,E02000188,1.0752701425249598,1.0,0.0,0.0,0.0,0.0,1.0,0.0,0.0
0.0,0.0,1.0,0.0,0.0,E02000191,1.4750925147119613,0.0,1.0,0.0,0.0,0.0,1.0,0.0,0.0
1.0,0.0,0.0,0.0,0.0,E02000192,1.2189067624689724,0.0,0.0,0.0,1.0,0.0,1.0,0.0,0.0
1.0,0.0,0.0,0.0,0.0,E02000193,1.546884876011305,0.0,1.0,0.0,0.0,0.0,1.0,0.0,0.0
0.0,1.0,0.0,0.0,0.0,E02000194,0.8657711876214697,0.0,0.0,1.0,0.0,0.0,0.0,0.0,1.0
0.0,0.0,0.0,1.0,0.0,E02000195,0.6414703104440082,0.0,0.0,1.0,0.0,0.0,0.0,1.0,0.0
0.0,1.0,0.0,0.0,0.0,E02000196,0.6514886320827293,0.0,0.0,0.0,1.0,0.0,0.0,1.0,0.0
0.0,1.0,0.0,0.0,0.0,E02000197,0.7844177650100743,0.0,0.0,0.0,1.0,0.0,0.0,1.0,0.0
0.0,1.0,0.0,0.0,0.0,E02000198,0.860833606855181,0.0,0.0,0.0,1.0,0.0,0.0,0.0,1.0
0.0,1.0,0.0,0.0,0.0,E02000199,0.7433180706471594,0.0,0.0,1.0,0.0,0.0,0.0,1.0,0.0
0.0,1.0,0.0,0.0,0.0,E02000200,0.7776406160133484,0.0,0.0,0.0,1.0,0.0,0.0,0.0,1.0
0.0,0.0,1.0,0.0,0.0,E02000201,0.9708016905534927,0.0,0.0,0.0,1.0,0.0,0.0,0.0,1.0
0.0,1.0,0.0,0.0,0.0,E02000202,0.7339089427160973,0.0,0.0,0.0,1.0,0.0,0.0,1.0,0.0
0.0,0.0,1.0,0.0,0.0,E02000203,0.849185287740037,0.0,0.0,0.0,1.0,0.0,0.0,0.0,1.0
0.0,1.0,0.0,0.0,0.0,E02000204,0.7429439421562767,0.0,0.0,0.0,1.0,0.0,0.0,1.0,0.0
0.0,0.0,1.0,0.0,0.0,E02000206,0.7388979512359701,0.0,0.0,0.0,1.0,0.0,0.0,0.0,1.0
0.0,1.0,0.0,0.0,0.0,E02000207,0.7830886260495206,0.0,0.0,0.0,1.0,0.0,0.0,1.0,0.0
1.0,0.0,0.0,0.0,0.0,E02000208,0.8674024817712972,1.0,0.0,0.0,0.0,0.0,0.0,0.0,1.0
0.0,1.0,0.0,0.0,0.0,E02000209,0.7009852955713444,0.0,0.0,0.0,1.0,0.0,0.0,1.0,0.0
0.0,1.0,0.0,0.0,0.0,E02000210,0.6003625791318219,0.0,0.0,1.0,0.0,0.0,0.0,1.0,0.0
0.0,0.0,0.0,1.0,0.0,E02000211,0.5532235423961094,0.0,0.0,1.0,0.0,0.0,0.0,1.0,0.0
0.0,0.0,1.0,0.0,0.0,E02000212,0.7297304449950662,1.0,0.0,0.0,0.0,0.0,0.0,1.0,0.0
0.0,0.0,1.0,0.0,0.0,E02000213,0.7806184101823109,0.0,0.0,0.0,1.0,0.0,1.0,0.0,0.0
0.0,0.0,0.0,1.0,0.0,E02000214,0.6548937196075719,0.0,0.0,1.0,0.0,0.0,0.0,1.0,0.0
0.0,0.0,1.0,0.0,0.0,E02000215,0.8191741817858638,0.0,0.0,0.0,1.0,0.0,0.0,0.0,1.0
0.0,1.0,0.0,0.0,0.0,E02000216,0.7422098386754474,0.0,0.0,1.0,0.0,0.0,0.0,0.0,1.0
0.0,0.0,1.0,0.0,0.0,E02000217,0.9383136435326643,0.0,0.0,0.0,1.0,0.0,0.0,0.0,1.0
0.0,1.0,0.0,0.0,0.0,E02000218,0.6189026235555318,0.0,0.0,0.0,1.0,0.0,0.0,1.0,0.0
0.0,0.0,0.0,1.0,0.0,E02000219,0.5942982261621492,0.0,0.0,1.0,0.0,0.0,0.0,1.0,0.0
0.0,0.0,0.0,0.0,1.0,E02000221,0.7366212606141253,0.0,0.0,0.0,1.0,0.0,0.0,1.0,0.0
0.0,1.0,0.0,0.0,0.0,E02000222,0.7743536639445274,0.0,0.0,1.0,0.0,0.0,0.0,0.0,1.0
0.0,0.0,0.0,0.0,1.0,E02000223,0.5638073384817516,1.0,0.0,0.0,0.0,0.0,0.0,1.0,0.0
0.0,1.0,0.0,0.0,0.0,E02000224,0.8544878976003016,0.0,0.0,1.0,0.0,0.0,0.0,0.0,1.0
0.0,0.0,0.0,0.0,1.0,E02000225,0.49611434420885364,1.0,0.0,0.0,0.0,0.0,0.0,1.0,0.0
0.0,0.0,0.0,1.0,0.0,E02000226,0.5054522013536078,0.0,0.0,0.0,0.0,1.0,0.0,1.0,0.0
0.0,0.0,0.0,1.0,0.0,E02000227,0.523399170126201,0.0,0.0,1.0,0.0,0.0,0.0,1.0,0.0
0.0,0.0,0.0,1.0,0.0,E02000228,0.44885859926248173,0.0,0.0,0.0,0.0,1.0,0.0,1.0,0.0
0.0,0.0,0.0,0.0,1.0,E02000229,0.8853388054108828,1.0,0.0,0.0,0.0,0.0,0.0,1.0,0.0
0.0,1.0,0.0,0.0,0.0,E02000230,0.9232570364377538,0.0,0.0,1.0,0.0,0.0,0.0,1.0,0.0
0.0,0.0,0.0,1.0,0.0,E02000231,0.7373549188816407,0.0,0.0,0.0,0.0,1.0,0.0,1.0,0.0
0.0,0.0,0.0,1.0,0.0,E02000232,0.6119762184214386,0.0,0.0,1.0,0.0,0.0,0.0,1.0,0.0
0.0,0.0,0.0,1.0,0.0,E02000233,0.7116819698521566,0.0,0.0,0.0,0.0,1.0,0.0,1.0,0.0
0.0,1.0,0.0,0.0,0.0,E02000234,0.7543111120649891,0.0,0.0,1.0,0.0,0.0,0.0,1.0,0.0
0.0,0.0,0.0,1.0,0.0,E02000235,0.5382330148991642,0.0,0.0,0.0,0.0,1.0,0.0,1.0,0.0
0.0,0.0,0.0,1.0,0.0,E02000236,0.45898143206591263,0.0,0.0,0.0,0.0,1.0,0.0,1.0,0.0
0.0,0.0,0.0,1.0,0.0,E02000237,0.632479646152466,0.0,0.0,1.0,0.0,0.0,0.0,1.0,0.0
0.0,1.0,0.0,0.0,0.0,E02000238,0.9142587769582792,0.0,0.0,0.0,1.0,0.0,0.0,1.0,0.0
0.0,0.0,0.0,1.0,0.0,E02000239,0.7065037306821043,0.0,0.0,1.0,0.0,0.0,0.0,1.0,0.0
0.0,0.0,0.0,0.0,1.0,E02000240,0.5430527980477594,0.0,0.0,0.0,1.0,0.0,0.0,0.0,1.0
0.0,1.0,0.0,0.0,0.0,E02000241,0.5890220296273498,0.0,0.0,0.0,1.0,0.0,0.0,1.0,0.0
0.0,1.0,0.0,0.0,0.0,E02000242,0.6605392708593883,0.0,0.0,0.0,1.0,0.0,0.0,1.0,0.0
0.0,1.0,0.0,0.0,0.0,E02000243,0.5678327305574118,0.0,0.0,0.0,1.0,0.0,0.0,1.0,0.0
0.0,1.0,0.0,0.0,0.0,E02000244,0.645693788258782,0.0,0.0,0.0,1.0,0.0,0.0,1.0,0.0
0.0,0.0,0.0,0.0,1.0,E02000245,0.5877572922344765,1.0,0.0,0.0,0.0,0.0,0.0,0.0,1.0
0.0,1.0,0.0,0.0,0.0,E02000246,0.5461085859988124,1.0,0.0,0.0,0.0,0.0,0.0,0.0,1.0
0.0,1.0,0.0,0.0,0.0,E02000247,0.5494924984069726,1.0,0.0,0.0,0.0,0.0,0.0,0.0,1.0
0.0,0.0,1.0,0.0,0.0,E02000248,1.0293570900174986,0.0,0.0,0.0,1.0,0.0,0.0,0.0,1.0
0.0,1.0,0.0,0.0,0.0,E02000249,0.5971656695969132,0.0,0.0,0.0,1.0,0.0,0.0,0.0,1.0
0.0,0.0,0.0,1.0,0.0,E02000250,0.5692932624139865,0.0,0.0,0.0,0.0,1.0,0.0,1.0,0.0
0.0,1.0,0.0,0.0,0.0,E02000251,0.6470003706750584,0.0,0.0,0.0,1.0,0.0,0.0,1.0,0.0
0.0,0.0,1.0,0.0,0.0,E02000252,0.7058327975058899,0.0,0.0,0.0,1.0,0.0,0.0,0.0,1.0
0.0,0.0,0.0,0.0,1.0,E02000253,0.49855730313877256,1.0,0.0,0.0,0.0,0.0,0.0,0.0,1.0
0.0,1.0,0.0,0.0,0.0,E02000254,0.5956139437603439,1.0,0.0,0.0,0.0,0.0,0.0,1.0,0.0
0.0,1.0,0.0,0.0,0.0,E02000255,0.5005790020311348,0.0,0.0,1.0,0.0,0.0,0.0,0.0,1.0
0.0,0.0,1.0,0.0,0.0,E02000256,0.6911073835273142,0.0,0.0,0.0,0.0,1.0,0.0,0.0,1.0
0.0,0.0,1.0,0.0,0.0,E02000258,0.7850934786739043,0.0,0.0,1.0,0.0,0.0,0.0,0.0,1.0
0.0,1.0,0.0,0.0,0.0,E02000259,0.4983439623424001,0.0,0.0,1.0,0.0,0.0,0.0,1.0,0.0
0.0,0.0,1.0,0.0,0.0,E02000260,0.9121896186050052,1.0,0.0,0.0,0.0,0.0,0.0,1.0,0.0
0.0,0.0,1.0,0.0,0.0,E02000261,0.7785611555409289,0.0,0.0,0.0,1.0,0.0,0.0,0.0,1.0
0.0,0.0,1.0,0.0,0.0,E02000262,0.9488725457786584,0.0,0.0,0.0,1.0,0.0,0.0,0.0,1.0
0.0,0.0,1.0,0.0,0.0,E02000263,0.9178587649574852,1.0,0.0,0.0,0.0,0.0,0.0,1.0,0.0
0.0,0.0,1.0,0.0,0.0,E02000264,0.7868100840632317,0.0,0.0,1.0,0.0,0.0,0.0,0.0,1.0
0.0,0.0,1.0,0.0,0.0,E02000265,0.7528742390192862,0.0,0.0,0.0,1.0,0.0,0.0,0.0,1.0
0.0,0.0,0.0,0.0,1.0,E02000266,0.9929276907880412,1.0,0.0,0.0,0.0,0.0,0.0,0.0,1.0
0.0,1.0,0.0,0.0,0.0,E02000267,0.613927745153224,0.0,0.0,1.0,0.0,0.0,0.0,1.0,0.0
0.0,1.0,0.0,0.0,0.0,E02000268,0.7199665519070697,0.0,0.0,1.0,0.0,0.0,0.0,0.0,1.0
0.0,1.0,0.0,0.0,0.0,E02000269,0.7478159340387837,0.0,0.0,0.0,0.0,1.0,0.0,1.0,0.0
1.0,0.0,0.0,0.0,0.0,E02000270,0.9321517165700217,0.0,0.0,1.0,0.0,0.0,1.0,0.0,0.0
0.0,1.0,0.0,0.0,0.0,E02000271,0.7582664491969091,0.0,0.0,0.0,0.0,1.0,0.0,1.0,0.0
0.0,0.0,0.0,1.0,0.0,E02000272,0.6183107268609941,0.0,0.0,0.0,0.0,1.0,0.0,1.0,0.0
0.0,0.0,1.0,0.0,0.0,E02000275,1.103163576769196,1.0,0.0,0.0,0.0,0.0,0.0,0.0,1.0
0.0,1.0,0.0,0.0,0.0,E02000276,0.7230547062339275,0.0,0.0,0.0,0.0,1.0,0.0,0.0,1.0
0.0,1.0,0.0,0.0,0.0,E02000277,0.6151694079439214,1.0,0.0,0.0,0.0,0.0,0.0,1.0,0.0
0.0,0.0,0.0,0.0,1.0,E02000278,0.6247408584876465,1.0,0.0,0.0,0.0,0.0,0.0,1.0,0.0
0.0,0.0,1.0,0.0,0.0,E02000279,0.8598473422625342,1.0,0.0,0.0,0.0,0.0,0.0,1.0,0.0
0.0,1.0,0.0,0.0,0.0,E02000280,0.6789917893802508,0.0,0.0,0.0,1.0,0.0,0.0,1.0,0.0
0.0,1.0,0.0,0.0,0.0,E02000281,0.8181564120552274,0.0,0.0,0.0,1.0,0.0,0.0,1.0,0.0
1.0,0.0,0.0,0.0,0.0,E02000282,0.711151662201886,1.0,0.0,0.0,0.0,0.0,0.0,0.0,1.0
0.0,1.0,0.0,0.0,0.0,E02000283,0.6206796190764702,1.0,0.0,0.0,0.0,0.0,0.0,1.0,0.0
0.0,1.0,0.0,0.0,0.0,E02000284,0.7002223945867813,0.0,0.0,1.0,0.0,0.0,0.0,1.0,0.0
0.0,0.0,0.0,1.0,0.0,E02000285,0.39742329893600714,0.0,0.0,0.0,0.0,1.0,0.0,1.0,0.0
0.0,1.0,0.0,0.0,0.0,E02000286,0.8169582455085106,0.0,0.0,1.0,0.0,0.0,0.0,0.0,1.0
0.0,0.0,0.0,1.0,0.0,E02000287,0.9530624647763856,0.0,0.0,1.0,0.0,0.0,0.0,1.0,0.0
0.0,0.0,1.0,0.0,0.0,E02000288,0.6925039620867871,1.0,0.0,0.0,0.0,0.0,0.0,1.0,0.0
0.0,0.0,0.0,1.0,0.0,E02000289,0.3753508873365183,0.0,0.0,0.0,0.0,1.0,0.0,1.0,0.0
1.0,0.0,0.0,0.0,0.0,E02000290,0.8826968283501003,1.0,0.0,0.0,0.0,0.0,0.0,0.0,1.0
0.0,1.0,0.0,0.0,0.0,E02000291,0.7610548830778006,0.0,0.0,0.0,1.0,0.0,0.0,0.0,1.0
0.0,1.0,0.0,0.0,0.0,E02000292,0.6000691542992315,0.0,0.0,1.0,0.0,0.0,0.0,1.0,0.0
0.0,0.0,0.0,1.0,0.0,E02000293,0.5033740661733701,0.0,0.0,0.0,0.0,1.0,0.0,1.0,0.0
0.0,1.0,0.0,0.0,0.0,E02000294,0.5697189275376946,1.0,0.0,0.0,0.0,0.0,0.0,1.0,0.0
0.0,1.0,0.0,0.0,0.0,E02000295,0.5318029185019527,0.0,0.0,1.0,0.0,0.0,0.0,1.0,0.0
0.0,0.0,1.0,0.0,0.0,E02000296,0.8541713057341206,0.0,0.0,0.0,1.0,0.0,0.0,0.0,1.0
0.0,0.0,0.0,1.0,0.0,E02000297,0.5968674749412669,0.0,0.0,1.0,0.0,0.0,0.0,1.0,0.0
0.0,0.0,0.0,1.0,0.0,E02000298,0.5446749154147454,0.0,0.0,0.0,0.0,1.0,0.0,1.0,0.0
0.0,0.0,1.0,0.0,0.0,E02000299,0.8691202924237951,1.0,0.0,0.0,0.0,0.0,0.0,1.0,0.0
0.0,0.0,1.0,0.0,0.0,E02000300,0.8236382367425475,1.0,0.0,0.0,0.0,0.0,0.0,1.0,0.0
1.0,0.0,0.0,0.0,0.0,E02000301,0.9043211177952861,1.0,0.0,0.0,0.0,0.0,0.0,0.0,1.0
0.0,0.0,0.0,1.0,0.0,E02000302,0.6216555473913432,0.0,0.0,0.0,1.0,0.0,0.0,1.0,0.0
1.0,0.0,0.0,0.0,0.0,E02000303,0.9185375788660199,1.0,0.0,0.0,0.0,0.0,0.0,0.0,1.0
0.0,0.0,0.0,1.0,0.0,E02000304,0.6277161266904953,0.0,0.0,0.0,0.0,1.0,0.0,1.0,0.0
0.0,1.0,0.0,0.0,0.0,E02000305,0.8359283016370593,0.0,0.0,1.0,0.0,0.0,0.0,0.0,1.0
1.0,0.0,0.0,0.0,0.0,E02000306,0.6579430408683773,1.0,0.0,0.0,0.0,0.0,1.0,0.0,0.0
0.0,1.0,0.0,0.0,0.0,E02000307,0.6774093546817592,0.0,0.0,0.0,1.0,0.0,0.0,1.0,0.0
0.0,1.0,0.0,0.0,0.0,E02000308,0.8539970671548043,0.0,0.0,0.0,1.0,0.0,0.0,0.0,1.0
0.0,0.0,1.0,0.0,0.0,E02000309,0.7993373084620786,1.0,0.0,0.0,0.0,0.0,0.0,1.0,0.0
0.0,1.0,0.0,0.0,0.0,E02000311,0.7353629071145462,1.0,0.0,0.0,0.0,0.0,0.0,1.0,0.0
0.0,0.0,1.0,0.0,0.0,E02000312,0.8832815936383911,0.0,0.0,0.0,1.0,0.0,0.0,0.0,1.0
0.0,0.0,0.0,0.0,1.0,E02000313,0.28481623479658813,1.0,0.0,0.0,0.0,0.0,0.0,0.0,1.0
0.0,0.0,1.0,0.0,0.0,E02000314,0.5527496539625871,0.0,0.0,0.0,1.0,0.0,0.0,1.0,0.0
0.0,0.0,0.0,0.0,1.0,E02000315,0.654596562920027,1.0,0.0,0.0,0.0,0.0,0.0,1.0,0.0
0.0,0.0,0.0,0.0,1.0,E02000317,0.9261407135884174,1.0,0.0,0.0,0.0,0.0,0.0,0.0,1.0
0.0,0.0,1.0,0.0,0.0,E02000318,0.6042660100148521,1.0,0.0,0.0,0.0,0.0,0.0,1.0,0.0
1.0,0.0,0.0,0.0,0.0,E02000319,0.6923880504700188,0.0,0.0,0.0,1.0,0.0,0.0,0.0,1.0
0.0,1.0,0.0,0.0,0.0,E02000320,0.5408698465778929,0.0,0.0,0.0,1.0,0.0,0.0,1.0,0.0
0.0,0.0,0.0,0.0,1.0,E02000321,0.6744173236394727,1.0,0.0,0.0,0.0,0.0,0.0,0.0,1.0
1.0,0.0,0.0,0.0,0.0,E02000323,0.7439608671920588,0.0,0.0,0.0,1.0,0.0,0.0,0.0,1.0
0.0,0.0,0.0,0.0,1.0,E02000324,0.6607589779639831,1.0,0.0,0.0,0.0,0.0,0.0,0.0,1.0
0.0,1.0,0.0,0.0,0.0,E02000326,0.6242681597438046,0.0,0.0,1.0,0.0,0.0,0.0,1.0,0.0
1.0,0.0,0.0,0.0,0.0,E02000327,1.0197604544008332,0.0,0.0,0.0,1.0,0.0,0.0,0.0,1.0
0.0,1.0,0.0,0.0,0.0,E02000328,0.8615947650649969,0.0,0.0,1.0,0.0,0.0,0.0,0.0,1.0
0.0,1.0,0.0,0.0,0.0,E02000329,0.43521390094670737,0.0,0.0,0.0,1.0,0.0,0.0,1.0,0.0
0.0,0.0,0.0,0.0,1.0,E02000331,0.6789455548206533,0.0,0.0,0.0,1.0,0.0,0.0,0.0,1.0
0.0,1.0,0.0,0.0,0.0,E02000332,0.7367129244832292,0.0,0.0,1.0,0.0,0.0,0.0,1.0,0.0
0.0,1.0,0.0,0.0,0.0,E02000333,0.8838259167179391,0.0,0.0,0.0,0.0,1.0,0.0,0.0,1.0
0.0,1.0,0.0,0.0,0.0,E02000334,0.6468371327547365,0.0,0.0,0.0,1.0,0.0,0.0,1.0,0.0
0.0,0.0,0.0,1.0,0.0,E02000335,0.4816485650751417,0.0,0.0,1.0,0.0,0.0,0.0,1.0,0.0
0.0,0.0,0.0,0.0,1.0,E02000337,0.40811130452527583,0.0,0.0,0.0,1.0,0.0,0.0,1.0,0.0
0.0,0.0,0.0,1.0,0.0,E02000339,0.5826008712936618,0.0,0.0,1.0,0.0,0.0,0.0,1.0,0.0
0.0,1.0,0.0,0.0,0.0,E02000340,0.7680588893352395,0.0,0.0,1.0,0.0,0.0,0.0,0.0,1.0
0.0,0.0,0.0,0.0,1.0,E02000341,0.6330113709494717,1.0,0.0,0.0,0.0,0.0,0.0,1.0,0.0
0.0,1.0,0.0,0.0,0.0,E02000342,0.6041923744101317,0.0,0.0,0.0,1.0,0.0,0.0,1.0,0.0
0.0,1.0,0.0,0.0,0.0,E02000343,0.5319637688002167,0.0,0.0,0.0,1.0,0.0,0.0,1.0,0.0
0.0,0.0,0.0,1.0,0.0,E02000344,0.5589541107256172,0.0,0.0,1.0,0.0,0.0,0.0,1.0,0.0
0.0,0.0,1.0,0.0,0.0,E02000345,1.1646745292630536,1.0,0.0,0.0,0.0,0.0,0.0,0.0,1.0
1.0,0.0,0.0,0.0,0.0,E02000346,1.1142505378269771,0.0,0.0,0.0,1.0,0.0,1.0,0.0,0.0
1.0,0.0,0.0,0.0,0.0,E02000347,1.137735105035878,1.0,0.0,0.0,0.0,0.0,0.0,0.0,1.0
1.0,0.0,0.0,0.0,0.0,E02000348,1.0882818303794837,1.0,0.0,0.0,0.0,0.0,1.0,0.0,0.0
0.0,0.0,1.0,0.0,0.0,E02000350,0.9026032006732007,0.0,0.0,0.0,1.0,0.0,0.0,0.0,1.0
0.0,0.0,1.0,0.0,0.0,E02000351,0.8705686865960816,0.0,0.0,1.0,0.0,0.0,0.0,0.0,1.0
0.0,0.0,0.0,0.0,1.0,E02000352,0.7746907182741372,0.0,0.0,1.0,0.0,0.0,1.0,0.0,0.0
0.0,0.0,1.0,0.0,0.0,E02000353,0.9358939308448152,0.0,0.0,1.0,0.0,0.0,0.0,0.0,1.0
1.0,0.0,0.0,0.0,0.0,E02000354,0.879466316649413,0.0,0.0,0.0,1.0,0.0,0.0,0.0,1.0
0.0,0.0,1.0,0.0,0.0,E02000355,1.0786080280190282,0.0,0.0,0.0,1.0,0.0,0.0,0.0,1.0
0.0,0.0,1.0,0.0,0.0,E02000356,0.8016882975965399,0.0,0.0,0.0,0.0,1.0,0.0,0.0,1.0
0.0,0.0,0.0,0.0,1.0,E02000357,0.6896101778729754,1.0,0.0,0.0,0.0,0.0,1.0,0.0,0.0
1.0,0.0,0.0,0.0,0.0,E02000358,0.9144834437931277,0.0,0.0,0.0,1.0,0.0,0.0,0.0,1.0
0.0,0.0,0.0,0.0,1.0,E02000359,0.8311663945388622,0.0,0.0,0.0,1.0,0.0,0.0,1.0,0.0
0.0,0.0,0.0,0.0,1.0,E02000360,0.8163115591937973,0.0,0.0,0.0,1.0,0.0,1.0,0.0,0.0
1.0,0.0,0.0,0.0,0.0,E02000361,0.9640393951204448,0.0,0.0,0.0,1.0,0.0,1.0,0.0,0.0
1.0,0.0,0.0,0.0,0.0,E02000362,0.8312079796858182,0.0,0.0,0.0,1.0,0.0,0.0,0.0,1.0
0.0,0.0,0.0,0.0,1.0,E02000363,0.5973393526553781,1.0,0.0,0.0,0.0,0.0,1.0,0.0,0.0
1.0,0.0,0.0,0.0,0.0,E02000364,0.908172343193516,0.0,0.0,1.0,0.0,0.0,0.0,0.0,1.0
0.0,0.0,0.0,0.0,1.0,E02000366,0.734276210798791,0.0,0.0,0.0,1.0,0.0,0.0,0.0,1.0
1.0,0.0,0.0,0.0,0.0,E02000367,0.853520593362544,0.0,0.0,1.0,0.0,0.0,1.0,0.0,0.0
0.0,0.0,0.0,0.0,1.0,E02000368,0.6621415709589057,0.0,0.0,0.0,1.0,0.0,1.0,0.0,0.0
1.0,0.0,0.0,0.0,0.0,E02000369,0.868545470929698,0.0,0.0,1.0,0.0,0.0,1.0,0.0,0.0
1.0,0.0,0.0,0.0,0.0,E02000370,0.9338480758063787,0.0,0.0,0.0,1.0,0.0,1.0,0.0,0.0
1.0,0.0,0.0,0.0,0.0,E02000372,1.1860898470159549,1.0,0.0,0.0,0.0,0.0,0.0,0.0,1.0
0.0,0.0,0.0,0.0,1.0,E02000373,0.6372881126205183,1.0,0.0,0.0,0.0,0.0,1.0,0.0,0.0
1.0,0.0,0.0,0.0,0.0,E02000374,0.8034171038427316,0.0,0.0,0.0,1.0,0.0,0.0,0.0,1.0
1.0,0.0,0.0,0.0,0.0,E02000375,1.1344840545145303,0.0,0.0,0.0,1.0,0.0,1.0,0.0,0.0
1.0,0.0,0.0,0.0,0.0,E02000376,1.0802608351513117,0.0,0.0,0.0,1.0,0.0,0.0,0.0,1.0
1.0,0.0,0.0,0.0,0.0,E02000377,1.0591620271158275,0.0,0.0,0.0,1.0,0.0,0.0,0.0,1.0
0.0,0.0,1.0,0.0,0.0,E02000378,1.0824580725588298,0.0,0.0,0.0,1.0,0.0,0.0,0.0,1.0
0.0,1.0,0.0,0.0,0.0,E02000379,0.8691476708679774,0.0,0.0,1.0,0.0,0.0,0.0,0.0,1.0
0.0,0.0,1.0,0.0,0.0,E02000380,1.0553631313341325,0.0,0.0,1.0,0.0,0.0,0.0,0.0,1.0
0.0,0.0,1.0,0.0,0.0,E02000381,1.1266327201578823,0.0,0.0,1.0,0.0,0.0,0.0,0.0,1.0
0.0,0.0,1.0,0.0,0.0,E02000382,1.092077565480144,0.0,0.0,1.0,0.0,0.0,0.0,0.0,1.0
0.0,0.0,1.0,0.0,0.0,E02000383,1.1997874980454746,0.0,0.0,1.0,0.0,0.0,1.0,0.0,0.0
1.0,0.0,0.0,0.0,0.0,E02000384,1.0434173717246396,0.0,0.0,0.0,1.0,0.0,1.0,0.0,0.0
0.0,0.0,1.0,0.0,0.0,E02000385,1.1384458957766033,0.0,0.0,1.0,0.0,0.0,0.0,0.0,1.0
1.0,0.0,0.0,0.0,0.0,E02000386,1.1475200063631437,1.0,0.0,0.0,0.0,0.0,1.0,0.0,0.0
1.0,0.0,0.0,0.0,0.0,E02000387,0.971666401356065,0.0,0.0,0.0,1.0,0.0,0.0,0.0,1.0
0.0,0.0,1.0,0.0,0.0,E02000388,1.1671862122500722,0.0,0.0,1.0,0.0,0.0,0.0,0.0,1.0
0.0,0.0,1.0,0.0,0.0,E02000389,1.1009155953334466,0.0,0.0,1.0,0.0,0.0,0.0,0.0,1.0
0.0,0.0,1.0,0.0,0.0,E02000390,0.99067876799955,0.0,0.0,1.0,0.0,0.0,0.0,0.0,1.0
0.0,0.0,1.0,0.0,0.0,E02000391,1.0900023665273544,0.0,0.0,0.0,0.0,1.0,0.0,0.0,1.0
0.0,0.0,1.0,0.0,0.0,E02000392,0.9625930336409453,0.0,0.0,0.0,0.0,1.0,0.0,0.0,1.0
0.0,0.0,1.0,0.0,0.0,E02000393,0.9560035312735659,0.0,0.0,0.0,0.0,1.0,0.0,0.0,1.0
0.0,0.0,1.0,0.0,0.0,E02000394,1.3747637878662062,0.0,1.0,0.0,0.0,0.0,1.0,0.0,0.0
0.0,0.0,1.0,0.0,0.0,E02000395,1.1443053935359855,0.0,0.0,0.0,0.0,1.0,0.0,0.0,1.0
0.0,0.0,1.0,0.0,0.0,E02000396,1.0029520049310745,0.0,0.0,1.0,0.0,0.0,0.0,0.0,1.0
0.0,0.0,1.0,0.0,0.0,E02000397,0.7519795507947656,1.0,0.0,0.0,0.0,0.0,0.0,0.0,1.0
1.0,0.0,0.0,0.0,0.0,E02000398,0.9346587370848052,1.0,0.0,0.0,0.0,0.0,0.0,0.0,1.0
0.0,0.0,1.0,0.0,0.0,E02000400,0.5887545245484253,0.0,0.0,0.0,1.0,0.0,0.0,0.0,1.0
0.0,0.0,0.0,0.0,1.0,E02000401,0.6647092964183221,1.0,0.0,0.0,0.0,0.0,0.0,1.0,0.0
0.0,0.0,0.0,0.0,1.0,E02000402,0.6733228467299882,1.0,0.0,0.0,0.0,0.0,0.0,1.0,0.0
0.0,0.0,1.0,0.0,0.0,E02000403,0.870874283693962,1.0,0.0,0.0,0.0,0.0,0.0,0.0,1.0
0.0,0.0,1.0,0.0,0.0,E02000404,0.7873838557567425,1.0,0.0,0.0,0.0,0.0,0.0,0.0,1.0
0.0,0.0,0.0,1.0,0.0,E02000405,0.5914208745913325,0.0,0.0,0.0,0.0,1.0,0.0,1.0,0.0
1.0,0.0,0.0,0.0,0.0,E02000406,0.7865058196971622,1.0,0.0,0.0,0.0,0.0,0.0,1.0,0.0
1.0,0.0,0.0,0.0,0.0,E02000407,0.9795289209390405,1.0,0.0,0.0,0.0,0.0,0.0,0.0,1.0
1.0,0.0,0.0,0.0,0.0,E02000408,0.7551149057618212,1.0,0.0,0.0,0.0,0.0,0.0,0.0,1.0
0.0,0.0,0.0,0.0,1.0,E02000409,0.7885866159332287,1.0,0.0,0.0,0.0,0.0,0.0,0.0,1.0
0.0,1.0,0.0,0.0,0.0,E02000410,0.8713546023541531,0.0,0.0,0.0,0.0,1.0,0.0,0.0,1.0
1.0,0.0,0.0,0.0,0.0,E02000411,0.8088449945084428,0.0,0.0,0.0,1.0,0.0,0.0,0.0,1.0
1.0,0.0,0.0,0.0,0.0,E02000412,0.9209574397213658,1.0,0.0,0.0,0.0,0.0,0.0,0.0,1.0
0.0,1.0,0.0,0.0,0.0,E02000413,0.6199290569431122,0.0,0.0,0.0,0.0,1.0,0.0,1.0,0.0
0.0,0.0,1.0,0.0,0.0,E02000414,0.9365921591453591,0.0,0.0,0.0,1.0,0.0,0.0,1.0,0.0
0.0,0.0,1.0,0.0,0.0,E02000415,0.7825879767073317,0.0,0.0,0.0,1.0,0.0,0.0,0.0,1.0
1.0,0.0,0.0,0.0,0.0,E02000416,0.7347627713741859,0.0,0.0,1.0,0.0,0.0,0.0,0.0,1.0
0.0,1.0,0.0,0.0,0.0,E02000417,0.9123855864155124,0.0,0.0,0.0,0.0,1.0,0.0,0.0,1.0
0.0,0.0,0.0,1.0,0.0,E02000418,0.7322696934082115,0.0,0.0,0.0,0.0,1.0,0.0,1.0,0.0
0.0,0.0,1.0,0.0,0.0,E02000419,0.9391389421755403,0.0,0.0,0.0,1.0,0.0,0.0,0.0,1.0
1.0,0.0,0.0,0.0,0.0,E02000420,1.0354900033225383,1.0,0.0,0.0,0.0,0.0,0.0,0.0,1.0
1.0,0.0,0.0,0.0,0.0,E02000421,0.8833667160380958,1.0,0.0,0.0,0.0,0.0,0.0,0.0,1.0
0.0,0.0,1.0,0.0,0.0,E02000422,0.8917067587218142,1.0,0.0,0.0,0.0,0.0,0.0,0.0,1.0
0.0,0.0,1.0,0.0,0.0,E02000423,0.7363485633239233,0.0,0.0,0.0,1.0,0.0,0.0,0.0,1.0
0.0,1.0,0.0,0.0,0.0,E02000424,0.8423413450300347,0.0,0.0,1.0,0.0,0.0,0.0,0.0,1.0
0.0,0.0,1.0,0.0,0.0,E02000425,0.9799005245431223,1.0,0.0,0.0,0.0,0.0,0.0,1.0,0.0
0.0,1.0,0.0,0.0,0.0,E02000426,0.9383626754186764,0.0,0.0,0.0,0.0,1.0,0.0,0.0,1.0
0.0,0.0,1.0,0.0,0.0,E02000427,0.856394495025804,0.0,0.0,0.0,1.0,0.0,0.0,0.0,1.0
1.0,0.0,0.0,0.0,0.0,E02000428,0.8737750084327238,1.0,0.0,0.0,0.0,0.0,0.0,0.0,1.0
0.0,1.0,0.0,0.0,0.0,E02000429,0.9024655519714954,0.0,0.0,0.0,0.0,1.0,0.0,0.0,1.0
0.0,0.0,1.0,0.0,0.0,E02000430,1.0074993099118978,0.0,0.0,1.0,0.0,0.0,0.0,0.0,1.0
0.0,0.0,1.0,0.0,0.0,E02000431,1.0781052604073553,0.0,0.0,0.0,0.0,1.0,0.0,0.0,1.0
0.0,0.0,1.0,0.0,0.0,E02000432,0.929251921489238,0.0,0.0,1.0,0.0,0.0,0.0,0.0,1.0
0.0,1.0,0.0,0.0,0.0,E02000433,1.0459754004909385,0.0,0.0,1.0,0.0,0.0,0.0,0.0,1.0
0.0,1.0,0.0,0.0,0.0,E02000434,0.7541944759740765,0.0,0.0,1.0,0.0,0.0,0.0,0.0,1.0
0.0,1.0,0.0,0.0,0.0,E02000435,0.6937953705671629,0.0,0.0,0.0,1.0,0.0,0.0,1.0,0.0
0.0,0.0,0.0,1.0,0.0,E02000436,0.5813305064692182,0.0,0.0,0.0,0.0,1.0,0.0,1.0,0.0
0.0,1.0,0.0,0.0,0.0,E02000437,0.5866461485555917,0.0,0.0,0.0,1.0,0.0,0.0,1.0,0.0
0.0,1.0,0.0,0.0,0.0,E02000438,0.5680866698304388,0.0,0.0,0.0,1.0,0.0,0.0,1.0,0.0
0.0,1.0,0.0,0.0,0.0,E02000439,0.9368052378696926,0.0,0.0,0.0,1.0,0.0,0.0,1.0,0.0
0.0,0.0,0.0,1.0,0.0,E02000440,0.5632617471998298,0.0,0.0,1.0,0.0,0.0,0.0,1.0,0.0
0.0,1.0,0.0,0.0,0.0,E02000441,0.7042484627468129,0.0,0.0,1.0,0.0,0.0,0.0,1.0,0.0
0.0,1.0,0.0,0.0,0.0,E02000442,0.6053294758928097,0.0,0.0,0.0,1.0,0.0,0.0,1.0,0.0
0.0,0.0,1.0,0.0,0.0,E02000443,0.7063467333947732,0.0,0.0,0.0,1.0,0.0,0.0,1.0,0.0
0.0,0.0,0.0,1.0,0.0,E02000444,0.5447625751252929,0.0,0.0,1.0,0.0,0.0,0.0,1.0,0.0
0.0,1.0,0.0,0.0,0.0,E02000445,0.7208153374912826,0.0,0.0,0.0,1.0,0.0,0.0,1.0,0.0
0.0,0.0,0.0,1.0,0.0,E02000447,0.4677522838865543,0.0,0.0,1.0,0.0,0.0,0.0,1.0,0.0
0.0,0.0,0.0,1.0,0.0,E02000448,0.7613156322273192,0.0,0.0,0.0,0.0,1.0,0.0,1.0,0.0
0.0,1.0,0.0,0.0,0.0,E02000449,0.5124457531112564,0.0,0.0,0.0,1.0,0.0,0.0,1.0,0.0
0.0,0.0,0.0,1.0,0.0,E02000451,0.5931909897945992,0.0,0.0,0.0,0.0,1.0,0.0,1.0,0.0
0.0,0.0,1.0,0.0,0.0,E02000452,0.8907892058219162,0.0,0.0,0.0,1.0,0.0,0.0,0.0,1.0
0.0,1.0,0.0,0.0,0.0,E02000453,0.78144306084398,0.0,0.0,1.0,0.0,0.0,0.0,0.0,1.0
0.0,0.0,0.0,1.0,0.0,E02000454,0.4488509104911532,0.0,0.0,0.0,0.0,1.0,0.0,1.0,0.0
0.0,0.0,1.0,0.0,0.0,E02000455,1.0465678928893225,0.0,0.0,1.0,0.0,0.0,1.0,0.0,0.0
0.0,1.0,0.0,0.0,0.0,E02000456,0.47712125471966244,0.0,0.0,0.0,1.0,0.0,0.0,1.0,0.0
0.0,1.0,0.0,0.0,0.0,E02000457,0.8515043708772906,0.0,0.0,1.0,0.0,0.0,0.0,1.0,0.0
0.0,0.0,1.0,0.0,0.0,E02000459,0.712728161910891,0.0,0.0,0.0,1.0,0.0,0.0,0.0,1.0
0.0,1.0,0.0,0.0,0.0,E02000460,0.678636121106755,0.0,0.0,0.0,1.0,0.0,0.0,1.0,0.0
0.0,1.0,0.0,0.0,0.0,E02000461,0.8782941103377622,0.0,0.0,1.0,0.0,0.0,0.0,0.0,1.0
0.0,1.0,0.0,0.0,0.0,E02000462,0.714892970433188,0.0,0.0,0.0,1.0,0.0,0.0,1.0,0.0
0.0,1.0,0.0,0.0,0.0,E02000463,0.3881122119927258,0.0,0.0,0.0,1.0,0.0,0.0,1.0,0.0
0.0,1.0,0.0,0.0,0.0,E02000464,0.7422928615817307,1.0,0.0,0.0,0.0,0.0,0.0,1.0,0.0
0.0,1.0,0.0,0.0,0.0,E02000465,0.6200269236258151,0.0,0.0,0.0,1.0,0.0,0.0,1.0,0.0
0.0,0.0,0.0,1.0,0.0,E02000466,0.5730568954628058,0.0,0.0,0.0,1.0,0.0,0.0,1.0,0.0
0.0,0.0,0.0,0.0,1.0,E02000467,0.7679275459575124,1.0,0.0,0.0,0.0,0.0,0.0,1.0,0.0
0.0,0.0,0.0,1.0,0.0,E02000468,0.5958244051636837,0.0,0.0,0.0,1.0,0.0,0.0,1.0,0.0
0.0,1.0,0.0,0.0,0.0,E02000469,0.6185532112760871,1.0,0.0,0.0,0.0,0.0,0.0,1.0,0.0
0.0,0.0,0.0,1.0,0.0,E02000470,0.6622648926798643,0.0,0.0,1.0,0.0,0.0,0.0,1.0,0.0
0.0,0.0,0.0,1.0,0.0,E02000471,0.5082096555483627,0.0,0.0,1.0,0.0,0.0,0.0,1.0,0.0
0.0,0.0,0.0,1.0,0.0,E02000472,0.5906699732129724,0.0,0.0,1.0,0.0,0.0,0.0,1.0,0.0
0.0,0.0,0.0,1.0,0.0,E02000473,0.6030952587595675,0.0,0.0,1.0,0.0,0.0,0.0,1.0,0.0
0.0,0.0,0.0,1.0,0.0,E02000474,0.7433310484141045,0.0,0.0,0.0,1.0,0.0,0.0,1.0,0.0
0.0,0.0,0.0,1.0,0.0,E02000475,0.8271718282418943,0.0,0.0,1.0,0.0,0.0,0.0,1.0,0.0
0.0,0.0,1.0,0.0,0.0,E02000476,0.990278344123845,0.0,0.0,0.0,1.0,0.0,0.0,0.0,1.0
0.0,0.0,0.0,1.0,0.0,E02000477,0.572000268787384,0.0,0.0,1.0,0.0,0.0,0.0,1.0,0.0
0.0,0.0,0.0,1.0,0.0,E02000478,0.6221050010155749,0.0,0.0,1.0,0.0,0.0,0.0,1.0,0.0
0.0,1.0,0.0,0.0,0.0,E02000479,0.8889024171307802,0.0,0.0,1.0,0.0,0.0,0.0,1.0,0.0
0.0,1.0,0.0,0.0,0.0,E02000480,0.7692247254356731,0.0,0.0,0.0,1.0,0.0,0.0,1.0,0.0
0.0,0.0,0.0,1.0,0.0,E02000481,0.6194039160107495,0.0,0.0,1.0,0.0,0.0,0.0,1.0,0.0
0.0,0.0,0.0,1.0,0.0,E02000482,0.5596103313402793,0.0,0.0,0.0,0.0,1.0,0.0,1.0,0.0
0.0,0.0,0.0,1.0,0.0,E02000483,0.7501225267834001,0.0,0.0,0.0,1.0,0.0,0.0,1.0,0.0
0.0,0.0,0.0,1.0,0.0,E02000484,0.5615026734857805,0.0,0.0,1.0,0.0,0.0,0.0,1.0,0.0
0.0,0.0,0.0,1.0,0.0,E02000485,0.5959858436157692,0.0,0.0,1.0,0.0,0.0,0.0,1.0,0.0
0.0,0.0,0.0,1.0,0.0,E02000486,0.5967259907568827,0.0,0.0,0.0,1.0,0.0,0.0,1.0,0.0
0.0,0.0,0.0,1.0,0.0,E02000487,0.589399964585958,0.0,0.0,0.0,0.0,1.0,0.0,1.0,0.0
0.0,0.0,0.0,1.0,0.0,E02000488,0.5271739243127943,0.0,0.0,1.0,0.0,0.0,0.0,1.0,0.0
0.0,0.0,0.0,1.0,0.0,E02000489,0.65155514253896,0.0,0.0,0.0,1.0,0.0,0.0,1.0,0.0
0.0,0.0,0.0,1.0,0.0,E02000490,0.5682472573269636,0.0,0.0,0.0,1.0,0.0,0.0,1.0,0.0
0.0,1.0,0.0,0.0,0.0,E02000491,0.7926556871369737,0.0,0.0,0.0,1.0,0.0,0.0,1.0,0.0
0.0,0.0,0.0,1.0,0.0,E02000492,0.6832573791272548,0.0,0.0,0.0,1.0,0.0,0.0,1.0,0.0
0.0,1.0,0.0,0.0,0.0,E02000493,0.7667581784375559,0.0,0.0,0.0,1.0,0.0,0.0,1.0,0.0
0.0,0.0,0.0,1.0,0.0,E02000494,0.7307167804538792,0.0,0.0,0.0,0.0,1.0,0.0,1.0,0.0
0.0,1.0,0.0,0.0,0.0,E02000495,0.8401321529074334,0.0,0.0,1.0,0.0,0.0,0.0,0.0,1.0
0.0,0.0,0.0,1.0,0.0,E02000496,0.5681091793662483,0.0,0.0,1.0,0.0,0.0,0.0,1.0,0.0
0.0,0.0,0.0,1.0,0.0,E02000497,0.602172809741872,0.0,0.0,1.0,0.0,0.0,0.0,1.0,0.0
0.0,0.0,0.0,1.0,0.0,E02000498,0.5710081395079561,0.0,0.0,1.0,0.0,0.0,0.0,1.0,0.0
0.0,0.0,0.0,1.0,0.0,E02000499,0.6531513498456738,0.0,0.0,0.0,0.0,1.0,0.0,1.0,0.0
0.0,0.0,0.0,1.0,0.0,E02000500,0.6917914197088955,0.0,0.0,1.0,0.0,0.0,0.0,1.0,0.0
0.0,0.0,0.0,1.0,0.0,E02000501,0.5721970890232347,0.0,0.0,0.0,0.0,1.0,0.0,1.0,0.0
0.0,0.0,0.0,1.0,0.0,E02000502,0.6287556072135766,0.0,0.0,0.0,0.0,1.0,0.0,1.0,0.0
0.0,0.0,0.0,1.0,0.0,E02000503,0.4345154556947179,0.0,0.0,1.0,0.0,0.0,0.0,1.0,0.0
0.0,0.0,0.0,1.0,0.0,E02000504,0.6130375587853828,0.0,0.0,0.0,0.0,1.0,0.0,1.0,0.0
0.0,0.0,0.0,1.0,0.0,E02000506,0.8098084194246982,0.0,0.0,0.0,0.0,1.0,0.0,1.0,0.0
0.0,0.0,0.0,1.0,0.0,E02000507,0.5835244212615481,0.0,0.0,1.0,0.0,0.0,0.0,1.0,0.0
0.0,1.0,0.0,0.0,0.0,E02000508,0.8635946966955295,0.0,0.0,1.0,0.0,0.0,0.0,0.0,1.0
0.0,0.0,1.0,0.0,0.0,E02000509,1.0287834365642738,0.0,0.0,0.0,1.0,0.0,0.0,0.0,1.0
0.0,1.0,0.0,0.0,0.0,E02000510,0.6648850285697046,0.0,0.0,0.0,1.0,0.0,0.0,1.0,0.0
0.0,0.0,0.0,1.0,0.0,E02000511,0.481744184636043,0.0,0.0,0.0,1.0,0.0,0.0,1.0,0.0
0.0,1.0,0.0,0.0,0.0,E02000512,0.668892507972282,1.0,0.0,0.0,0.0,0.0,0.0,1.0,0.0
0.0,1.0,0.0,0.0,0.0,E02000513,0.5887824651333676,1.0,0.0,0.0,0.0,0.0,0.0,0.0,1.0
0.0,1.0,0.0,0.0,0.0,E02000514,0.5777385491863973,0.0,0.0,0.0,1.0,0.0,0.0,1.0,0.0
0.0,0.0,1.0,0.0,0.0,E02000515,0.8765614185341083,0.0,0.0,0.0,1.0,0.0,0.0,0.0,1.0
0.0,1.0,0.0,0.0,0.0,E02000516,0.5969978797196546,0.0,0.0,0.0,1.0,0.0,0.0,1.0,0.0
0.0,1.0,0.0,0.0,0.0,E02000517,0.5949651745633618,1.0,0.0,0.0,0.0,0.0,0.0,1.0,0.0
0.0,1.0,0.0,0.0,0.0,E02000518,0.6454425745008374,1.0,0.0,0.0,0.0,0.0,0.0,1.0,0.0
0.0,0.0,0.0,0.0,1.0,E02000519,0.6338518257518136,1.0,0.0,0.0,0.0,0.0,0.0,1.0,0.0
0.0,0.0,1.0,0.0,0.0,E02000520,0.9616958794929645,1.0,0.0,0.0,0.0,0.0,0.0,1.0,0.0
0.0,1.0,0.0,0.0,0.0,E02000521,0.7333471138309402,0.0,0.0,0.0,1.0,0.0,0.0,1.0,0.0
0.0,1.0,0.0,0.0,0.0,E02000522,0.7559633702025809,0.0,0.0,0.0,1.0,0.0,0.0,1.0,0.0
0.0,0.0,1.0,0.0,0.0,E02000523,0.8253368004743157,1.0,0.0,0.0,0.0,0.0,0.0,1.0,0.0
0.0,0.0,1.0,0.0,0.0,E02000524,0.9833234684566616,1.0,0.0,0.0,0.0,0.0,0.0,1.0,0.0
0.0,0.0,1.0,0.0,0.0,E02000525,0.7918090550253667,1.0,0.0,0.0,0.0,0.0,0.0,1.0,0.0
0.0,1.0,0.0,0.0,0.0,E02000526,0.8635575949500109,0.0,0.0,0.0,0.0,1.0,0.0,0.0,1.0
0.0,1.0,0.0,0.0,0.0,E02000529,0.5199654029002756,1.0,0.0,0.0,0.0,0.0,0.0,1.0,0.0
0.0,0.0,0.0,0.0,1.0,E02000530,0.5288416922540143,1.0,0.0,0.0,0.0,0.0,0.0,0.0,1.0
0.0,1.0,0.0,0.0,0.0,E02000531,0.8738384719262595,0.0,0.0,1.0,0.0,0.0,0.0,0.0,1.0
0.0,1.0,0.0,0.0,0.0,E02000532,0.7751823764903943,0.0,0.0,0.0,0.0,1.0,0.0,0.0,1.0
0.0,1.0,0.0,0.0,0.0,E02000533,0.7738483316942537,0.0,0.0,0.0,0.0,1.0,0.0,0.0,1.0
0.0,1.0,0.0,0.0,0.0,E02000534,0.6339577144826053,0.0,0.0,1.0,0.0,0.0,0.0,1.0,0.0
0.0,1.0,0.0,0.0,0.0,E02000535,0.5077985486074602,1.0,0.0,0.0,0.0,0.0,0.0,1.0,0.0
0.0,1.0,0.0,0.0,0.0,E02000536,0.5231373308681516,0.0,0.0,0.0,1.0,0.0,0.0,1.0,0.0
0.0,1.0,0.0,0.0,0.0,E02000537,0.5035493825945233,0.0,0.0,1.0,0.0,0.0,0.0,1.0,0.0
0.0,0.0,1.0,0.0,0.0,E02000538,0.6241978771934491,1.0,0.0,0.0,0.0,0.0,0.0,1.0,0.0
0.0,1.0,0.0,0.0,0.0,E02000539,0.5141898786377067,0.0,0.0,1.0,0.0,0.0,0.0,0.0,1.0
0.0,0.0,1.0,0.0,0.0,E02000540,0.8998254401702059,0.0,0.0,0.0,1.0,0.0,0.0,0.0,1.0
0.0,0.0,1.0,0.0,0.0,E02000541,0.5260650727199521,1.0,0.0,0.0,0.0,0.0,0.0,1.0,0.0
0.0,0.0,1.0,0.0,0.0,E02000542,0.7126149594583273,1.0,0.0,0.0,0.0,0.0,0.0,0.0,1.0
0.0,0.0,1.0,0.0,0.0,E02000543,0.794296064123414,1.0,0.0,0.0,0.0,0.0,0.0,0.0,1.0
0.0,0.0,0.0,1.0,0.0,E02000544,0.44614585796136413,0.0,0.0,1.0,0.0,0.0,0.0,1.0,0.0
0.0,0.0,0.0,0.0,1.0,E02000545,0.6244536203445649,0.0,0.0,0.0,1.0,0.0,0.0,0.0,1.0
0.0,1.0,0.0,0.0,0.0,E02000546,0.44276022081332345,1.0,0.0,0.0,0.0,0.0,0.0,1.0,0.0
0.0,1.0,0.0,0.0,0.0,E02000547,0.46588632574477745,1.0,0.0,0.0,0.0,0.0,0.0,1.0,0.0
0.0,0.0,0.0,0.0,1.0,E02000548,0.45751408665959903,1.0,0.0,0.0,0.0,0.0,0.0,1.0,0.0
0.0,1.0,0.0,0.0,0.0,E02000549,0.7091562696667817,0.0,0.0,0.0,1.0,0.0,0.0,1.0,0.0
0.0,0.0,0.0,0.0,1.0,E02000550,0.49507627564817214,0.0,0.0,0.0,1.0,0.0,0.0,1.0,0.0
0.0,0.0,0.0,0.0,1.0,E02000551,0.44121722703217986,1.0,0.0,0.0,0.0,0.0,0.0,0.0,1.0
0.0,1.0,0.0,0.0,0.0,E02000552,0.39718317813155807,0.0,0.0,0.0,1.0,0.0,0.0,1.0,0.0
0.0,1.0,0.0,0.0,0.0,E02000553,0.5246517072160233,0.0,0.0,0.0,1.0,0.0,0.0,1.0,0.0
0.0,0.0,0.0,0.0,1.0,E02000554,0.8756028770915311,0.0,0.0,0.0,1.0,0.0,1.0,0.0,0.0
0.0,0.0,0.0,0.0,1.0,E02000555,0.7946663384492023,0.0,0.0,0.0,1.0,0.0,0.0,0.0,1.0
1.0,0.0,0.0,0.0,0.0,E02000556,0.9473452467849848,0.0,0.0,0.0,1.0,0.0,0.0,0.0,1.0
1.0,0.0,0.0,0.0,0.0,E02000557,0.9932311420453613,0.0,0.0,0.0,1.0,0.0,1.0,0.0,0.0
1.0,0.0,0.0,0.0,0.0,E02000558,0.8493608384915396,1.0,0.0,0.0,0.0,0.0,1.0,0.0,0.0
0.0,0.0,1.0,0.0,0.0,E02000559,0.8130070993813359,0.0,0.0,0.0,0.0,1.0,0.0,0.0,1.0
0.0,0.0,1.0,0.0,0.0,E02000560,1.0780506255450517,0.0,0.0,0.0,1.0,0.0,0.0,0.0,1.0
0.0,1.0,0.0,0.0,0.0,E02000561,0.8156040819102144,0.0,0.0,1.0,0.0,0.0,0.0,0.0,1.0
0.0,0.0,0.0,0.0,1.0,E02000562,0.9577006454479549,0.0,0.0,1.0,0.0,0.0,1.0,0.0,0.0
1.0,0.0,0.0,0.0,0.0,E02000563,0.8581323343547288,1.0,0.0,0.0,0.0,0.0,1.0,0.0,0.0
1.0,0.0,0.0,0.0,0.0,E02000564,0.980713759108415,0.0,0.0,1.0,0.0,0.0,1.0,0.0,0.0
1.0,0.0,0.0,0.0,0.0,E02000565,0.8937736066144218,0.0,0.0,0.0,1.0,0.0,1.0,0.0,0.0
0.0,0.0,1.0,0.0,0.0,E02000566,0.8760018606399234,0.0,0.0,0.0,0.0,1.0,0.0,0.0,1.0
1.0,0.0,0.0,0.0,0.0,E02000567,0.9253460643078544,0.0,0.0,1.0,0.0,0.0,0.0,0.0,1.0
1.0,0.0,0.0,0.0,0.0,E02000568,0.8007325201384873,0.0,0.0,0.0,1.0,0.0,1.0,0.0,0.0
1.0,0.0,0.0,0.0,0.0,E02000569,0.9767560809800863,0.0,0.0,0.0,1.0,0.0,1.0,0.0,0.0
0.0,0.0,1.0,0.0,0.0,E02000570,1.0309337142436508,0.0,0.0,0.0,0.0,1.0,0.0,0.0,1.0
1.0,0.0,0.0,0.0,0.0,E02000571,0.8315025164769674,0.0,0.0,1.0,0.0,0.0,1.0,0.0,0.0
1.0,0.0,0.0,0.0,0.0,E02000572,0.8825123002759205,1.0,0.0,0.0,0.0,0.0,1.0,0.0,0.0
0.0,0.0,1.0,0.0,0.0,E02000573,1.1576144256644536,0.0,0.0,0.0,0.0,1.0,0.0,0.0,1.0
1.0,0.0,0.0,0.0,0.0,E02000574,1.202165926996819,0.0,1.0,0.0,0.0,0.0,1.0,0.0,0.0
1.0,0.0,0.0,0.0,0.0,E02000575,1.2197415427559928,0.0,1.0,0.0,0.0,0.0,1.0,0.0,0.0
1.0,0.0,0.0,0.0,0.0,E02000576,1.1871608880760025,0.0,0.0,0.0,1.0,0.0,1.0,0.0,0.0
0.0,0.0,0.0,0.0,1.0,E02000577,1.007913082634369,1.0,0.0,0.0,0.0,0.0,1.0,0.0,0.0
0.0,0.0,0.0,0.0,1.0,E02000578,0.8361723946104525,1.0,0.0,0.0,0.0,0.0,1.0,0.0,0.0
0.0,0.0,0.0,0.0,1.0,E02000579,1.0131568801683726,0.0,0.0,0.0,1.0,0.0,0.0,0.0,1.0
1.0,0.0,0.0,0.0,0.0,E02000580,1.190477080627137,0.0,0.0,0.0,1.0,0.0,0.0,0.0,1.0
0.0,0.0,0.0,0.0,1.0,E02000581,0.9558431945487109,1.0,0.0,0.0,0.0,0.0,1.0,0.0,0.0
0.0,0.0,1.0,0.0,0.0,E02000582,1.3382382094225835,0.0,1.0,0.0,0.0,0.0,0.0,0.0,1.0
0.0,0.0,1.0,0.0,0.0,E02000583,1.2570055614211442,0.0,0.0,0.0,0.0,1.0,0.0,0.0,1.0
0.0,0.0,1.0,0.0,0.0,E02000584,1.440207647950181,0.0,1.0,0.0,0.0,0.0,0.0,0.0,1.0
0.0,0.0,1.0,0.0,0.0,E02000585,1.3468871979647117,0.0,1.0,0.0,0.0,0.0,0.0,0.0,1.0
0.0,0.0,1.0,0.0,0.0,E02000586,1.5757809457048586,0.0,1.0,0.0,0.0,0.0,0.0,0.0,1.0
0.0,0.0,1.0,0.0,0.0,E02000587,1.411568518375599,0.0,1.0,0.0,0.0,0.0,0.0,0.0,1.0
0.0,0.0,1.0,0.0,0.0,E02000588,1.6675917350702862,0.0,1.0,0.0,0.0,0.0,0.0,0.0,1.0
0.0,0.0,1.0,0.0,0.0,E02000589,1.4507923159973133,0.0,1.0,0.0,0.0,0.0,1.0,0.0,0.0
1.0,0.0,0.0,0.0,0.0,E02000590,1.5436043022006025,0.0,1.0,0.0,0.0,0.0,1.0,0.0,0.0
1.0,0.0,0.0,0.0,0.0,E02000591,1.453430474092951,0.0,1.0,0.0,0.0,0.0,1.0,0.0,0.0
0.0,0.0,1.0,0.0,0.0,E02000592,1.5414244734946418,0.0,1.0,0.0,0.0,0.0,0.0,0.0,1.0
0.0,0.0,1.0,0.0,0.0,E02000593,1.300652512387801,0.0,1.0,0.0,0.0,0.0,1.0,0.0,0.0
0.0,0.0,1.0,0.0,0.0,E02000594,1.51336013593055,0.0,1.0,0.0,0.0,0.0,0.0,0.0,1.0
0.0,0.0,1.0,0.0,0.0,E02000595,1.46375093038532,0.0,1.0,0.0,0.0,0.0,0.0,0.0,1.0
0.0,0.0,1.0,0.0,0.0,E02000596,1.3787032732455051,0.0,1.0,0.0,0.0,0.0,0.0,0.0,1.0
0.0,0.0,0.0,0.0,1.0,E02000597,1.2322970158083286,0.0,0.0,0.0,1.0,0.0,1.0,0.0,0.0
0.0,0.0,0.0,1.0,0.0,E02000598,0.599525191436219,0.0,0.0,0.0,0.0,1.0,0.0,1.0,0.0
0.0,0.0,0.0,1.0,0.0,E02000599,0.8603262052508505,0.0,0.0,0.0,0.0,1.0,0.0,1.0,0.0
0.0,1.0,0.0,0.0,0.0,E02000600,0.7199039111716619,0.0,0.0,0.0,0.0,1.0,0.0,0.0,1.0
0.0,1.0,0.0,0.0,0.0,E02000601,0.9166975000050924,0.0,0.0,0.0,0.0,1.0,0.0,0.0,1.0
0.0,0.0,1.0,0.0,0.0,E02000602,0.8783538832716192,0.0,0.0,0.0,1.0,0.0,0.0,0.0,1.0
0.0,1.0,0.0,0.0,0.0,E02000603,0.5475604258896151,0.0,0.0,1.0,0.0,0.0,0.0,1.0,0.0
0.0,1.0,0.0,0.0,0.0,E02000604,0.5984119197652974,0.0,0.0,0.0,0.0,1.0,0.0,1.0,0.0
0.0,0.0,0.0,1.0,0.0,E02000605,0.5514953180225087,0.0,0.0,0.0,0.0,1.0,0.0,1.0,0.0
0.0,0.0,1.0,0.0,0.0,E02000606,0.8581228414754204,0.0,0.0,0.0,0.0,1.0,0.0,0.0,1.0
0.0,1.0,0.0,0.0,0.0,E02000607,0.50814987745606,0.0,0.0,0.0,0.0,1.0,0.0,1.0,0.0
0.0,0.0,1.0,0.0,0.0,E02000608,0.7187006320590303,0.0,0.0,0.0,0.0,1.0,0.0,0.0,1.0
0.0,0.0,0.0,1.0,0.0,E02000609,0.45808193272328346,0.0,0.0,1.0,0.0,0.0,0.0,1.0,0.0
0.0,0.0,1.0,0.0,0.0,E02000610,0.7015196857213655,0.0,0.0,1.0,0.0,0.0,0.0,0.0,1.0
0.0,0.0,0.0,1.0,0.0,E02000611,0.4041205489574976,0.0,0.0,0.0,0.0,1.0,0.0,1.0,0.0
0.0,0.0,0.0,1.0,0.0,E02000612,0.4670128764535229,0.0,0.0,0.0,0.0,1.0,0.0,1.0,0.0
0.0,1.0,0.0,0.0,0.0,E02000613,0.6322401992124941,0.0,0.0,0.0,0.0,1.0,0.0,1.0,0.0
0.0,1.0,0.0,0.0,0.0,E02000614,0.6660860194739936,0.0,0.0,1.0,0.0,0.0,0.0,1.0,0.0
0.0,0.0,0.0,1.0,0.0,E02000615,0.39908439532077544,0.0,0.0,1.0,0.0,0.0,0.0,1.0,0.0
0.0,0.0,0.0,1.0,0.0,E02000616,0.4293155730727386,0.0,0.0,0.0,0.0,1.0,0.0,1.0,0.0
0.0,0.0,0.0,1.0,0.0,E02000617,0.3467874862246563,0.0,0.0,1.0,0.0,0.0,0.0,1.0,0.0
0.0,0.0,0.0,0.0,1.0,E02000619,0.9872401482652629,0.0,0.0,0.0,1.0,0.0,1.0,0.0,0.0
1.0,0.0,0.0,0.0,0.0,E02000620,1.1450218489878041,0.0,0.0,0.0,1.0,0.0,1.0,0.0,0.0
1.0,0.0,0.0,0.0,0.0,E02000621,1.2384450224752097,0.0,1.0,0.0,0.0,0.0,1.0,0.0,0.0
1.0,0.0,0.0,0.0,0.0,E02000622,0.7296491082517484,0.0,0.0,1.0,0.0,0.0,0.0,0.0,1.0
1.0,0.0,0.0,0.0,0.0,E02000623,0.8067289032525475,1.0,0.0,0.0,0.0,0.0,1.0,0.0,0.0
1.0,0.0,0.0,0.0,0.0,E02000624,0.6918558550920854,0.0,0.0,1.0,0.0,0.0,1.0,0.0,0.0
1.0,0.0,0.0,0.0,0.0,E02000625,0.7653319683949896,0.0,0.0,0.0,1.0,0.0,1.0,0.0,0.0
0.0,0.0,0.0,0.0,1.0,E02000626,0.6518875261158044,1.0,0.0,0.0,0.0,0.0,1.0,0.0,0.0
1.0,0.0,0.0,0.0,0.0,E02000627,0.7911713212515213,0.0,0.0,0.0,1.0,0.0,1.0,0.0,0.0
1.0,0.0,0.0,0.0,0.0,E02000628,0.7044559023140499,0.0,0.0,0.0,1.0,0.0,1.0,0.0,0.0
0.0,0.0,1.0,0.0,0.0,E02000629,0.9117894374105749,0.0,0.0,0.0,0.0,1.0,0.0,0.0,1.0
0.0,0.0,1.0,0.0,0.0,E02000630,0.8903549028746504,0.0,0.0,0.0,0.0,1.0,0.0,0.0,1.0
0.0,0.0,1.0,0.0,0.0,E02000631,0.9301746062349874,0.0,0.0,1.0,0.0,0.0,0.0,0.0,1.0
0.0,0.0,1.0,0.0,0.0,E02000632,0.7988321455710568,0.0,0.0,0.0,0.0,1.0,0.0,0.0,1.0
1.0,0.0,0.0,0.0,0.0,E02000633,0.7718141056754713,0.0,0.0,0.0,1.0,0.0,1.0,0.0,0.0
1.0,0.0,0.0,0.0,0.0,E02000634,0.8109081186368943,0.0,0.0,1.0,0.0,0.0,1.0,0.0,0.0
0.0,0.0,0.0,0.0,1.0,E02000635,0.6142784371836221,0.0,0.0,1.0,0.0,0.0,0.0,0.0,1.0
0.0,1.0,0.0,0.0,0.0,E02000636,0.9533149105875905,0.0,0.0,0.0,0.0,1.0,0.0,0.0,1.0
0.0,0.0,1.0,0.0,0.0,E02000637,0.942923964395681,0.0,0.0,1.0,0.0,0.0,0.0,0.0,1.0
1.0,0.0,0.0,0.0,0.0,E02000638,0.7871567366704567,0.0,0.0,1.0,0.0,0.0,1.0,0.0,0.0
1.0,0.0,0.0,0.0,0.0,E02000639,0.9558417760992206,0.0,0.0,0.0,1.0,0.0,1.0,0.0,0.0
0.0,1.0,0.0,0.0,0.0,E02000640,0.7630495428025224,0.0,0.0,0.0,0.0,1.0,0.0,0.0,1.0
0.0,0.0,0.0,0.0,1.0,E02000641,0.7975572946693278,0.0,0.0,0.0,1.0,0.0,1.0,0.0,0.0
0.0,0.0,0.0,0.0,1.0,E02000642,0.6827092021195172,0.0,0.0,1.0,0.0,0.0,0.0,0.0,1.0
0.0,0.0,1.0,0.0,0.0,E02000643,0.7815844262220376,0.0,0.0,1.0,0.0,0.0,0.0,0.0,1.0
0.0,1.0,0.0,0.0,0.0,E02000644,0.8161783761663274,0.0,0.0,1.0,0.0,0.0,0.0,0.0,1.0
0.0,0.0,1.0,0.0,0.0,E02000645,0.8494628454167069,0.0,0.0,1.0,0.0,0.0,0.0,0.0,1.0
0.0,0.0,1.0,0.0,0.0,E02000646,0.6961054645722463,0.0,0.0,1.0,0.0,0.0,0.0,0.0,1.0
0.0,1.0,0.0,0.0,0.0,E02000647,0.7991970671553316,0.0,0.0,1.0,0.0,0.0,0.0,0.0,1.0
0.0,0.0,0.0,0.0,1.0,E02000648,0.7669782364886146,0.0,0.0,0.0,1.0,0.0,0.0,0.0,1.0
0.0,0.0,1.0,0.0,0.0,E02000649,0.7473479132076556,0.0,0.0,1.0,0.0,0.0,0.0,0.0,1.0
0.0,0.0,0.0,0.0,1.0,E02000650,0.9845204887698413,0.0,0.0,0.0,1.0,0.0,0.0,0.0,1.0
0.0,1.0,0.0,0.0,0.0,E02000651,0.7724772080169641,0.0,0.0,1.0,0.0,0.0,0.0,0.0,1.0
0.0,1.0,0.0,0.0,0.0,E02000652,0.6736966570961901,0.0,0.0,0.0,1.0,0.0,0.0,1.0,0.0
1.0,0.0,0.0,0.0,0.0,E02000653,0.8663090543511762,0.0,0.0,1.0,0.0,0.0,1.0,0.0,0.0
0.0,0.0,0.0,0.0,1.0,E02000654,0.8851637263158464,1.0,0.0,0.0,0.0,0.0,1.0,0.0,0.0
1.0,0.0,0.0,0.0,0.0,E02000655,0.7969955437719778,0.0,0.0,0.0,1.0,0.0,0.0,0.0,1.0
1.0,0.0,0.0,0.0,0.0,E02000657,1.018800257758731,0.0,0.0,0.0,1.0,0.0,0.0,0.0,1.0
1.0,0.0,0.0,0.0,0.0,E02000658,0.9113733949404671,0.0,0.0,0.0,1.0,0.0,0.0,0.0,1.0
0.0,0.0,1.0,0.0,0.0,E02000659,0.8272139766787001,0.0,0.0,1.0,0.0,0.0,0.0,0.0,1.0
0.0,0.0,1.0,0.0,0.0,E02000660,0.8858339896611632,0.0,0.0,1.0,0.0,0.0,0.0,0.0,1.0
0.0,0.0,1.0,0.0,0.0,E02000661,0.9065520806125068,0.0,0.0,1.0,0.0,0.0,0.0,0.0,1.0
0.0,0.0,0.0,0.0,1.0,E02000662,0.7398540486218494,0.0,0.0,0.0,1.0,0.0,0.0,0.0,1.0
0.0,1.0,0.0,0.0,0.0,E02000663,0.861518690076357,0.0,0.0,1.0,0.0,0.0,0.0,0.0,1.0
0.0,1.0,0.0,0.0,0.0,E02000665,0.7490274753894179,0.0,0.0,1.0,0.0,0.0,0.0,0.0,1.0
0.0,1.0,0.0,0.0,0.0,E02000666,0.7951349588633421,0.0,0.0,1.0,0.0,0.0,0.0,1.0,0.0
0.0,1.0,0.0,0.0,0.0,E02000667,0.80700415779291,0.0,0.0,0.0,0.0,1.0,0.0,1.0,0.0
0.0,1.0,0.0,0.0,0.0,E02000668,0.6791414201606443,0.0,0.0,0.0,0.0,1.0,0.0,1.0,0.0
0.0,0.0,1.0,0.0,0.0,E02000669,0.9465984073687596,0.0,0.0,1.0,0.0,0.0,0.0,0.0,1.0
0.0,0.0,1.0,0.0,0.0,E02000670,0.9407242122656864,0.0,0.0,0.0,1.0,0.0,0.0,0.0,1.0
0.0,1.0,0.0,0.0,0.0,E02000671,0.770991158570162,0.0,0.0,1.0,0.0,0.0,0.0,0.0,1.0
0.0,0.0,1.0,0.0,0.0,E02000672,0.9041354496482337,0.0,0.0,0.0,1.0,0.0,0.0,0.0,1.0
0.0,1.0,0.0,0.0,0.0,E02000673,0.8063399110218331,0.0,0.0,0.0,0.0,1.0,0.0,0.0,1.0
0.0,1.0,0.0,0.0,0.0,E02000674,0.7335666965837458,0.0,0.0,1.0,0.0,0.0,0.0,1.0,0.0
0.0,1.0,0.0,0.0,0.0,E02000675,0.729813581705313,0.0,0.0,1.0,0.0,0.0,0.0,1.0,0.0
0.0,1.0,0.0,0.0,0.0,E02000676,0.8040876002806521,0.0,0.0,1.0,0.0,0.0,0.0,0.0,1.0
0.0,1.0,0.0,0.0,0.0,E02000677,0.9365915750240548,0.0,0.0,0.0,1.0,0.0,0.0,1.0,0.0
0.0,1.0,0.0,0.0,0.0,E02000678,0.6135328847285517,0.0,0.0,0.0,1.0,0.0,0.0,1.0,0.0
0.0,1.0,0.0,0.0,0.0,E02000679,0.6808326818591885,0.0,0.0,0.0,1.0,0.0,0.0,0.0,1.0
0.0,0.0,0.0,0.0,1.0,E02000680,0.9541068136150985,0.0,0.0,0.0,1.0,0.0,0.0,0.0,1.0
0.0,0.0,0.0,0.0,1.0,E02000681,0.7547561619572958,0.0,0.0,0.0,1.0,0.0,0.0,1.0,0.0
0.0,0.0,0.0,0.0,1.0,E02000682,0.7652080976109439,0.0,0.0,0.0,1.0,0.0,0.0,1.0,0.0
0.0,0.0,0.0,0.0,1.0,E02000683,0.8034280071559546,0.0,0.0,0.0,1.0,0.0,0.0,1.0,0.0
0.0,0.0,0.0,0.0,1.0,E02000685,0.8314149625917496,0.0,0.0,0.0,1.0,0.0,0.0,0.0,1.0
0.0,0.0,0.0,0.0,1.0,E02000686,0.7491488558978979,1.0,0.0,0.0,0.0,0.0,0.0,0.0,1.0
0.0,1.0,0.0,0.0,0.0,E02000687,0.8748674251908016,0.0,0.0,0.0,1.0,0.0,0.0,0.0,1.0
0.0,1.0,0.0,0.0,0.0,E02000689,0.7667476617959172,0.0,0.0,0.0,0.0,1.0,0.0,1.0,0.0
0.0,0.0,0.0,1.0,0.0,E02000690,0.9452266596018748,0.0,0.0,0.0,0.0,1.0,0.0,1.0,0.0
0.0,1.0,0.0,0.0,0.0,E02000691,0.7829986435607006,0.0,0.0,0.0,0.0,1.0,0.0,0.0,1.0
0.0,0.0,1.0,0.0,0.0,E02000692,1.0492025813631134,0.0,0.0,0.0,0.0,1.0,0.0,0.0,1.0
0.0,0.0,1.0,0.0,0.0,E02000693,0.8756232144926241,0.0,0.0,0.0,0.0,1.0,0.0,0.0,1.0
0.0,1.0,0.0,0.0,0.0,E02000694,0.8242258599667356,0.0,0.0,0.0,0.0,1.0,0.0,1.0,0.0
0.0,1.0,0.0,0.0,0.0,E02000695,0.7324092706171594,0.0,0.0,1.0,0.0,0.0,0.0,1.0,0.0
0.0,0.0,1.0,0.0,0.0,E02000696,0.6987175809160074,0.0,0.0,0.0,1.0,0.0,0.0,0.0,1.0
0.0,1.0,0.0,0.0,0.0,E02000697,0.8705424880078644,0.0,0.0,0.0,0.0,1.0,0.0,0.0,1.0
0.0,0.0,0.0,1.0,0.0,E02000698,0.9203181262520935,0.0,0.0,0.0,0.0,1.0,0.0,1.0,0.0
0.0,1.0,0.0,0.0,0.0,E02000699,0.804274828115013,0.0,0.0,0.0,0.0,1.0,0.0,1.0,0.0
1.0,0.0,0.0,0.0,0.0,E02000700,0.6583182254966486,0.0,0.0,0.0,1.0,0.0,0.0,0.0,1.0
0.0,1.0,0.0,0.0,0.0,E02000701,0.6650937616820767,0.0,0.0,0.0,1.0,0.0,0.0,1.0,0.0
0.0,1.0,0.0,0.0,0.0,E02000702,0.7404402490054605,0.0,0.0,0.0,1.0,0.0,0.0,0.0,1.0
0.0,0.0,0.0,1.0,0.0,E02000703,0.6488754470449712,0.0,0.0,0.0,0.0,1.0,0.0,1.0,0.0
0.0,1.0,0.0,0.0,0.0,E02000704,0.8076715420736331,0.0,0.0,1.0,0.0,0.0,0.0,0.0,1.0
0.0,0.0,0.0,1.0,0.0,E02000705,0.6937735978732656,0.0,0.0,1.0,0.0,0.0,0.0,1.0,0.0
0.0,0.0,0.0,0.0,1.0,E02000706,0.6179005184360071,0.0,0.0,0.0,1.0,0.0,0.0,0.0,1.0
0.0,1.0,0.0,0.0,0.0,E02000707,0.5149434180294359,0.0,0.0,0.0,1.0,0.0,0.0,1.0,0.0
0.0,0.0,0.0,1.0,0.0,E02000708,0.6437191254878037,0.0,0.0,0.0,0.0,1.0,0.0,1.0,0.0
0.0,0.0,0.0,1.0,0.0,E02000709,0.47824504148427976,0.0,0.0,1.0,0.0,0.0,0.0,1.0,0.0
0.0,1.0,0.0,0.0,0.0,E02000710,0.6707405622953104,0.0,0.0,0.0,1.0,0.0,0.0,0.0,1.0
0.0,1.0,0.0,0.0,0.0,E02000711,0.6535990212957584,0.0,0.0,0.0,1.0,0.0,0.0,1.0,0.0
0.0,1.0,0.0,0.0,0.0,E02000712,0.4995212216273813,0.0,0.0,0.0,1.0,0.0,0.0,1.0,0.0
0.0,0.0,0.0,1.0,0.0,E02000713,0.3949344985323124,0.0,0.0,1.0,0.0,0.0,0.0,1.0,0.0
0.0,0.0,1.0,0.0,0.0,E02000714,0.7266491013386303,0.0,0.0,0.0,1.0,0.0,0.0,0.0,1.0
0.0,0.0,1.0,0.0,0.0,E02000715,0.8141048374502743,1.0,0.0,0.0,0.0,0.0,0.0,0.0,1.0
0.0,0.0,1.0,0.0,0.0,E02000716,0.7085308886316809,1.0,0.0,0.0,0.0,0.0,0.0,1.0,0.0
0.0,0.0,1.0,0.0,0.0,E02000717,0.8261025782361056,1.0,0.0,0.0,0.0,0.0,0.0,0.0,1.0
1.0,0.0,0.0,0.0,0.0,E02000718,0.6538685478606694,1.0,0.0,0.0,0.0,0.0,0.0,0.0,1.0
1.0,0.0,0.0,0.0,0.0,E02000719,0.8715503753795453,0.0,0.0,0.0,1.0,0.0,0.0,0.0,1.0
0.0,1.0,0.0,0.0,0.0,E02000720,0.8793882530875736,1.0,0.0,0.0,0.0,0.0,0.0,1.0,0.0
0.0,0.0,1.0,0.0,0.0,E02000721,0.9299261803741439,1.0,0.0,0.0,0.0,0.0,0.0,0.0,1.0
1.0,0.0,0.0,0.0,0.0,E02000722,0.8361431973613304,1.0,0.0,0.0,0.0,0.0,0.0,0.0,1.0
0.0,0.0,1.0,0.0,0.0,E02000723,0.6862194276839195,1.0,0.0,0.0,0.0,0.0,0.0,1.0,0.0
0.0,0.0,1.0,0.0,0.0,E02000724,0.6821650950964795,1.0,0.0,0.0,0.0,0.0,0.0,1.0,0.0
1.0,0.0,0.0,0.0,0.0,E02000725,0.8919275984654257,0.0,0.0,0.0,1.0,0.0,1.0,0.0,0.0
0.0,0.0,1.0,0.0,0.0,E02000727,0.7574085266557828,1.0,0.0,0.0,0.0,0.0,0.0,1.0,0.0
0.0,0.0,1.0,0.0,0.0,E02000728,0.6078895349886863,1.0,0.0,0.0,0.0,0.0,0.0,1.0,0.0
0.0,0.0,1.0,0.0,0.0,E02000729,0.7135061055917071,1.0,0.0,0.0,0.0,0.0,0.0,1.0,0.0
0.0,0.0,1.0,0.0,0.0,E02000730,0.7714593694191885,1.0,0.0,0.0,0.0,0.0,0.0,1.0,0.0
0.0,0.0,1.0,0.0,0.0,E02000731,0.8995429334194747,1.0,0.0,0.0,0.0,0.0,0.0,1.0,0.0
1.0,0.0,0.0,0.0,0.0,E02000732,0.6635553142096104,1.0,0.0,0.0,0.0,0.0,0.0,0.0,1.0
1.0,0.0,0.0,0.0,0.0,E02000733,0.8269425137671262,1.0,0.0,0.0,0.0,0.0,0.0,0.0,1.0
1.0,0.0,0.0,0.0,0.0,E02000734,0.6916258795956263,1.0,0.0,0.0,0.0,0.0,0.0,0.0,1.0
1.0,0.0,0.0,0.0,0.0,E02000735,0.7359851109125188,1.0,0.0,0.0,0.0,0.0,0.0,1.0,0.0
0.0,0.0,1.0,0.0,0.0,E02000736,0.5812253631490332,1.0,0.0,0.0,0.0,0.0,0.0,1.0,0.0
0.0,0.0,1.0,0.0,0.0,E02000737,0.6575773191777938,1.0,0.0,0.0,0.0,0.0,0.0,1.0,0.0
0.0,1.0,0.0,0.0,0.0,E02000738,0.6648022115214564,0.0,0.0,0.0,1.0,0.0,0.0,1.0,0.0
1.0,0.0,0.0,0.0,0.0,E02000739,0.7007972165555435,1.0,0.0,0.0,0.0,0.0,0.0,1.0,0.0
1.0,0.0,0.0,0.0,0.0,E02000740,0.8498093109172545,1.0,0.0,0.0,0.0,0.0,0.0,0.0,1.0
0.0,0.0,1.0,0.0,0.0,E02000741,0.6745275478683589,1.0,0.0,0.0,0.0,0.0,0.0,1.0,0.0
0.0,0.0,1.0,0.0,0.0,E02000742,0.6956922945747829,1.0,0.0,0.0,0.0,0.0,0.0,1.0,0.0
1.0,0.0,0.0,0.0,0.0,E02000743,0.8964422052456127,1.0,0.0,0.0,0.0,0.0,1.0,0.0,0.0
0.0,0.0,1.0,0.0,0.0,E02000744,0.6844395245319733,1.0,0.0,0.0,0.0,0.0,0.0,0.0,1.0
1.0,0.0,0.0,0.0,0.0,E02000745,0.7921814504344726,1.0,0.0,0.0,0.0,0.0,0.0,1.0,0.0
1.0,0.0,0.0,0.0,0.0,E02000746,0.9015564180305655,0.0,0.0,0.0,1.0,0.0,1.0,0.0,0.0
1.0,0.0,0.0,0.0,0.0,E02000747,1.0996886180199303,0.0,0.0,1.0,0.0,0.0,1.0,0.0,0.0
0.0,0.0,1.0,0.0,0.0,E02000748,0.5535992390883643,1.0,0.0,0.0,0.0,0.0,0.0,1.0,0.0
0.0,0.0,0.0,0.0,1.0,E02000749,0.5967667255000101,1.0,0.0,0.0,0.0,0.0,0.0,0.0,1.0
0.0,0.0,0.0,1.0,0.0,E02000751,0.4884484691276826,0.0,0.0,0.0,0.0,1.0,0.0,1.0,0.0
0.0,1.0,0.0,0.0,0.0,E02000752,0.4042444978790213,0.0,0.0,0.0,1.0,0.0,0.0,1.0,0.0
0.0,1.0,0.0,0.0,0.0,E02000753,0.40151727311016494,0.0,0.0,0.0,1.0,0.0,0.0,1.0,0.0
0.0,0.0,0.0,1.0,0.0,E02000754,0.4769041617474322,0.0,0.0,1.0,0.0,0.0,0.0,1.0,0.0
0.0,0.0,0.0,1.0,0.0,E02000755,0.3738340130657278,0.0,0.0,1.0,0.0,0.0,0.0,1.0,0.0
0.0,1.0,0.0,0.0,0.0,E02000756,0.4259687322722811,0.0,0.0,1.0,0.0,0.0,0.0,1.0,0.0
0.0,1.0,0.0,0.0,0.0,E02000757,0.44944553881476945,0.0,0.0,0.0,0.0,1.0,0.0,0.0,1.0
0.0,0.0,0.0,1.0,0.0,E02000758,0.44876855163262763,0.0,0.0,0.0,1.0,0.0,0.0,1.0,0.0
0.0,1.0,0.0,0.0,0.0,E02000759,0.5122856717829134,0.0,0.0,1.0,0.0,0.0,0.0,1.0,0.0
0.0,1.0,0.0,0.0,0.0,E02000760,0.37610491843194793,0.0,0.0,0.0,1.0,0.0,0.0,1.0,0.0
0.0,0.0,0.0,1.0,0.0,E02000762,0.5078385002639811,0.0,0.0,1.0,0.0,0.0,0.0,1.0,0.0
0.0,1.0,0.0,0.0,0.0,E02000763,0.4220160817170258,0.0,0.0,0.0,1.0,0.0,0.0,1.0,0.0
0.0,1.0,0.0,0.0,0.0,E02000764,0.5697254737367194,0.0,0.0,0.0,0.0,1.0,0.0,0.0,1.0
0.0,1.0,0.0,0.0,0.0,E02000765,0.4653828514484183,0.0,0.0,0.0,1.0,0.0,0.0,1.0,0.0
0.0,1.0,0.0,0.0,0.0,E02000767,0.32651830292665285,0.0,0.0,1.0,0.0,0.0,0.0,1.0,0.0
0.0,0.0,0.0,1.0,0.0,E02000768,0.5703426996550298,0.0,0.0,0.0,0.0,1.0,0.0,1.0,0.0
0.0,1.0,0.0,0.0,0.0,E02000770,0.5519998228016864,0.0,0.0,0.0,1.0,0.0,0.0,1.0,0.0
0.0,1.0,0.0,0.0,0.0,E02000772,0.6680505187232938,0.0,0.0,0.0,1.0,0.0,0.0,1.0,0.0
0.0,1.0,0.0,0.0,0.0,E02000773,0.4094789405812526,0.0,0.0,0.0,1.0,0.0,0.0,1.0,0.0
0.0,0.0,1.0,0.0,0.0,E02000774,0.4360720211269079,0.0,0.0,0.0,1.0,0.0,0.0,1.0,0.0
0.0,1.0,0.0,0.0,0.0,E02000776,0.6967841203799183,0.0,0.0,0.0,1.0,0.0,0.0,1.0,0.0
0.0,0.0,0.0,1.0,0.0,E02000777,0.4279638242340093,0.0,0.0,1.0,0.0,0.0,0.0,1.0,0.0
0.0,0.0,1.0,0.0,0.0,E02000779,0.943494841220443,1.0,0.0,0.0,0.0,0.0,0.0,0.0,1.0
0.0,1.0,0.0,0.0,0.0,E02000781,0.45526432372438796,0.0,0.0,0.0,1.0,0.0,0.0,1.0,0.0
0.0,0.0,1.0,0.0,0.0,E02000782,0.8278543376782304,1.0,0.0,0.0,0.0,0.0,0.0,0.0,1.0
0.0,0.0,1.0,0.0,0.0,E02000783,0.5869962448920865,1.0,0.0,0.0,0.0,0.0,0.0,1.0,0.0
0.0,1.0,0.0,0.0,0.0,E02000784,0.8522270907519641,0.0,0.0,0.0,0.0,1.0,0.0,1.0,0.0
0.0,1.0,0.0,0.0,0.0,E02000785,0.8779769700793223,0.0,0.0,0.0,0.0,1.0,0.0,1.0,0.0
0.0,1.0,0.0,0.0,0.0,E02000786,0.7519604240752119,0.0,0.0,0.0,0.0,1.0,0.0,0.0,1.0
0.0,1.0,0.0,0.0,0.0,E02000787,0.777914427066731,0.0,0.0,0.0,0.0,1.0,0.0,0.0,1.0
0.0,0.0,0.0,1.0,0.0,E02000788,0.6995388249568283,0.0,0.0,0.0,0.0,1.0,0.0,1.0,0.0
0.0,1.0,0.0,0.0,0.0,E02000789,0.9094342362347508,0.0,0.0,0.0,0.0,1.0,0.0,0.0,1.0
0.0,1.0,0.0,0.0,0.0,E02000790,0.7071331064867094,0.0,0.0,0.0,0.0,1.0,0.0,1.0,0.0
0.0,0.0,1.0,0.0,0.0,E02000791,1.1201504358218255,0.0,0.0,0.0,0.0,1.0,0.0,0.0,1.0
0.0,1.0,0.0,0.0,0.0,E02000792,0.8373912488335682,0.0,0.0,0.0,0.0,1.0,0.0,0.0,1.0
0.0,0.0,0.0,1.0,0.0,E02000793,0.5770873528745248,0.0,0.0,1.0,0.0,0.0,0.0,1.0,0.0
0.0,0.0,0.0,1.0,0.0,E02000794,0.6838798203232406,0.0,0.0,0.0,0.0,1.0,0.0,1.0,0.0
0.0,0.0,0.0,1.0,0.0,E02000795,0.7355942361583127,0.0,0.0,0.0,0.0,1.0,0.0,1.0,0.0
0.0,1.0,0.0,0.0,0.0,E02000796,0.4483378923858373,0.0,0.0,0.0,1.0,0.0,0.0,1.0,0.0
0.0,1.0,0.0,0.0,0.0,E02000797,0.8135059805445515,0.0,0.0,0.0,0.0,1.0,0.0,0.0,1.0
0.0,0.0,0.0,1.0,0.0,E02000798,0.4683261134900918,0.0,0.0,0.0,0.0,1.0,0.0,1.0,0.0
0.0,0.0,0.0,1.0,0.0,E02000799,0.6533069358828801,0.0,0.0,0.0,0.0,1.0,0.0,1.0,0.0
0.0,1.0,0.0,0.0,0.0,E02000800,0.5035381316850371,0.0,0.0,1.0,0.0,0.0,0.0,1.0,0.0
0.0,0.0,0.0,1.0,0.0,E02000801,1.007686828666291,0.0,0.0,0.0,0.0,1.0,0.0,1.0,0.0
0.0,0.0,0.0,1.0,0.0,E02000802,0.6343444093379701,0.0,0.0,0.0,0.0,1.0,0.0,1.0,0.0
0.0,1.0,0.0,0.0,0.0,E02000803,0.4578847681119599,0.0,0.0,1.0,0.0,0.0,0.0,1.0,0.0
0.0,1.0,0.0,0.0,0.0,E02000804,0.6996206328950155,0.0,0.0,0.0,0.0,1.0,0.0,1.0,0.0
0.0,1.0,0.0,0.0,0.0,E02000805,0.7998126836542616,0.0,0.0,0.0,0.0,1.0,0.0,0.0,1.0
0.0,0.0,0.0,1.0,0.0,E02000806,0.5895170373163098,0.0,0.0,0.0,0.0,1.0,0.0,1.0,0.0
0.0,0.0,1.0,0.0,0.0,E02000807,1.0129465713462258,0.0,0.0,0.0,0.0,1.0,1.0,0.0,0.0
1.0,0.0,0.0,0.0,0.0,E02000808,1.3315981029547785,0.0,1.0,0.0,0.0,0.0,1.0,0.0,0.0
1.0,0.0,0.0,0.0,0.0,E02000810,0.7431270396117209,0.0,0.0,1.0,0.0,0.0,1.0,0.0,0.0
1.0,0.0,0.0,0.0,0.0,E02000812,0.9549297992709398,0.0,0.0,0.0,1.0,0.0,1.0,0.0,0.0
1.0,0.0,0.0,0.0,0.0,E02000813,0.8041456976124128,0.0,0.0,0.0,1.0,0.0,1.0,0.0,0.0
0.0,0.0,1.0,0.0,0.0,E02000814,0.931086241190512,0.0,0.0,0.0,0.0,1.0,1.0,0.0,0.0
1.0,0.0,0.0,0.0,0.0,E02000815,0.9975737675338741,0.0,0.0,1.0,0.0,0.0,1.0,0.0,0.0
1.0,0.0,0.0,0.0,0.0,E02000816,0.7203528908254674,0.0,0.0,0.0,1.0,0.0,1.0,0.0,0.0
0.0,0.0,0.0,0.0,1.0,E02000817,0.5275877508053446,1.0,0.0,0.0,0.0,0.0,1.0,0.0,0.0
1.0,0.0,0.0,0.0,0.0,E02000818,0.9048662450177466,0.0,0.0,0.0,1.0,0.0,1.0,0.0,0.0
1.0,0.0,0.0,0.0,0.0,E02000819,0.6616367176383141,1.0,0.0,0.0,0.0,0.0,1.0,0.0,0.0
1.0,0.0,0.0,0.0,0.0,E02000820,0.8305610840810724,0.0,0.0,0.0,1.0,0.0,1.0,0.0,0.0
1.0,0.0,0.0,0.0,0.0,E02000821,0.7349200010199881,1.0,0.0,0.0,0.0,0.0,1.0,0.0,0.0
1.0,0.0,0.0,0.0,0.0,E02000822,0.7516130635329857,1.0,0.0,0.0,0.0,0.0,1.0,0.0,0.0
1.0,0.0,0.0,0.0,0.0,E02000823,0.8276823431131676,0.0,0.0,0.0,1.0,0.0,1.0,0.0,0.0
0.0,0.0,0.0,0.0,1.0,E02000824,0.6721768277480822,1.0,0.0,0.0,0.0,0.0,1.0,0.0,0.0
0.0,0.0,0.0,0.0,1.0,E02000825,0.6119030803357289,1.0,0.0,0.0,0.0,0.0,1.0,0.0,0.0
0.0,0.0,0.0,0.0,1.0,E02000826,0.6247239759639062,0.0,0.0,0.0,1.0,0.0,1.0,0.0,0.0
0.0,0.0,0.0,0.0,1.0,E02000827,0.6645379718011531,0.0,0.0,0.0,1.0,0.0,1.0,0.0,0.0
1.0,0.0,0.0,0.0,0.0,E02000828,0.9364238272829513,1.0,0.0,0.0,0.0,0.0,1.0,0.0,0.0
0.0,0.0,0.0,0.0,1.0,E02000829,0.7192444367720777,0.0,0.0,0.0,1.0,0.0,0.0,0.0,1.0
0.0,0.0,1.0,0.0,0.0,E02000830,0.841680441470294,0.0,0.0,1.0,0.0,0.0,0.0,0.0,1.0
0.0,0.0,1.0,0.0,0.0,E02000831,0.8875373667610467,0.0,0.0,1.0,0.0,0.0,0.0,0.0,1.0
0.0,0.0,0.0,0.0,1.0,E02000832,0.777154018069695,0.0,0.0,0.0,1.0,0.0,0.0,0.0,1.0
0.0,0.0,0.0,0.0,1.0,E02000833,0.5227408958959384,0.0,0.0,1.0,0.0,0.0,1.0,0.0,0.0
0.0,1.0,0.0,0.0,0.0,E02000834,0.8225227988639268,0.0,0.0,0.0,0.0,1.0,0.0,0.0,1.0
0.0,1.0,0.0,0.0,0.0,E02000835,0.6598979301345627,0.0,0.0,1.0,0.0,0.0,0.0,0.0,1.0
0.0,1.0,0.0,0.0,0.0,E02000836,0.830053667590427,0.0,0.0,0.0,0.0,1.0,0.0,1.0,0.0
0.0,0.0,0.0,1.0,0.0,E02000837,0.8129431038589982,0.0,0.0,0.0,0.0,1.0,0.0,1.0,0.0
0.0,1.0,0.0,0.0,0.0,E02000838,0.7537142871771593,0.0,0.0,0.0,0.0,1.0,0.0,0.0,1.0
0.0,1.0,0.0,0.0,0.0,E02000839,0.7930196701313289,0.0,0.0,1.0,0.0,0.0,0.0,0.0,1.0
0.0,0.0,0.0,0.0,1.0,E02000840,0.36787214862816764,1.0,0.0,0.0,0.0,0.0,0.0,1.0,0.0
0.0,0.0,0.0,0.0,1.0,E02000841,0.4594917664159447,1.0,0.0,0.0,0.0,0.0,0.0,1.0,0.0
0.0,0.0,0.0,1.0,0.0,E02000842,0.5507127219581381,0.0,0.0,1.0,0.0,0.0,0.0,1.0,0.0
0.0,1.0,0.0,0.0,0.0,E02000843,0.771496983340743,0.0,0.0,1.0,0.0,0.0,0.0,0.0,1.0
0.0,0.0,0.0,1.0,0.0,E02000844,0.37423918376045173,0.0,0.0,0.0,1.0,0.0,0.0,1.0,0.0
0.0,0.0,0.0,1.0,0.0,E02000845,0.5442835874575592,0.0,0.0,0.0,0.0,1.0,0.0,1.0,0.0
0.0,0.0,0.0,1.0,0.0,E02000846,0.4611961956420816,0.0,0.0,1.0,0.0,0.0,0.0,1.0,0.0
0.0,0.0,0.0,1.0,0.0,E02000847,0.4884022651293515,0.0,0.0,1.0,0.0,0.0,0.0,1.0,0.0
0.0,0.0,0.0,1.0,0.0,E02000848,0.39997146000269346,0.0,0.0,1.0,0.0,0.0,0.0,1.0,0.0
0.0,0.0,0.0,1.0,0.0,E02000849,0.3747917776299114,0.0,0.0,1.0,0.0,0.0,0.0,1.0,0.0
0.0,0.0,0.0,1.0,0.0,E02000850,0.308658435720087,0.0,0.0,1.0,0.0,0.0,0.0,1.0,0.0
0.0,0.0,1.0,0.0,0.0,E02000851,0.7984574402318859,0.0,0.0,0.0,1.0,0.0,1.0,0.0,0.0
0.0,0.0,0.0,1.0,0.0,E02000852,0.4875332147469333,0.0,0.0,1.0,0.0,0.0,0.0,1.0,0.0
0.0,0.0,0.0,1.0,0.0,E02000853,0.3703521484554075,0.0,0.0,1.0,0.0,0.0,0.0,1.0,0.0
0.0,0.0,0.0,1.0,0.0,E02000854,0.44287574973133925,0.0,0.0,0.0,0.0,1.0,0.0,1.0,0.0
0.0,0.0,0.0,1.0,0.0,E02000855,0.3911571365842762,0.0,0.0,0.0,0.0,1.0,0.0,1.0,0.0
0.0,0.0,0.0,1.0,0.0,E02000856,0.39604132847355455,0.0,0.0,1.0,0.0,0.0,0.0,0.0,1.0
0.0,0.0,1.0,0.0,0.0,E02000857,0.6095549981616726,0.0,0.0,1.0,0.0,0.0,1.0,0.0,0.0
0.0,0.0,0.0,0.0,1.0,E02000858,0.48792578229122324,1.0,0.0,0.0,0.0,0.0,0.0,0.0,1.0
0.0,0.0,0.0,1.0,0.0,E02000859,0.6968393648283708,0.0,0.0,1.0,0.0,0.0,0.0,0.0,1.0
0.0,0.0,1.0,0.0,0.0,E02000860,0.721545946925631,0.0,0.0,0.0,1.0,0.0,1.0,0.0,0.0
0.0,0.0,0.0,1.0,0.0,E02000861,0.3051718000438663,0.0,0.0,0.0,0.0,1.0,0.0,1.0,0.0
0.0,0.0,0.0,1.0,0.0,E02000863,0.2795767680037852,0.0,0.0,0.0,0.0,1.0,0.0,1.0,0.0
0.0,0.0,0.0,0.0,1.0,E02000864,0.6573995118132206,0.0,0.0,0.0,1.0,0.0,1.0,0.0,0.0
1.0,0.0,0.0,0.0,0.0,E02000865,0.7218146614532767,0.0,0.0,0.0,1.0,0.0,1.0,0.0,0.0
1.0,0.0,0.0,0.0,0.0,E02000866,0.647467587023268,0.0,0.0,1.0,0.0,0.0,0.0,0.0,1.0
1.0,0.0,0.0,0.0,0.0,E02000867,0.9427859322162152,0.0,0.0,1.0,0.0,0.0,1.0,0.0,0.0
1.0,0.0,0.0,0.0,0.0,E02000868,0.8532925186295284,0.0,0.0,0.0,1.0,0.0,1.0,0.0,0.0
1.0,0.0,0.0,0.0,0.0,E02000869,0.9094462036275988,0.0,0.0,0.0,1.0,0.0,1.0,0.0,0.0
1.0,0.0,0.0,0.0,0.0,E02000870,0.7318088005140511,1.0,0.0,0.0,0.0,0.0,1.0,0.0,0.0
1.0,0.0,0.0,0.0,0.0,E02000871,0.7989492490717518,0.0,0.0,0.0,1.0,0.0,1.0,0.0,0.0
1.0,0.0,0.0,0.0,0.0,E02000872,1.0727351984800064,0.0,0.0,0.0,1.0,0.0,1.0,0.0,0.0
1.0,0.0,0.0,0.0,0.0,E02000873,0.8063189704587185,0.0,0.0,0.0,1.0,0.0,1.0,0.0,0.0
1.0,0.0,0.0,0.0,0.0,E02000874,0.7778815859962753,1.0,0.0,0.0,0.0,0.0,1.0,0.0,0.0
1.0,0.0,0.0,0.0,0.0,E02000875,0.7766479424796707,0.0,0.0,0.0,1.0,0.0,1.0,0.0,0.0
1.0,0.0,0.0,0.0,0.0,E02000876,0.9199579122792391,0.0,0.0,0.0,1.0,0.0,1.0,0.0,0.0
1.0,0.0,0.0,0.0,0.0,E02000877,0.645062738197847,0.0,0.0,0.0,1.0,0.0,1.0,0.0,0.0
1.0,0.0,0.0,0.0,0.0,E02000878,1.1807498416523738,0.0,0.0,0.0,1.0,0.0,1.0,0.0,0.0
1.0,0.0,0.0,0.0,0.0,E02000879,0.7104380717865806,1.0,0.0,0.0,0.0,0.0,1.0,0.0,0.0
1.0,0.0,0.0,0.0,0.0,E02000880,1.0159161401970536,1.0,0.0,0.0,0.0,0.0,1.0,0.0,0.0
1.0,0.0,0.0,0.0,0.0,E02000881,0.9370833390745937,0.0,0.0,0.0,1.0,0.0,1.0,0.0,0.0
1.0,0.0,0.0,0.0,0.0,E02000882,0.5213343893865907,1.0,0.0,0.0,0.0,0.0,1.0,0.0,0.0
1.0,0.0,0.0,0.0,0.0,E02000883,0.9083923142214223,1.0,0.0,0.0,0.0,0.0,1.0,0.0,0.0
0.0,0.0,1.0,0.0,0.0,E02000884,1.2573006069936785,0.0,1.0,0.0,0.0,0.0,1.0,0.0,0.0
1.0,0.0,0.0,0.0,0.0,E02000885,0.8669655964089601,1.0,0.0,0.0,0.0,0.0,1.0,0.0,0.0
1.0,0.0,0.0,0.0,0.0,E02000886,0.9693889493605632,0.0,0.0,1.0,0.0,0.0,1.0,0.0,0.0
1.0,0.0,0.0,0.0,0.0,E02000887,0.9198090011564061,1.0,0.0,0.0,0.0,0.0,1.0,0.0,0.0
1.0,0.0,0.0,0.0,0.0,E02000888,1.0679423729748228,0.0,0.0,0.0,1.0,0.0,1.0,0.0,0.0
0.0,0.0,1.0,0.0,0.0,E02000889,1.148682839650812,0.0,0.0,1.0,0.0,0.0,1.0,0.0,0.0
0.0,0.0,1.0,0.0,0.0,E02000890,1.2229733798915252,0.0,0.0,0.0,0.0,1.0,1.0,0.0,0.0
1.0,0.0,0.0,0.0,0.0,E02000893,0.8940207061074419,0.0,0.0,0.0,1.0,0.0,1.0,0.0,0.0
0.0,0.0,1.0,0.0,0.0,E02000894,0.9457310506757555,0.0,0.0,1.0,0.0,0.0,1.0,0.0,0.0
0.0,0.0,0.0,1.0,0.0,E02000895,0.5513064532741949,0.0,0.0,0.0,1.0,0.0,0.0,1.0,0.0
0.0,0.0,0.0,1.0,0.0,E02000896,0.635118390269606,0.0,0.0,1.0,0.0,0.0,0.0,1.0,0.0
0.0,1.0,0.0,0.0,0.0,E02000897,0.3909708740040755,0.0,0.0,0.0,1.0,0.0,0.0,1.0,0.0
0.0,1.0,0.0,0.0,0.0,E02000898,0.5713688842934126,0.0,0.0,0.0,1.0,0.0,0.0,1.0,0.0
0.0,0.0,0.0,1.0,0.0,E02000899,0.5437897396423197,0.0,0.0,0.0,1.0,0.0,0.0,1.0,0.0
0.0,1.0,0.0,0.0,0.0,E02000900,0.5689044016302699,0.0,0.0,0.0,1.0,0.0,0.0,1.0,0.0
0.0,0.0,0.0,1.0,0.0,E02000901,0.39050460787072955,0.0,0.0,1.0,0.0,0.0,0.0,1.0,0.0
0.0,1.0,0.0,0.0,0.0,E02000902,0.4372866858359302,0.0,0.0,0.0,1.0,0.0,0.0,1.0,0.0
0.0,0.0,0.0,0.0,1.0,E02000903,0.5580029144883256,0.0,0.0,0.0,1.0,0.0,0.0,1.0,0.0
0.0,1.0,0.0,0.0,0.0,E02000904,0.5771573083436453,0.0,0.0,1.0,0.0,0.0,0.0,1.0,0.0
0.0,1.0,0.0,0.0,0.0,E02000905,0.5901703499206511,0.0,0.0,1.0,0.0,0.0,0.0,1.0,0.0
0.0,1.0,0.0,0.0,0.0,E02000906,0.6232165146926735,0.0,0.0,1.0,0.0,0.0,0.0,0.0,1.0
0.0,0.0,0.0,0.0,1.0,E02000907,0.6910800444771081,1.0,0.0,0.0,0.0,0.0,1.0,0.0,0.0
0.0,0.0,1.0,0.0,0.0,E02000908,0.913837980525166,0.0,0.0,1.0,0.0,0.0,0.0,0.0,1.0
0.0,1.0,0.0,0.0,0.0,E02000909,0.6167443520417148,0.0,0.0,1.0,0.0,0.0,0.0,0.0,1.0
0.0,0.0,1.0,0.0,0.0,E02000910,0.6830053635482637,0.0,0.0,1.0,0.0,0.0,0.0,0.0,1.0
0.0,0.0,1.0,0.0,0.0,E02000911,0.7415844208689055,0.0,0.0,0.0,1.0,0.0,0.0,0.0,1.0
0.0,1.0,0.0,0.0,0.0,E02000912,0.5660702343915359,0.0,0.0,0.0,1.0,0.0,0.0,1.0,0.0
0.0,1.0,0.0,0.0,0.0,E02000913,0.6304638073498843,0.0,0.0,0.0,1.0,0.0,0.0,1.0,0.0
1.0,0.0,0.0,0.0,0.0,E02000914,0.7346855566025533,1.0,0.0,0.0,0.0,0.0,0.0,0.0,1.0
0.0,1.0,0.0,0.0,0.0,E02000915,0.7487050336958244,0.0,0.0,1.0,0.0,0.0,0.0,0.0,1.0
0.0,1.0,0.0,0.0,0.0,E02000916,0.8189909872579477,0.0,0.0,0.0,1.0,0.0,0.0,0.0,1.0
0.0,0.0,1.0,0.0,0.0,E02000917,0.729945963069942,0.0,0.0,1.0,0.0,0.0,0.0,0.0,1.0
0.0,0.0,1.0,0.0,0.0,E02000918,0.8747073632103047,0.0,0.0,0.0,1.0,0.0,0.0,0.0,1.0
0.0,0.0,1.0,0.0,0.0,E02000919,0.7657602256244075,0.0,0.0,0.0,1.0,0.0,0.0,1.0,0.0
0.0,0.0,1.0,0.0,0.0,E02000920,0.6804818862708498,0.0,0.0,0.0,1.0,0.0,0.0,0.0,1.0
1.0,0.0,0.0,0.0,0.0,E02000921,0.8390800063252574,1.0,0.0,0.0,0.0,0.0,0.0,0.0,1.0
0.0,1.0,0.0,0.0,0.0,E02000922,0.854426264948257,0.0,0.0,0.0,1.0,0.0,0.0,1.0,0.0
0.0,0.0,1.0,0.0,0.0,E02000923,1.2188084137292965,0.0,0.0,0.0,0.0,1.0,1.0,0.0,0.0
0.0,0.0,0.0,0.0,1.0,E02000925,0.957077900213691,0.0,0.0,0.0,1.0,0.0,1.0,0.0,0.0
0.0,0.0,1.0,0.0,0.0,E02000926,1.180734751855816,0.0,0.0,0.0,0.0,1.0,1.0,0.0,0.0
1.0,0.0,0.0,0.0,0.0,E02000927,0.7530143713007343,0.0,0.0,1.0,0.0,0.0,0.0,0.0,1.0
0.0,1.0,0.0,0.0,0.0,E02000928,0.7839807940443675,0.0,0.0,0.0,0.0,1.0,0.0,0.0,1.0
0.0,0.0,0.0,0.0,1.0,E02000929,0.8570889751937597,0.0,0.0,0.0,1.0,0.0,1.0,0.0,0.0
0.0,0.0,1.0,0.0,0.0,E02000930,0.9194146321928865,0.0,0.0,0.0,0.0,1.0,0.0,0.0,1.0
0.0,1.0,0.0,0.0,0.0,E02000931,0.7446098158600971,0.0,0.0,0.0,0.0,1.0,0.0,0.0,1.0
0.0,0.0,1.0,0.0,0.0,E02000932,1.1373653488282685,0.0,0.0,0.0,0.0,1.0,0.0,0.0,1.0
0.0,1.0,0.0,0.0,0.0,E02000933,0.8482867713599607,0.0,0.0,0.0,0.0,1.0,0.0,0.0,1.0
0.0,0.0,1.0,0.0,0.0,E02000934,0.8887222074624338,0.0,0.0,0.0,0.0,1.0,0.0,0.0,1.0
0.0,0.0,0.0,0.0,1.0,E02000935,0.7555293302043072,1.0,0.0,0.0,0.0,0.0,1.0,0.0,0.0
0.0,0.0,1.0,0.0,0.0,E02000936,0.9691754762888238,0.0,0.0,0.0,0.0,1.0,1.0,0.0,0.0
0.0,1.0,0.0,0.0,0.0,E02000937,0.8121934650815507,0.0,0.0,0.0,0.0,1.0,0.0,0.0,1.0
0.0,1.0,0.0,0.0,0.0,E02000938,0.7977495616943489,0.0,0.0,1.0,0.0,0.0,1.0,0.0,0.0
0.0,1.0,0.0,0.0,0.0,E02000939,0.7803521525455038,0.0,0.0,0.0,0.0,1.0,0.0,1.0,0.0
0.0,0.0,1.0,0.0,0.0,E02000940,0.7595284534632628,0.0,0.0,0.0,0.0,1.0,1.0,0.0,0.0
0.0,1.0,0.0,0.0,0.0,E02000941,0.7234287879708042,0.0,0.0,0.0,0.0,1.0,0.0,0.0,1.0
0.0,1.0,0.0,0.0,0.0,E02000942,0.719408684745057,0.0,0.0,0.0,0.0,1.0,0.0,1.0,0.0
0.0,0.0,1.0,0.0,0.0,E02000943,0.9503248033270346,0.0,0.0,0.0,0.0,1.0,0.0,0.0,1.0
1.0,0.0,0.0,0.0,0.0,E02000944,0.7988282052037178,0.0,0.0,0.0,1.0,0.0,1.0,0.0,0.0
1.0,0.0,0.0,0.0,0.0,E02000945,0.7463587890465213,1.0,0.0,0.0,0.0,0.0,1.0,0.0,0.0
0.0,1.0,0.0,0.0,0.0,E02000946,0.7197870302381837,0.0,0.0,0.0,0.0,1.0,0.0,0.0,1.0
0.0,1.0,0.0,0.0,0.0,E02000947,0.6692481227163303,0.0,0.0,0.0,0.0,1.0,0.0,0.0,1.0
0.0,0.0,1.0,0.0,0.0,E02000948,0.8562576995689944,0.0,0.0,0.0,0.0,1.0,0.0,0.0,1.0
0.0,1.0,0.0,0.0,0.0,E02000949,0.8294906442595059,0.0,0.0,0.0,0.0,1.0,0.0,0.0,1.0
0.0,0.0,1.0,0.0,0.0,E02000950,0.8703773949390736,0.0,0.0,1.0,0.0,0.0,1.0,0.0,0.0
0.0,0.0,1.0,0.0,0.0,E02000951,0.8752509530570451,0.0,0.0,0.0,0.0,1.0,0.0,0.0,1.0
0.0,0.0,1.0,0.0,0.0,E02000952,0.7884559992648683,0.0,0.0,1.0,0.0,0.0,0.0,0.0,1.0
0.0,1.0,0.0,0.0,0.0,E02000953,0.7744870154177276,0.0,0.0,0.0,0.0,1.0,0.0,0.0,1.0
0.0,1.0,0.0,0.0,0.0,E02000954,0.7528453851188733,0.0,0.0,0.0,0.0,1.0,0.0,1.0,0.0
0.0,0.0,1.0,0.0,0.0,E02000955,0.7689396114571412,0.0,0.0,1.0,0.0,0.0,0.0,1.0,0.0
0.0,0.0,1.0,0.0,0.0,E02000956,0.9284848840231199,0.0,0.0,1.0,0.0,0.0,0.0,0.0,1.0
0.0,0.0,1.0,0.0,0.0,E02000957,0.8003662867333059,0.0,0.0,1.0,0.0,0.0,0.0,0.0,1.0
0.0,1.0,0.0,0.0,0.0,E02000958,0.7360541133566024,0.0,0.0,1.0,0.0,0.0,0.0,1.0,0.0
0.0,0.0,1.0,0.0,0.0,E02000959,0.6903698325741012,0.0,0.0,0.0,1.0,0.0,0.0,0.0,1.0
0.0,0.0,1.0,0.0,0.0,E02000960,1.345570633419868,0.0,1.0,0.0,0.0,0.0,1.0,0.0,0.0
0.0,0.0,1.0,0.0,0.0,E02000961,1.0587947532947317,0.0,0.0,1.0,0.0,0.0,1.0,0.0,0.0
0.0,0.0,1.0,0.0,0.0,E02000962,1.3103319158830116,0.0,1.0,0.0,0.0,0.0,1.0,0.0,0.0
0.0,0.0,0.0,0.0,1.0,E02000963,0.782861223147246,1.0,0.0,0.0,0.0,0.0,0.0,0.0,1.0
1.0,0.0,0.0,0.0,0.0,E02000964,0.9091180993167671,0.0,0.0,0.0,1.0,0.0,0.0,0.0,1.0
0.0,0.0,1.0,0.0,0.0,E02000965,1.1051983271947843,0.0,0.0,1.0,0.0,0.0,1.0,0.0,0.0
0.0,0.0,1.0,0.0,0.0,E02000966,1.2144582192457594,0.0,0.0,1.0,0.0,0.0,0.0,0.0,1.0
0.0,0.0,1.0,0.0,0.0,E02000967,1.5377246934900521,0.0,1.0,0.0,0.0,0.0,1.0,0.0,0.0
1.0,0.0,0.0,0.0,0.0,E02000968,1.1274753546883918,1.0,0.0,0.0,0.0,0.0,1.0,0.0,0.0
1.0,0.0,0.0,0.0,0.0,E02000969,0.9958784251326397,1.0,0.0,0.0,0.0,0.0,1.0,0.0,0.0
0.0,0.0,1.0,0.0,0.0,E02000970,1.6678390080530323,0.0,1.0,0.0,0.0,0.0,0.0,0.0,1.0
0.0,0.0,1.0,0.0,0.0,E02000971,1.50369645486793,0.0,1.0,0.0,0.0,0.0,1.0,0.0,0.0
0.0,0.0,1.0,0.0,0.0,E02000972,1.5295093241793507,0.0,1.0,0.0,0.0,0.0,1.0,0.0,0.0
0.0,0.0,1.0,0.0,0.0,E02000973,1.274907683453453,0.0,1.0,0.0,0.0,0.0,0.0,0.0,1.0
0.0,0.0,1.0,0.0,0.0,E02000974,1.6040133431152717,0.0,1.0,0.0,0.0,0.0,1.0,0.0,0.0
0.0,0.0,1.0,0.0,0.0,E02000975,1.411865974459709,0.0,1.0,0.0,0.0,0.0,1.0,0.0,0.0
0.0,0.0,1.0,0.0,0.0,E02000976,1.4267233710058627,0.0,1.0,0.0,0.0,0.0,1.0,0.0,0.0
0.0,0.0,1.0,0.0,0.0,E02000977,1.7072671158249388,0.0,1.0,0.0,0.0,0.0,1.0,0.0,0.0
0.0,0.0,1.0,0.0,0.0,E02000978,1.7234974949990256,0.0,1.0,0.0,0.0,0.0,0.0,0.0,1.0
0.0,0.0,1.0,0.0,0.0,E02000979,1.477482242851035,0.0,1.0,0.0,0.0,0.0,1.0,0.0,0.0
1.0,0.0,0.0,0.0,0.0,E02000980,1.349392133541996,0.0,1.0,0.0,0.0,0.0,1.0,0.0,0.0
0.0,0.0,1.0,0.0,0.0,E02000981,1.3414133490589177,0.0,1.0,0.0,0.0,0.0,0.0,0.0,1.0
1.0,0.0,0.0,0.0,0.0,E02000982,1.3824060204520063,0.0,1.0,0.0,0.0,0.0,1.0,0.0,0.0
1.0,0.0,0.0,0.0,0.0,E02000983,1.3789941341671537,0.0,1.0,0.0,0.0,0.0,1.0,0.0,0.0
0.0,0.0,0.0,1.0,0.0,E02006782,0.6314595618269305,0.0,0.0,1.0,0.0,0.0,0.0,1.0,0.0
0.0,0.0,0.0,0.0,1.0,E02006783,0.5193833985905164,1.0,0.0,0.0,0.0,0.0,0.0,1.0,0.0
0.0,0.0,0.0,0.0,1.0,E02006784,0.6925832056746182,1.0,0.0,0.0,0.0,0.0,0.0,1.0,0.0
0.0,0.0,0.0,1.0,0.0,E02006785,0.6347057092245104,0.0,0.0,0.0,1.0,0.0,0.0,1.0,0.0
0.0,0.0,0.0,0.0,1.0,E02006786,0.6233940793580357,0.0,0.0,0.0,1.0,0.0,0.0,1.0,0.0
0.0,0.0,0.0,1.0,0.0,E02006787,0.5165825284279844,0.0,0.0,0.0,0.0,1.0,0.0,1.0,0.0
0.0,1.0,0.0,0.0,0.0,E02006788,0.6581498894412205,0.0,0.0,0.0,1.0,0.0,0.0,1.0,0.0
0.0,0.0,0.0,1.0,0.0,E02006789,0.6883202190266263,0.0,0.0,1.0,0.0,0.0,0.0,1.0,0.0
0.0,1.0,0.0,0.0,0.0,E02006791,0.7263425586883102,0.0,0.0,0.0,0.0,1.0,0.0,0.0,1.0
0.0,0.0,1.0,0.0,0.0,E02006792,0.8461121143048319,0.0,0.0,0.0,0.0,1.0,0.0,0.0,1.0
1.0,0.0,0.0,0.0,0.0,E02006793,0.7161154340940363,1.0,0.0,0.0,0.0,0.0,0.0,0.0,1.0
1.0,0.0,0.0,0.0,0.0,E02006794,0.8712712835274207,1.0,0.0,0.0,0.0,0.0,1.0,0.0,0.0
0.0,0.0,0.0,1.0,0.0,E02006795,0.49833580420281165,0.0,0.0,1.0,0.0,0.0,0.0,1.0,0.0
0.0,1.0,0.0,0.0,0.0,E02006796,0.620833992203044,0.0,0.0,1.0,0.0,0.0,0.0,1.0,0.0
1.0,0.0,0.0,0.0,0.0,E02006798,0.8904914949443101,0.0,0.0,0.0,1.0,0.0,1.0,0.0,0.0
0.0,0.0,0.0,0.0,1.0,E02006799,0.4580953199333552,1.0,0.0,0.0,0.0,0.0,0.0,1.0,0.0
0.0,1.0,0.0,0.0,0.0,E02006800,0.5183898734631305,0.0,0.0,0.0,1.0,0.0,0.0,1.0,0.0
1.0,0.0,0.0,0.0,0.0,E02006801,1.4348192900208998,0.0,1.0,0.0,0.0,0.0,1.0,0.0,0.0
1.0,0.0,0.0,0.0,0.0,E02006802,1.1523403029658994,0.0,0.0,1.0,0.0,0.0,1.0,0.0,0.0
0.0,0.0,0.0,1.0,0.0,E02006836,0.5701956431965339,0.0,0.0,0.0,0.0,1.0,0.0,1.0,0.0
1.0,0.0,0.0,0.0,0.0,E02006853,1.1347977845162551,0.0,0.0,1.0,0.0,0.0,1.0,0.0,0.0
0.0,0.0,1.0,0.0,0.0,E02006854,1.4450981930133913,0.0,1.0,0.0,0.0,0.0,1.0,0.0,0.0
0.0,0.0,0.0,1.0,0.0,E02006882,0.660864243045013,0.0,0.0,1.0,0.0,0.0,0.0,1.0,0.0
1.0,0.0,0.0,0.0,0.0,E02006918,0.9151217616975834,1.0,0.0,0.0,0.0,0.0,1.0,0.0,0.0
1.0,0.0,0.0,0.0,0.0,E02006921,0.9866976635979213,1.0,0.0,0.0,0.0,0.0,1.0,0.0,0.0
0.0,1.0,0.0,0.0,0.0,E02006924,0.7646312642211807,0.0,0.0,0.0,1.0,0.0,0.0,1.0,0.0
0.0,0.0,0.0,1.0,0.0,E02006925,0.32780061208558436,0.0,0.0,1.0,0.0,0.0,0.0,1.0,0.0
0.0,1.0,0.0,0.0,0.0,E02006927,0.7333529525087881,0.0,0.0,1.0,0.0,0.0,0.0,0.0,1.0
1.0,0.0,0.0,0.0,0.0,E02006928,0.8193408452935443,0.0,0.0,0.0,0.0,1.0,1.0,0.0,0.0
0.0,0.0,1.0,0.0,0.0,E02006930,0.9121468700336868,0.0,0.0,0.0,0.0,1.0,0.0,0.0,1.0
0.0,1.0,0.0,0.0,0.0,E02006931,0.8289734570250952,0.0,0.0,0.0,0.0,1.0,0.0,0.0,1.0
0.0,0.0,1.0,0.0,0.0,E02006941,1.386566306752373,0.0,0.0,0.0,0.0,1.0,1.0,0.0,0.0
1.0,0.0,0.0,0.0,0.0,E02006942,1.0498643247753183,0.0,0.0,0.0,0.0,1.0,1.0,0.0,0.0
0.0,0.0,1.0,0.0,0.0,E02006953,0.9568629519078212,0.0,0.0,1.0,0.0,0.0,1.0,0.0,0.0
0.0,0.0,1.0,0.0,0.0,E02006954,0.6204594834902869,0.0,0.0,1.0,0.0,0.0,1.0,0.0,0.0
0.0,0.0,1.0,0.0,0.0,E02006955,1.5405112474354699,0.0,1.0,0.0,0.0,0.0,1.0,0.0,0.0
0.0,0.0,1.0,0.0,0.0,E02006956,1.2855051098031605,0.0,0.0,0.0,1.0,0.0,0.0,1.0,0.0
0.0,0.0,1.0,0.0,0.0,E02006968,0.8628268069746884,0.0,0.0,1.0,0.0,0.0,0.0,0.0,1.0
0.0,0.0,1.0,0.0,0.0,E02006969,1.10560753754724,0.0,0.0,1.0,0.0,0.0,1.0,0.0,0.0
0.0,0.0,1.0,0.0,0.0,E02006970,0.9262718504801067,1.0,0.0,0.0,0.0,0.0,0.0,0.0,1.0
0.0,0.0,1.0,0.0,0.0,E02006971,0.7925689887380722,1.0,0.0,0.0,0.0,0.0,0.0,1.0,0.0
1.0,0.0,0.0,0.0,0.0,E02006972,1.0895028781088973,0.0,0.0,0.0,1.0,0.0,1.0,0.0,0.0
1.0,0.0,0.0,0.0,0.0,E02006973,0.7572915032318104,0.0,0.0,0.0,1.0,0.0,1.0,0.0,0.0
0.0,0.0,1.0,0.0,0.0,E02006987,0.9937964140386408,0.0,0.0,1.0,0.0,0.0,1.0,0.0,0.0
0.0,0.0,1.0,0.0,0.0,E02006988,0.9683830338841247,0.0,0.0,0.0,1.0,0.0,0.0,0.0,1.0
0.0,0.0,1.0,0.0,0.0,E02006991,0.9853144004027723,0.0,0.0,0.0,0.0,1.0,1.0,0.0,0.0
0.0,0.0,0.0,0.0,1.0,E02006992,0.9700517010879925,0.0,0.0,0.0,0.0,1.0,1.0,0.0,0.0
0.0,0.0,1.0,0.0,0.0,E02006993,1.0945971344837573,0.0,0.0,0.0,0.0,1.0,1.0,0.0,0.0
1.0,0.0,0.0,0.0,0.0,E02006994,0.9036978170168498,0.0,0.0,0.0,1.0,0.0,1.0,0.0,0.0
0.0,0.0,1.0,0.0,0.0,E02006995,1.1778729436258064,0.0,0.0,0.0,0.0,1.0,1.0,0.0,0.0
0.0,0.0,1.0,0.0,0.0,E02006996,1.2092189408899272,0.0,0.0,1.0,0.0,0.0,1.0,0.0,0.0
0.0,0.0,1.0,0.0,0.0,E02006997,1.1041309511125632,0.0,0.0,1.0,0.0,0.0,1.0,0.0,0.0
1.0,0.0,0.0,0.0,0.0,E02006998,0.9280583941646329,1.0,0.0,0.0,0.0,0.0,1.0,0.0,0.0
0.0,0.0,1.0,0.0,0.0,E02006999,1.2458444522123568,0.0,0.0,0.0,0.0,1.0,1.0,0.0,0.0
0.0,0.0,1.0,0.0,0.0,E02007008,1.0429880248386068,0.0,0.0,1.0,0.0,0.0,1.0,0.0,0.0
1.0,0.0,0.0,0.0,0.0,E02007009,0.8845453557775067,0.0,0.0,0.0,1.0,0.0,0.0,0.0,1.0
0.0,0.0,0.0,1.0,0.0,E02007017,0.48528435687035304,0.0,0.0,0.0,1.0,0.0,0.0,1.0,0.0
0.0,0.0,1.0,0.0,0.0,E02007018,0.48644947965366264,0.0,0.0,0.0,1.0,0.0,0.0,0.0,1.0
0.0,0.0,1.0,0.0,0.0,E02007019,0.8262580985849266,1.0,0.0,0.0,0.0,0.0,0.0,0.0,1.0
0.0,1.0,0.0,0.0,0.0,E02007020,0.43933269383026263,1.0,0.0,0.0,0.0,0.0,0.0,1.0,0.0
0.0,0.0,1.0,0.0,0.0,E02007083,1.5191081248970275,0.0,1.0,0.0,0.0,0.0,1.0,0.0,0.0
1.0,0.0,0.0,0.0,0.0,E02007084,0.9314488698603729,0.0,0.0,0.0,1.0,0.0,1.0,0.0,0.0
0.0,0.0,1.0,0.0,0.0,E02007108,0.9775463784013023,0.0,0.0,1.0,0.0,0.0,1.0,0.0,0.0
1.0,0.0,0.0,0.0,0.0,E02007109,0.9924655821027424,0.0,0.0,1.0,0.0,0.0,0.0,0.0,1.0
1.0,0.0,0.0,0.0,0.0,E02007110,1.179115682236206,0.0,1.0,0.0,0.0,0.0,1.0,0.0,0.0
0.0,0.0,1.0,0.0,0.0,E02007111,1.2963066547980884,0.0,1.0,0.0,0.0,0.0,1.0,0.0,0.0
0.0,0.0,1.0,0.0,0.0,E02007112,1.268574837136994,0.0,0.0,1.0,0.0,0.0,1.0,0.0,0.0
0.0,0.0,1.0,0.0,0.0,E02007113,1.3334528362100264,0.0,1.0,0.0,0.0,0.0,1.0,0.0,0.0
0.0,0.0,1.0,0.0,0.0,E02007114,1.0526882038751604,0.0,0.0,1.0,0.0,0.0,1.0,0.0,0.0
1.0,0.0,0.0,0.0,0.0,E02007115,1.2978248557887697,1.0,0.0,0.0,0.0,0.0,1.0,0.0,0.0
