MSOA21CD,%_Owned,%_Social-rent,%_Private-rent
E02000002,41.88410708234497,40.630294815316844,14.13080311758726
E02000003,53.17441011919241,12.697640476769642,29.117003162247627
E02000004,64.61474036850922,15.619765494137352,15.745393634840871
E02000005,49.93366940833112,24.19739984080658,20.668612364022287
E02000007,38.26705293652884,40.8743745061891,15.854622070055308
E02000008,42.30769230769231,34.32274247491639,18.87541806020067
E02000009,35.515736273834136,33.769813921433496,26.510452561451874
E02000010,42.28855721393035,32.74802458296752,20.836991513023122
E02000011,52.67605633802817,14.124748490945674,27.323943661971832
E02000012,64.70072992700729,11.737226277372264,19.27007299270073
E02000013,39.90384615384615,36.237980769230774,20.703125
E02000014,39.34563758389262,33.75279642058165,21.001118568232663
E02000015,28.951438292607484,44.2932261057841,18.342097123414785
E02000016,17.96140524492825,32.48391885205344,39.13904007916873
E02000017,43.93577041339255,10.112743423300309,40.006832934745475
E02000018,38.327839376685645,36.58975127359904,21.156727599640394
E02000019,40.19253910950662,34.356197352587245,19.614921780986762
E02000020,38.6087672360568,30.047334842560197,23.358715785140976
E02000021,44.52648475120385,19.58266452648475,28.764044943820227
E02000022,16.47901740020471,46.912316615489594,24.872057318321392
E02000023,28.454123527311676,45.805069617993574,18.921813637986435
E02006799,40.89887640449438,29.662921348314608,24.49438202247191
E02000024,65.33390966068727,7.283336935379295,23.27642100713205
E02000025,55.11202678341488,14.035539531290238,26.39711563224311
E02000026,69.69344198680636,5.626697710516105,21.303841676367867
E02000027,52.2823779193206,28.317409766454354,15.127388535031846
E02000028,61.911606180380886,5.246137261947538,29.141214516708587
E02000029,55.236842105263165,9.0,32.921052631578945
E02000030,71.77880686461454,10.760010896213567,13.075456278943069
E02000031,62.53545093590471,5.672149744753262,23.170731707317074
E02000032,80.23546200499464,3.3892258294684265,13.877987870139135
E02000033,61.224489795918366,13.055633212188985,21.554375174727426
E02000034,57.30367193781828,9.059233449477352,28.196194049852586
E02000035,47.74798927613941,9.571045576407506,36.72922252010724
E02000036,58.364038319823145,12.257430606730534,25.300908867600096
E02000037,61.15183246073298,13.37696335078534,19.816753926701573
E02000038,56.831777937305574,9.619526202440776,28.97822445561139
E02000039,63.357972544878564,4.0126715945089755,26.504751847940867
E02000040,56.421658383468476,16.26994506931729,17.237771383730056
E02000041,50.01426533523537,10.35663338088445,33.951497860199716
E02000042,45.07384179647987,6.494031964394092,43.47562209184706
E02000043,67.40072202166066,2.1299638989169676,26.353790613718413
E02000044,42.27386934673367,26.53894472361809,26.00502512562814
E02000045,46.119888475836426,20.724907063197026,29.763011152416357
E02000046,43.641143608281304,3.581991455800197,46.86164968780808
E02000047,34.72889498970487,29.90162434225578,30.26767330130405
E02000048,60.93034466136419,5.037358399614365,28.994938539407084
E02000049,26.13927291346646,49.257552483358936,17.869943676395287
E02000050,45.79148732663797,24.19894787183166,25.03586800573888
E02000051,51.27889818002951,5.017215937038859,36.7437284800787
E02000052,48.80624426078972,15.5188246097337,31.450872359963267
E02000054,43.90166028097063,5.9067688378033205,44.28480204342273
E02000055,35.559717020391176,11.319184352892218,46.48356221389929
E02000056,63.88661760697738,5.669119651131099,23.875715453802126
E02000057,42.86706004859423,7.358556056924678,43.45713293995141
E02000058,53.06592899953896,5.509451360073767,35.569386814200094
E02000059,40.809836760652956,15.263938944244224,37.015051939792244
E02000060,42.003027245206866,7.84561049445005,42.9364278506559
E02000061,41.386499869689864,3.3880635913474064,47.87594474850143
E02000062,29.15750915750916,26.22710622710623,39.010989010989015
E02000063,41.83028286189684,7.420965058236273,44.22628951747088
E02000064,37.72434812055537,23.19674906874365,31.49339654588554
E02006953,25.890120254656924,14.006130629568498,47.229427021928785
E02006954,33.69397217928903,19.654817104585266,38.4080370942813
E02000065,40.424076607387136,27.428180574555405,25.957592339261286
E02000066,29.194187582562748,45.9445178335535,17.96565389696169
E02000067,46.9722156257421,19.092852054143908,27.831868914747094
E02000068,38.069164265129686,27.146974063400574,22.13256484149856
E02000069,62.85126799177518,13.879369431117203,16.68951336531871
E02000070,74.20440636474909,7.741738066095472,12.91309669522644
E02000071,68.3293474547318,13.973351554492655,14.041680901947387
E02000072,44.666530695492554,32.89822557617785,15.704670609830714
E02000073,84.69111493969973,4.011813930593157,8.171301993600789
E02000074,46.49487392629537,35.74397339983375,10.917151565530618
E02000075,82.19685282320272,5.553841406973156,9.194692995988893
E02000077,74.26104284290933,10.129525074726004,12.58718033875789
E02000078,81.09149277688603,5.200642054574639,10.016051364365971
E02000079,66.99816801884323,5.365087673383931,19.34048678356451
E02000080,73.57395254921757,6.082786471479051,15.295305401312467
E02000081,70.72085434589142,13.794126371996441,12.132898249777515
E02000082,83.93312553131199,2.2669311419665625,10.881269481439501
E02000083,60.99397590361446,17.233218588640277,15.705679862306368
E02000084,81.40877598152426,4.180138568129331,10.854503464203233
E02000085,79.30385700846661,3.8570084666039515,12.51175917215428
E02000086,84.26378227494766,1.57013258897418,10.956036287508724
E02000087,76.73138220805563,4.810199942045784,13.561286583598955
E02000088,84.81967213114754,3.7704918032786887,8.754098360655737
E02000089,83.93036491463006,5.222631402745229,7.733511884834282
E02000090,60.94701240135287,9.447576099210824,22.412626832018038
E02000091,63.07431717128944,13.868304044039807,15.668007622273977
E02000092,52.0099608680185,31.056563500533617,10.95695482034863
E02006785,67.9182156133829,14.312267657992564,12.490706319702602
E02000093,53.2258064516129,9.90783410138249,29.877112135176652
E02000094,48.43158464034613,14.115738236884804,27.82585181179016
E02000095,52.24736048265461,10.889894419306184,32.126696832579185
E02000096,68.15384615384616,4.153846153846154,23.26923076923077
E02000097,54.98084291187739,9.897828863346104,31.57726692209451
E02000098,44.46308724832215,21.57718120805369,29.42953020134228
E02000099,43.30446369087275,13.324450366422386,39.473684210526315
E02000100,64.22610015174507,10.12898330804249,22.19271623672231
E02000101,34.79130931961121,29.702687249857064,30.960548885077188
E02000102,34.48641016590187,21.426050123543945,35.54535827744441
E02000103,37.4860956618465,24.77753058954394,31.70189098998888
E02000104,48.1203007518797,14.641867827463395,30.273051048674315
E02000105,41.94444444444444,12.932098765432098,39.783950617283956
E02000106,31.928345626975762,17.544783983140146,44.072708113804005
E02000107,30.482875983833228,17.251648585407363,43.65028717294193
E02000108,48.85593220338983,12.669491525423728,32.03389830508475
E02000110,41.74667079591205,20.346856611954163,32.672654072468255
E02000111,39.035350509287,13.481126423007789,41.88136608747753
E02000112,36.41845831148401,11.116937598321972,41.84583114840063
E02000113,18.011728567439263,53.504607651494,19.072884669086847
E02000114,27.753752225896715,19.15543118799288,45.78987534978377
E02000115,27.635054021608646,24.441776710684273,39.87995198079231
E02000116,19.604421175101802,32.024432809773124,39.15066899360093
E02000117,19.22254616132167,43.18756073858115,26.919339164237122
E02000118,43.549835378629155,16.462137084705176,33.373241544447765
E02000119,14.541284403669724,48.69266055045872,22.224770642201836
E02000120,28.258535537899938,21.709254885119176,40.39080953403479
E02000121,38.54440357330531,13.321071991592223,38.3342091434577
E02000122,49.98498949264485,17.11197838486941,26.628640048033624
E02000123,19.993498049414825,31.22561768530559,37.22366710013004
E02000124,39.18770581778266,18.594950603732162,32.777167947310645
E02000125,45.890246824826264,19.530313922837287,28.229091780493647
E02000126,14.03927813163482,56.104033970276014,17.8343949044586
E02006955,12.21392435557697,12.238014936159962,37.60539629005059
E02006956,37.69329896907217,8.698453608247423,33.118556701030926
E02000127,47.055837563451774,31.395939086294415,16.6497461928934
E02000128,69.7007874015748,11.37007874015748,14.99212598425197
E02000130,56.3854792373988,16.740663358579262,21.311047270827892
E02000131,38.66592344853215,21.497584541062803,32.683017465626165
E02000132,48.28566016290964,12.293995074824778,31.06648986550483
E02000133,77.07413945278023,3.309796999117388,13.989408649602824
E02000134,50.16811183861264,13.678994868164926,29.53459564678818
E02000135,24.51329286162864,43.16516642244086,23.194473518944942
E02000136,68.61192163401417,18.090871196331804,8.46185910796165
E02000137,64.99871034304874,6.2677327830797,23.110652566417333
E02000138,62.78272789581906,3.7468585789353437,27.62165867032214
E02000139,61.91299337366753,12.935753385191587,19.44684528954192
E02000140,44.59770114942529,40.143678160919535,9.626436781609195
E02000141,58.93939393939394,12.666666666666668,21.242424242424242
E02000142,71.20708748615725,5.232558139534884,18.826135105204873
E02000144,56.256777271741484,5.22663196703535,30.600737367165475
E02000145,48.19078947368421,31.880482456140353,14.089912280701755
E02000146,64.32789983463265,7.8431372549019605,21.828490432317505
E02000147,77.6969696969697,4.03030303030303,14.121212121212121
E02000148,77.54670426506874,6.908706379978851,10.398308071906943
E02000149,62.60614934114203,18.799414348462665,13.616398243045388
E02000150,77.24309220738901,8.87923005277864,10.058987891959019
E02000151,87.14425907752698,2.1589793915603535,7.75269872423945
E02000152,58.56164383561644,26.245330012453298,10.523038605230386
E02000153,88.8663967611336,3.8124156545209176,4.8582995951417
E02000154,68.34801174272751,7.499332799572992,18.788364024552976
E02000155,78.23867262284621,8.104658583280152,9.795788130185066
E02000156,79.5958795562599,5.11093502377179,11.152931854199682
E02000157,86.19259259259259,1.8962962962962964,8.977777777777778
E02000158,67.91307126877597,20.389900926813677,7.606263982102908
E02000159,82.28147148160649,2.632467094161323,9.956125548430645
E02000160,82.0414673046252,3.3173843700159487,10.940988835725678
E02000161,84.7585805700989,2.3851076207097153,10.063990692262943
E02000162,70.0974025974026,16.201298701298704,9.642857142857144
E02000163,81.25393824826716,6.175173282923756,8.758664146187774
E02000165,83.91335227272727,4.438920454545454,8.309659090909092
E02006782,64.62137084705178,17.449865309787487,12.660879976055073
E02006787,71.71464330413016,8.729662077596997,15.206508135168962
E02006789,80.41624019106108,4.947117024906175,9.211873080859775
E02000166,40.213618157543394,32.496662216288385,16.715620827770362
E02000167,45.20234156273861,8.068210740646474,32.01832527360652
E02000168,36.8585569158635,25.605626465225317,27.84579317530607
E02000169,42.287454998615345,7.39407366380504,33.31487122680698
E02000170,38.587641866330394,10.34047919293821,37.75535939470366
E02000171,37.87755102040816,24.353741496598637,27.346938775510203
E02000172,20.25687246507436,50.405588102748986,18.97251013970257
E02000173,29.949482800096224,14.072648544623526,39.90858792398364
E02000174,26.255122950819672,38.60143442622951,25.69159836065574
E02000175,26.11306688755436,18.823773037896043,43.30089045351004
E02000176,33.2374928119609,8.82691201840138,43.7607820586544
E02000177,22.681954137587237,42.44765702891326,25.423728813559322
E02000178,20.66412859560068,28.214890016920474,38.02876480541455
E02000179,29.967105263157894,24.605263157894736,28.848684210526315
E02000180,23.514665329656555,34.19403359237904,29.305590373527203
E02000181,31.740284817764902,15.858073859522085,42.33647115616703
E02000182,26.859166439662218,17.515663307000818,38.518114955053115
E02000183,29.343992475899366,27.651069833059015,27.486480131671758
E02000184,16.41754471943151,39.1815731438373,30.97280078412154
E02000185,16.486426837342748,40.69741778856765,31.229309203266386
E02000186,20.66794415548864,24.226663016698605,34.93019436079934
E02000187,10.380779691749774,55.621033544877605,18.970988213961924
E02000188,10.401814646791964,58.943616331821126,17.822423849643553
E02000191,16.877496671105195,17.010652463382154,35.45272969374168
E02000192,15.095868214960841,42.34404536862004,25.35781798541723
E02000193,15.190137902214792,22.23150856665274,26.368575010447138
E02007115,13.307030129124819,40.38737446197992,25.64562410329986
E02000001,24.498156493240476,9.968592107059948,32.404752150757886
E02000194,44.995590828924165,21.075837742504408,25.37477954144621
E02000195,68.10840405146456,7.418560087599234,18.56008759923351
E02000196,52.86926994906621,18.33616298811545,23.157894736842106
E02000197,48.81087202718007,15.005662514156285,28.822197055492637
E02000198,43.841059602649004,19.04635761589404,28.000000000000004
E02000199,58.02650957290133,10.36818851251841,25.15463917525773
E02000200,47.56756756756757,12.45593419506463,33.11398354876616
E02000201,33.649738965353585,26.8391077361177,29.401993355481725
E02000202,57.64559327312364,7.131734662099035,29.212083463095606
E02000203,37.507453786523556,19.648181276088252,33.24388789505068
E02000204,52.10772833723654,11.065573770491802,30.005854800936767
E02000206,35.51322751322751,23.703703703703706,33.1005291005291
E02000207,43.3509234828496,25.356200527704488,22.559366754617415
E02000208,27.16998191681736,28.684448462929474,32.662748643761304
E02000209,48.55813953488372,18.046511627906977,27.53488372093023
E02000210,57.1468375592087,12.231819448314294,24.85371969908052
E02000211,80.19337825959566,5.947846469381775,10.020509815411662
E02000212,37.59791122715404,24.68813460980563,29.852045256744997
E02000213,21.503313568189743,25.305197070108125,45.1866062085804
E02000214,73.63449691991786,5.215605749486653,15.728952772073923
E02000215,34.713828652683965,15.854959118378956,41.397084962673304
E02000216,47.46307000642261,10.950545921644188,35.74181117533718
E02000217,36.81338668606766,19.87995634776282,32.32084394325209
E02000218,55.76844679983694,30.94170403587444,8.479412963717897
E02000219,82.6731078904992,2.8019323671497585,10.305958132045088
E02000221,42.62683736367947,29.27927927927928,19.677572309151255
E02000222,55.00387897595035,9.387121799844842,28.497543315231443
E02000223,25.32826537664133,61.506565307532824,8.880442294402211
E02000224,53.84615384615385,8.543854669315925,28.839057621345443
E02000225,50.40087463556851,36.224489795918366,8.965014577259476
E02000226,84.92864601461886,2.1928297946397493,9.119387399930385
E02000227,67.56594724220624,12.589928057553957,15.727418065547564
E02000228,85.39579967689822,2.2617124394184165,9.337641357027463
E02000229,37.9851362510322,43.10487200660611,10.198183319570603
E02000230,60.090948462537895,8.943265482893027,20.29016890428757
E02000231,79.07935417382342,2.713844039848849,12.538646513225697
E02000232,79.17341977309562,9.562398703403566,6.239870340356564
E02000233,66.81188118811882,12.950495049504951,13.346534653465348
E02000234,59.55882352941176,14.705882352941178,15.365111561866126
E02000235,76.37222828062524,9.414758269720101,9.560159941839332
E02000236,81.50322959483265,7.193188490898414,7.751027598355844
E02000237,77.85488958990537,11.38801261829653,6.1198738170347005
E02006788,51.05540897097626,30.013192612137203,13.852242744063325
E02006987,18.902580795163914,11.904208323645664,55.56847244826785
E02006988,33.2144816236972,13.74108612177729,42.92375205704882
E02000238,45.58859670680757,15.753256328336201,29.442123371835834
E02000239,62.896953985742066,2.851587815942968,28.45106934543098
E02000240,42.42199108469539,30.0148588410104,21.545319465081725
E02000241,55.15711645101664,8.724584103512015,31.64510166358595
E02000242,57.95551753635586,4.448246364414029,32.24978614200171
E02000243,49.16820702402958,15.773259396179915,29.852125693160815
E02000244,49.13821138211382,7.154471544715448,38.146341463414636
E02000245,30.44724770642202,36.58256880733945,23.767201834862387
E02000246,44.395604395604394,29.5447409733124,21.50706436420722
E02000247,42.77571251548947,23.742255266418834,26.195786864931847
E02000248,40.04781829049611,4.393305439330543,43.03646144650329
E02000249,47.6268951878708,14.864864864864865,30.65260382333553
E02000250,67.07040121120363,4.69341408024224,23.23996971990916
E02000251,61.39097744360902,5.676691729323308,27.481203007518793
E02000252,26.216099870856652,20.469220835126993,44.57597933706414
E02000253,38.12405446293495,39.4856278366112,17.423096318709028
E02000254,57.42173112338859,6.887661141804788,31.34438305709024
E02000255,49.489274770173644,18.462717058222676,28.013278855975486
E02000256,40.03777148253069,9.726156751652502,43.7204910292729
E02000258,39.24963924963925,15.873015873015872,38.05916305916306
E02000259,57.027463651050084,9.975767366720516,28.029079159935378
E02000260,42.21407135711904,12.704234744914972,36.07869289763254
E02000261,30.36827195467422,21.038715769593956,37.65816808309726
E02000262,31.95566843685061,21.219117986608175,36.088663126298776
E02000263,40.52830188679245,16.0251572327044,32.9559748427673
E02000264,42.130365659777425,9.697933227344992,41.149973502914676
E02000265,37.25333864859478,22.045046840741477,32.449671118198125
E02000266,30.501363541011116,36.14432557163835,18.01971890077617
E02000267,49.1808162049449,13.226094727435209,29.93744414655943
E02000268,46.83668464933791,15.669445806768023,31.14271701814615
E02000269,56.52298030259777,5.452469312018271,32.1153297173851
E02000270,30.05998666962897,30.682070650966452,24.52788269273495
E02000271,57.72640911969601,5.953134895503483,30.018999366687776
E02000272,68.70517176292941,6.153265383163458,20.15855039637599
E02000275,36.481963555224986,17.88769059129788,31.79620676831536
E02000276,51.42559109874826,10.361613351877608,32.33657858136301
E02006791,44.63354378259676,13.203403788086742,35.657425199011804
E02006968,40.36458333333333,10.078125,41.848958333333336
E02006969,24.714160070360595,10.407505130460276,49.19378481383758
E02006970,32.53610108303249,10.559566787003611,44.62996389891697
E02006971,42.95358649789029,12.953586497890296,36.49789029535865
E02000277,52.0977745348413,13.4987230937614,29.405326523166725
E02000278,36.439220183486235,32.25344036697248,25.602064220183486
E02000279,34.991603694374476,23.509655751469353,29.80688497061293
E02000280,59.62021781625244,18.961184026808155,15.442613795029322
E02000281,46.63157894736842,20.36842105263158,24.289473684210527
E02000282,29.950765864332602,33.39715536105033,30.25164113785558
E02000283,51.60848733744011,16.290212183436005,27.27583846680356
E02000284,58.51929640325545,10.895248096613285,24.547125229719086
E02000285,81.33174791914387,3.329369797859691,12.604042806183116
E02000286,61.45225309362596,6.140555685267336,25.49614756012141
E02000287,64.38312718046305,7.8655248969235645,17.0313986679353
E02000288,38.79896786300727,22.37860661505982,31.902416138869338
E02000289,79.76669348350765,6.476267095736123,11.061946902654867
E02000290,30.53211009174312,29.651376146788994,29.761467889908253
E02000291,44.97170222028733,13.45232912494558,35.17631693513278
E02000292,62.11998923863331,7.80199085283831,25.6120527306968
E02000293,76.64205207928488,3.342401865526622,16.556548775748155
E02000294,48.517940717628704,17.847113884555384,28.673946957878314
E02000295,61.245674740484425,8.938869665513264,25.02883506343714
E02000296,44.2656860491841,8.917490232130545,38.933578487703976
E02000297,77.08678828081813,2.2940851299060254,16.334991708126037
E02000298,73.60277865487843,3.378591727186612,19.32428165456268
E02000299,36.99050809603573,14.824120603015075,39.028475711892796
E02000300,43.6799501867995,11.519302615193027,37.60896637608966
E02000301,29.37546284867934,30.313502838805235,30.83189335966428
E02000302,63.2,10.892307692307693,21.415384615384617
E02000303,31.80277349768875,29.121725731895225,29.738058551617875
E02000304,73.61842105263158,2.368421052631579,19.27631578947368
E02000305,54.830005396654066,3.6157582298974638,34.29573664328117
E02000306,19.03959561920809,48.21679303566414,25.16147149677057
E02000307,56.837606837606835,7.8917378917378915,30.142450142450144
E02000308,45.86574474214924,16.537021031403054,28.666090463843275
E02000309,34.884814292430654,19.487541137752704,38.2228490832158
E02000311,49.03746097814776,15.71279916753382,28.720083246618106
E02000312,44.27778919252106,7.335114033285392,38.586398191904664
E02006793,25.838926174496645,40.01677852348993,26.677852348993287
E02000313,21.496033245183227,61.46581035134114,13.071401586701928
E02000314,32.327311370882036,24.56960680127524,35.68544102019129
E02000315,32.69493844049248,40.71135430916553,21.31326949384405
E02000317,23.004542504866972,50.32446463335496,16.482803374432187
E02000318,34.76279817743232,22.808898418654515,37.5234521575985
E02000319,31.46530810286269,29.815623483745757,31.58660844250364
E02000320,45.80815709969788,24.848942598187314,25.226586102719033
E02000321,25.07232401157184,48.02314368370299,20.829315332690452
E02000323,24.652165392906134,37.76210072506368,28.689006466784246
E02000324,29.578877005347593,47.99465240641711,16.61096256684492
E02000326,46.77976751492302,26.13886270813698,21.803330191643102
E02000327,22.18824328916072,41.01257220523276,24.668705402650357
E02000328,45.29430280138496,23.32389046270066,21.246458923512748
E02000329,54.20450059218318,23.174101855507303,19.10777733912357
E02000331,38.764547896150404,33.810802745449124,21.575649059982094
E02000332,57.15636822194199,16.708701134930642,19.798234552332914
E02000333,47.102145373038745,15.465898174831894,29.458853666346464
E02000334,55.35512965050733,25.140924464487036,14.618564449455093
E02000335,73.12874251497006,13.248502994011977,10.067365269461078
E02000337,43.91785150078989,38.862559241706165,12.101105845181674
E02000339,61.56702562198292,19.27218715187523,14.184923876717415
E02000340,58.18521983161834,14.624259432491424,20.174618023074526
E02000341,39.08232997071266,45.00488122356004,10.673608851285389
E02000342,48.728465955701395,28.87612797374898,15.750615258408532
E02000343,55.06986743102831,29.98925116445718,11.07130060910068
E02000344,71.61417322834646,11.496062992125983,12.598425196850393
E02006786,43.281093697899294,31.277092364121373,19.439813271090365
E02006927,43.965036265575606,23.023991073089086,23.87948670262228
E02006928,22.929597446355736,30.395460187976592,35.55594963646037
E02006930,40.343254399304804,19.74799044101673,28.177275689767544
E02006931,39.72479133769456,27.00203022783668,25.60342882923528
E02006991,22.7717239452361,13.243922883487008,46.689019279128246
E02006992,36.01154678854944,28.385855184026944,22.660572528265575
E02006993,24.867213906325446,22.33220666344761,34.45195557701594
E02006994,18.73949579831933,38.347338935574236,33.27731092436974
E02000345,21.80079155672823,18.964379947229553,41.29287598944591
E02000346,12.19886114761279,41.30530004380201,29.106438896189225
E02000347,20.51453391246241,28.934179752756435,35.78349482124958
E02000348,15.059658174782328,43.340857787810386,27.894227668494032
E02000350,28.72790639780931,22.10604929051531,39.183470251431416
E02000351,27.12940661265601,25.85942631924677,37.00459820451062
E02000352,32.35294117647059,34.83893557422969,24.649859943977592
E02000353,38.18760856977417,18.934568616097277,33.5842501447597
E02000354,23.772011121408713,41.17238183503244,25.695088044485637
E02000355,36.48954211418881,21.057094403617864,28.942905596382136
E02000356,39.0452876376989,22.36842105263158,30.997552019583846
E02000357,15.62390772457183,63.334498427123386,15.379238028661307
E02000358,25.53353658536585,34.051067073170735,30.46875
E02000359,38.10800459594025,29.87361164304864,24.35848333971658
E02000360,16.60886319845857,54.68208092485549,19.942196531791907
E02000361,20.557749259624877,31.786771964461995,36.52517275419546
E02000362,21.468926553672315,41.5752741774676,25.656364240611502
E02000363,16.194594594594594,59.28648648648649,16.56216216216216
E02000364,28.878923766816143,35.493273542600896,25.22421524663677
E02000366,21.747261554902483,52.71172855997863,18.380977825273845
E02000367,22.826526486049335,32.005661140315404,34.00727860897695
E02000368,17.983463481855765,55.1676619200735,20.716582452916857
E02000369,15.79194001874414,42.67416432364886,28.241174632927212
E02000370,17.632241813602015,43.16464392031143,26.10487749026792
E02006918,20.21430640023168,39.35708079930495,29.278887923544744
E02006921,15.407071034706455,45.60493026273111,28.51119039896205
E02007108,23.934108527131784,17.635658914728683,47.189922480620154
E02007109,25.225225225225223,34.61643461643462,28.09172809172809
E02007110,14.574387471583734,36.32230361202324,31.67466531952513
E02007111,12.980358667805294,18.01878736122972,46.93993737546256
E02000372,17.554585152838428,43.01310043668122,21.550218340611355
E02000373,16.937004903809882,59.56242927197284,16.06940777065258
E02000374,31.43979992854591,34.54805287602715,26.50946766702394
E02000375,18.987654320987655,35.160493827160494,30.839506172839503
E02000376,20.24336283185841,28.89933628318584,37.417035398230084
E02000377,24.948612538540598,30.421377183967113,31.32065775950668
E02000378,25.074384636191503,23.8842304571274,38.11198268866649
E02000379,40.03579952267303,23.031026252983295,26.014319809069214
E02000380,36.88320908768193,22.683706070287542,28.292509762158325
E02000381,29.115779189057157,22.813873961895457,34.367366878358574
E02000382,31.900094846664555,20.550110654441987,32.8169459374012
E02000383,25.399099467867376,18.808841588211216,39.23454768726975
E02000384,19.509345794392523,34.69626168224299,33.43457943925234
E02000385,27.357920193470374,14.933494558645707,43.22853688029021
E02000386,16.726251276813077,39.30030643513789,28.779366700715016
E02000387,23.333333333333332,37.68421052631579,28.87719298245614
E02000388,24.974200206398347,23.653250773993808,35.39731682146543
E02000389,41.791399382276076,12.663340460917084,31.907816583511522
E02000390,32.87989382879894,21.49966821499668,35.23556735235567
E02000391,36.77453864669698,20.43327092805563,29.767317464562716
E02000392,31.594333258376434,22.80188891387452,35.23723858781201
E02000393,42.405063291139236,10.759493670886076,36.954992967651194
E02000394,24.47331460674157,20.90941011235955,27.2998595505618
E02000395,41.270358306188925,10.13029315960912,33.55048859934853
E02000396,34.58915232218253,24.813251055537513,29.002923026956807
E02000397,29.005975013579576,23.302552960347636,40.79304725692558
E02000398,20.285714285714285,39.01587301587301,30.634920634920636
E02000400,39.070197044334975,28.35591133004926,26.07758620689655
E02000401,33.384674624566806,41.89449364651521,18.790912591451676
E02000402,25.923016496465046,43.362136684996074,24.037706205813038
E02000403,31.87867533271433,14.298978644382544,45.37294955122253
E02000404,32.01831630855935,28.355054596688976,32.01831630855935
E02000405,65.88602654176424,7.2989851678376265,22.482435597189696
E02000406,29.85884907709012,32.60948244661599,30.039811798769456
E02000407,23.89407162202829,27.47517303641288,36.864279265723745
E02000408,23.20025149324112,37.75542282301163,30.587865451116002
E02000409,29.93655828707375,40.56304520222046,21.60983346550357
E02000410,53.080736543909346,6.621813031161474,32.507082152974505
E02000411,28.50378787878788,28.62215909090909,32.83617424242424
E02000412,23.155541360587673,31.778984350047907,33.37591823698499
E02000413,52.50403877221325,14.830371567043619,26.720516962843295
E02000414,35.5413584398117,15.097511768661734,39.8453261600538
E02000415,35.97217621729049,14.773103676714145,41.437562106657836
E02000416,30.429536679536678,28.933397683397683,31.29826254826255
E02000417,51.89102564102564,7.852564102564102,31.41025641025641
E02000418,64.48157669237361,10.411311053984576,18.337617823479004
E02000419,32.014028056112224,12.424849699398797,45.866733466933866
E02000420,25.46728971962617,27.98546209761163,33.59293873312565
E02000421,18.81799470743899,36.812702146427526,33.0785063216701
E02000422,29.73490897476844,26.764611945065475,33.24816352603002
E02000423,36.41188959660297,15.286624203821656,41.75513092710545
E02000424,43.88646288209607,23.73674360573924,24.516531503431064
E02000425,25.251256281407038,17.67169179229481,45.268006700167504
E02000426,48.836436170212764,14.760638297872342,26.861702127659576
E02000427,37.44336569579288,11.618122977346278,42.16828478964401
E02000428,21.229404309252217,35.297845373891,34.31558935361217
E02000429,48.10344827586207,11.810344827586206,29.367816091954026
E02000430,40.420237766104506,11.556538567873929,36.79845175559856
E02000431,42.344571605320134,6.062480668110115,39.22053819981441
E02000432,35.45751633986928,23.0718954248366,32.41830065359477
E02006794,15.93601895734597,42.35781990521327,28.672985781990523
E02000433,55.03136762860728,10.28858218318695,22.73525721455458
E02000434,55.483536427275084,8.037334716100595,28.078817733990146
E02000435,54.923857868020306,18.307952622673433,20.27072758037225
E02000436,80.97928436911488,3.295668549905838,11.581920903954803
E02000437,60.89663760896637,10.523038605230386,23.87920298879203
E02000438,54.03098324375593,19.79133733797028,21.81473284856149
E02000439,49.11682677409359,9.420514409668423,31.670281995661604
E02000440,73.63607694733523,3.122043519394513,19.299905392620627
E02000441,56.65760869565217,17.01766304347826,20.14266304347826
E02000442,55.45160129543001,3.994242533285355,36.20007196833394
E02000443,42.98715203426124,14.58779443254818,36.188436830835116
E02000444,63.606794362125044,2.6382363570654137,29.779544633176723
E02000445,43.973214285714285,12.996031746031747,34.69742063492063
E02000447,70.18040325433321,7.110010611956137,19.06614785992218
E02000448,65.81284153005464,7.240437158469945,20.116120218579233
E02000449,51.110260336906585,16.27105666156202,28.407350689127103
E02000451,73.88613861386139,1.8151815181518154,19.389438943894387
E02000452,39.65793693212186,6.06627471940139,45.296632816675576
E02000453,50.61690314620605,6.971005552128316,34.42319555829735
E02000454,79.16827108201771,3.889102810935695,13.939160569888331
E02000455,34.34815091520358,11.878968995143818,40.960029884198725
E02000456,56.57142857142857,9.75,29.214285714285715
E02000457,58.10076114534252,6.886553098948895,25.4077564334904
E02000459,41.426193118756935,16.453940066592676,35.127635960044394
E02000460,45.701892744479494,25.985804416403784,22.634069400630917
E02000461,48.77078814172089,4.989154013015185,37.49096167751265
E02000462,52.36514522821577,7.551867219917012,34.066390041493776
E02000463,56.79862306368331,17.83132530120482,22.030981067125648
E02006795,63.992673992673986,2.93040293040293,29.48717948717949
E02006882,68.93857173865857,2.9737356197091382,22.313870197525503
E02000464,56.757645511344954,26.274251890825383,10.884577441631043
E02000465,50.60340098738343,31.54141524958859,12.781130005485464
E02000466,61.70710318620286,22.215726395790707,11.22478807366267
E02000467,35.46971027216857,44.776119402985074,12.357330992098332
E02000468,70.48832271762208,11.101000909918108,13.557779799818018
E02000469,53.37357954545454,28.941761363636363,12.677556818181818
E02000470,69.54513969060262,7.4347725698453,17.363195566843682
E02000471,86.9450838539954,1.907267346267675,7.563301545544229
E02000472,75.77656675749319,6.594005449591281,13.188010899182562
E02000473,74.08114558472553,5.894988066825776,13.651551312649165
E02000474,61.985018726591754,13.804173354735152,17.09470304975923
E02000475,65.16615602168278,9.710110770681121,17.48762667923639
E02000476,37.76058456909521,16.161616161616163,33.03245218138835
E02000477,81.31156039398653,2.5660964230171075,12.234318299637117
E02000478,84.75935828877004,5.080213903743315,5.793226381461675
E02000479,52.13050888726565,11.200389578767957,27.587046505965425
E02000480,49.93427230046949,17.80281690140845,24.619718309859152
E02000481,77.82698553291999,7.0563920873929735,10.30410392677886
E02000482,86.64921465968587,1.832460732984293,7.741211667913239
E02000483,62.038043478260875,12.771739130434783,19.34782608695652
E02000484,78.8803317535545,5.746445497630331,11.255924170616113
E02000485,72.47222222222223,5.5,17.77777777777778
E02000486,77.80276260841632,3.2123353678123996,14.87311275297141
E02000487,89.45478289258897,1.2732615083251715,5.223636957231472
E02000488,84.70663674254568,2.7893555626803463,8.592497595383136
E02000489,67.74099033108702,14.298271315558159,12.59888661002051
E02000490,70.60578931662191,12.772306774097283,12.354521038495973
E02000491,55.78620854211406,22.333571939871153,13.123359580052494
E02000492,79.62291515591008,4.641044234952864,10.406091370558377
E02000493,56.97586726998492,13.273001508295627,22.963800904977376
E02000494,63.580246913580254,12.522045855379188,18.283362727807173
E02000495,49.891868512110726,12.348615916955017,30.44982698961938
E02000496,63.34141904184354,19.314736203759857,12.977562158884174
E02000497,62.22395427383736,18.18654195895038,14.497272018706159
E02000498,67.907995618839,15.480102227090178,12.011683096020445
E02000499,76.23574144486692,5.418250950570342,13.5297845373891
E02000500,67.78832326718435,5.608283002588439,20.678746045441475
E02000501,73.91943546015878,7.027344898559247,14.87797706556895
E02000502,63.5871037659171,5.228935247900298,25.467353020861555
E02000503,76.35983263598327,3.3771667662881053,16.826060968320384
E02000504,78.27371184771906,3.675746636035445,13.587134886773878
E02000506,75.12100677637947,5.646982897708938,12.616973217166827
E02000507,69.85497237569061,9.046961325966851,16.67817679558011
E02000508,43.442973088423756,15.655702691157625,31.41819735155916
E02000509,36.387503281701235,21.344184825413496,29.58781832501969
E02000510,60.9420713867759,11.995318899941486,21.94265652428321
E02000511,65.2794292508918,7.936979785969084,21.70035671819263
E02000512,44.04542664211172,24.677716390423573,25.41436464088398
E02000513,40.677475390851185,27.76491024898668,26.346265199768386
E02000514,54.82602118003026,7.170953101361574,33.40393343419062
E02000515,38.28719723183391,19.792387543252595,31.678200692041525
E02000516,49.897750511247445,18.302658486707564,25.903203817314246
E02000517,44.35763888888889,24.04513888888889,26.504629629629626
E02000518,44.31687715269805,29.592422502870264,20.3788748564868
E02000519,38.41772151898734,32.24683544303797,22.879746835443036
E02000520,36.439641109298535,19.208809135399672,33.01386623164764
E02000521,40.81721364920669,25.12497283199305,25.733536187785266
E02000522,45.36611726560389,23.42610105376925,24.15563361253715
E02000523,42.386622751456805,10.514314669369142,37.92753990372435
E02000524,38.49315068493151,12.397260273972604,38.9041095890411
E02000525,38.054848741871645,15.182357930449534,39.468476109697484
E02006796,61.55287817938421,8.942436412315931,24.149933065595715
E02000526,48.2060481804203,10.430548436699128,32.8036904151717
E02000529,48.201209805794335,17.66953199617956,28.844317096466092
E02000530,32.48847926267281,40.93701996927803,21.15975422427035
E02000531,42.1555763823805,19.850046860356137,26.466729147141514
E02000532,51.85914799310515,18.936222605269638,22.58064516129032
E02000533,49.64303926568078,16.39469658337583,27.358490566037734
E02000534,54.55994897959183,6.377551020408164,33.067602040816325
E02000535,53.57372826786864,13.13586606567933,28.87958789439794
E02000536,48.391899940440744,15.574746873138773,29.898749255509234
E02000537,50.64377682403433,2.6364193746168,43.163703249540156
E02000538,40.369897959183675,14.317602040816327,39.63647959183674
E02000539,45.23177455585052,22.15642229936696,26.587706759240355
E02000540,36.74599917931884,18.85514977431268,32.02708247845712
E02000541,33.87334315169367,28.04123711340206,33.490427098674516
E02000542,29.973602111831056,22.79817614590833,38.94888408927286
E02000543,29.890783675033532,12.416171680398543,49.12818547614485
E02000544,66.1456601263718,4.7223145992683735,25.440638510143
E02000545,42.953563714902806,31.857451403887687,19.78941684665227
E02000546,45.30335694487219,14.96766245765322,35.23252232830305
E02000547,48.38709677419355,23.18548387096774,23.790322580645164
E02000548,37.35662148070907,32.24713242961418,20.255474452554743
E02000549,54.327594229874364,17.170777105630524,22.010237319683572
E02000550,37.44137571651902,31.943720687858256,24.022928608650336
E02000551,35.67767653758543,41.941913439635535,17.226651480637813
E02000552,55.5426581543819,11.230412071967498,27.48113755078352
E02000553,57.71662328002976,20.45370026031982,16.325771662328002
E02006792,40.125532391840395,10.020174848688635,41.98610177090338
E02006972,25.403983464862833,32.05561818865088,26.75685832393837
E02006973,31.80668016194332,31.857287449392715,26.998987854251013
E02000554,21.625192688835057,47.85289583792116,21.42699845848932
E02000555,31.76744186046512,34.627906976744185,25.41860465116279
E02000556,26.593001841620627,28.581952117863718,34.16206261510129
E02000557,21.084730995425833,39.44674362883903,28.5558701807885
E02000558,13.527477689055894,54.203851573508686,23.954908407703147
E02000559,35.827876520112255,24.29840972871843,32.08606173994387
E02000560,25.416890801506188,21.97417966648736,39.64497041420118
E02000561,42.67534773601657,22.432672388280555,27.730097662030182
E02000562,31.100104275286753,34.43691345151199,24.061522419186655
E02000563,20.82231305602308,44.650156287569125,25.727338302476554
E02000564,21.654423506866816,30.43755988502076,33.77515170871926
E02000565,21.328763511732138,43.052992354336936,26.601634590034273
E02000566,33.84726571910383,25.77692122380149,31.173211274391715
E02000567,26.60928143712575,36.86377245508982,26.983532934131738
E02000568,16.693418940609952,48.675762439807386,25.120385232744784
E02000569,23.008849557522122,42.694198623402166,23.12684365781711
E02000570,33.51230425055928,24.093959731543624,31.252796420581657
E02000571,23.405698778833106,42.695612844866574,25.757575757575758
E02000572,12.165705296276874,56.29260618772942,22.39119035133718
E02000573,26.244343891402718,24.939088061260005,31.308736512356422
E02000574,20.848880597014926,31.04011194029851,30.736940298507463
E02000575,19.50629235237173,32.72023233301064,29.92900935785737
E02000576,14.0536843904941,44.12720123097966,23.987006325867668
E02000577,9.957567185289957,63.7057991513437,13.889674681753888
E02000578,11.052843888664784,67.60790641387656,9.923356192012909
E02000579,25.56938248415121,40.85466071847851,21.014322610941534
E02000580,14.340182164795594,46.2825672527007,22.918873120101672
E02000581,10.574018126888216,63.383685800604226,13.836858006042297
E02000582,28.15116000956709,11.576177947859364,37.23989476201866
E02000583,33.33333333333333,18.203309692671397,29.813501444707118
E02000584,33.23183993040452,6.024358416702914,32.64462809917356
E02000585,30.608495981630313,13.134328358208954,33.20321469575201
E02000586,26.189446366782004,2.811418685121107,33.001730103806224
E02000587,31.976459048553213,3.7518391368317805,38.27856792545366
E02000588,18.494698418216583,2.5204241265426734,32.139753172257954
E02000589,22.019607843137255,7.294117647058823,42.11764705882353
E02000590,17.502668089647813,21.003201707577375,26.275346851654213
E02000591,16.94278771813563,22.509388115749946,31.256903026286725
E02000592,24.822043628013777,5.189437428243399,35.017221584385766
E02000593,25.434404865334493,13.879235447437011,40.20417028670721
E02000594,27.28321033210332,11.231549815498155,28.59778597785978
E02000595,31.71589310829817,11.697140178152836,27.097984060009377
E02000596,30.99777172567467,8.76454567962367,35.99900965585541
E02000597,22.49584947426674,40.066408411732155,19.203099059214168
E02000598,73.55318461041061,6.9835111542192045,14.71063692208212
E02000599,71.15839243498819,3.152088258471237,18.163908589440506
E02000600,48.597081930415264,11.728395061728394,33.97867564534231
E02000601,48.262183604080086,10.78579523989422,30.751794484321877
E02000602,36.84931506849315,26.46118721461187,27.96803652968037
E02000603,47.17412610258086,22.508983992159425,24.893825547206795
E02000604,59.06637884511603,6.368051807879114,29.573664328116568
E02000605,68.20433436532508,5.696594427244582,22.229102167182663
E02000606,42.642237222757956,6.4802314368370295,43.12439729990356
E02000607,62.30798051704758,7.680779318096666,26.564256275758712
E02000608,41.60868355134985,8.711383245198997,44.03005844698024
E02000609,65.96951435661113,12.123360510457285,18.504076568592698
E02000610,40.01472031403336,15.947006869479882,38.297350343473994
E02000611,84.49099595736863,2.499081220139655,9.99632488055862
E02000612,77.30854081311061,4.254648597541759,15.222187204538292
E02000613,61.6191904047976,10.464767616191905,23.20839580209895
E02000614,59.18598078010176,8.338044092707744,26.738270209157715
E02000615,73.84564643799473,6.8931398416886545,16.094986807387862
E02000616,77.97231270358306,5.374592833876222,13.070032573289902
E02000617,64.47368421052632,19.1812865497076,13.538011695906432
E02000619,23.09576837416481,47.55011135857461,18.374164810690424
E02000620,20.824742268041238,35.3514526710403,25.679475164011244
E02000621,20.289057123193395,24.239504473503096,35.54026152787337
E02000622,26.152643917686895,35.504037509768175,32.247981245115916
E02000623,19.561551433389546,49.52220348510399,23.69308600337268
E02000624,24.70509681727131,38.860449588248386,27.732027598486535
E02000625,16.85671789786812,45.98413485374318,29.747149231531978
E02000626,17.917474383827194,60.26031570202161,16.00664635834949
E02000627,23.72393961179008,39.324227174694464,28.588545410975318
E02000628,18.728813559322035,49.61864406779661,23.177966101694917
E02000629,29.94970278920896,25.65157750342936,34.36213991769547
E02000630,34.166666666666664,22.446236559139784,34.435483870967744
E02000631,36.4570589674578,25.446537802789333,28.333741130413507
E02000632,30.583058305830583,20.11001100110011,41.78217821782178
E02000633,22.9161719306578,41.62906672999288,27.11944906198053
E02000634,22.178754137827266,39.81342160698164,30.544688534456814
E02000635,30.922362309223622,35.05861535058615,25.193541251935414
E02000636,45.99704579025111,13.648449039881832,30.81240768094535
E02000637,37.58620689655172,17.68472906403941,35.418719211822655
E02000638,30.30857142857143,34.354285714285716,27.245714285714286
E02000639,19.0185546875,39.5751953125,28.076171875
E02000640,43.61069836552749,22.73402674591382,27.365032194155525
E02000641,21.890547263681594,53.15091210613598,17.330016583747927
E02000642,37.43437571330747,31.49965761241726,25.427984478429583
E02000643,37.404761904761905,23.11904761904762,31.976190476190474
E02000644,46.35124298315959,17.963111467522054,28.441593156909917
E02000645,39.715335169880625,19.513314967860424,32.162534435261705
E02000646,45.28853177501826,10.981251521792062,38.08132456781105
E02000647,50.766703176341736,17.661555312157724,23.220153340635267
E02000648,31.807442409923215,45.422327229769635,15.35735380980508
E02000649,36.08045567817729,14.275542897828409,42.06123175507298
E02000650,33.7468982630273,31.954783567686796,23.82133995037221
E02000651,45.2947539210384,15.87344510546241,31.530557057869117
E02000652,51.2916510670161,16.248596031448894,26.506926244852114
E02006801,15.07843137254902,26.92156862745098,29.64705882352941
E02000653,21.49107455372769,37.224361218060906,29.471473573678686
E02000654,19.050064184852374,49.34531450577664,21.797175866495508
E02000655,24.900631283610007,31.82137011924246,33.130699088145896
E02000657,27.15023579609252,27.711655064001796,32.382663373006956
E02000658,31.819389110225764,31.288180610889775,26.85258964143426
E02000659,35.48472075869336,27.344573234984193,27.528977871443626
E02000660,34.572014351614555,23.398257303946693,33.16248077908765
E02000661,39.44427665357898,20.356387798248264,31.893687707641195
E02000662,34.33476394849785,35.851216022889844,21.888412017167383
E02000663,47.10526315789474,20.855263157894736,23.980263157894736
E02000665,45.41182974018795,23.217247097844112,24.90326147042565
E02000666,48.954405210833045,20.911895783339045,23.311621528968118
E02000667,60.56338028169014,10.637509266123054,21.200889547813194
E02000668,57.63598326359832,15.202231520223153,21.75732217573222
E02000669,40.55096418732783,18.09917355371901,30.964187327823687
E02000670,37.12692686126599,25.155788783207612,28.205969170219745
E02000671,48.97802759325498,18.446601941747574,25.65150740929995
E02000672,37.31375985977213,21.603856266432953,31.13496932515337
E02000673,49.55799624966515,16.66220198231985,26.86847039914278
E02000674,61.540841584158414,10.21039603960396,22.49381188118812
E02000675,55.36801328168235,18.428334255672386,19.507470946319867
E02000676,51.42353977105958,18.16847666568829,23.27560904021133
E02000677,57.207051503629444,11.959903214656066,21.258209471137228
E02000678,44.884488448844884,28.492849284928496,21.48881554822149
E02000679,45.66995768688293,27.50352609308886,20.76163610719323
E02000680,40.393626991565135,28.772258669165886,19.868791002811623
E02000681,41.37348719392063,31.24120461581762,20.827469743878414
E02000682,41.41059408838162,33.04067895815043,18.495756511559847
E02000683,39.25747679614988,33.17291165348917,19.903746992093502
E02000685,38.627077090710976,34.78616180877145,18.904930536638517
E02000686,26.69767441860465,45.11627906976744,20.217054263565892
E02000687,42.168674698795186,28.21954484605087,21.311914323962515
E02006783,39.54575818303273,36.80694722778891,19.57247828991316
E02006784,43.85644768856448,34.215328467153284,16.240875912408757
E02006798,22.238514173998045,39.56500488758553,28.861192570869992
E02007008,19.404483104717297,21.04382736701238,43.593174974907996
E02007009,27.60537285780454,32.306623436776285,30.33811949976841
E02000689,55.49597855227882,8.41823056300268,28.55227882037534
E02000690,65.35465354653547,7.175071750717507,18.491184911849118
E02000691,49.80940279542567,8.672172808132148,34.62515883100381
E02000692,43.37979094076655,8.26281732205077,36.85913389746142
E02000693,39.31808372895986,8.351316357358654,40.6344410876133
E02000694,49.11127343559776,13.026540053567082,30.874117360603847
E02000695,59.27354548376728,4.243008678881389,30.37608486017358
E02000696,39.395700174317255,17.8965717606043,37.01336432306798
E02000697,49.10376167634436,4.140368593789447,38.85382479171926
E02000698,63.94009216589862,5.414746543778802,21.687788018433178
E02000699,59.61538461538461,4.3628013777267505,29.334098737083814
E02000700,33.97837222538418,32.81161070005692,27.945361411496872
E02000701,47.32006125574272,14.578866768759571,31.97549770290965
E02000702,46.36542239685658,25.624473758069044,19.814762840303114
E02000703,71.15447154471545,4.813008130081301,18.991869918699187
E02000704,47.10353866317169,12.7129750982962,33.158584534731325
E02000705,64.95882891125343,5.367490088441598,23.879231473010066
E02000706,34.517353579175705,35.65618221258134,23.91540130151844
E02000707,47.73676880222841,29.630919220055713,18.9066852367688
E02000708,68.79953037863223,5.048429703551512,20.48723216906369
E02000709,78.2358905035485,5.035484961135519,13.416694829334237
E02000710,49.26531743831439,18.907679512059882,25.561408372608817
E02000711,44.81901077645759,18.90024868748273,31.16883116883117
E02000712,47.9225953329539,30.10813887307911,17.89982925441093
E02000713,80.13793103448276,2.4827586206896552,14.344827586206895
E02000714,34.97854077253219,25.250357653791127,31.5450643776824
E02000715,30.178571428571427,23.705357142857142,38.34821428571429
E02000716,32.85243198680956,22.423742786479803,38.0873866446826
E02000717,30.81417997662641,20.958317101675107,40.08570315543436
E02000718,29.591836734693878,36.734693877551024,27.2108843537415
E02000719,27.40740740740741,29.082125603864732,34.46054750402576
E02000720,43.4915106660862,14.497170222028732,33.30430996952547
E02000721,30.39735099337748,18.211920529801322,41.98675496688742
E02000722,25.206349206349206,29.174603174603174,36.317460317460316
E02000723,43.997339541070836,11.240438975723311,39.24176920518789
E02000724,42.27733934611049,13.19052987598647,38.93273205561819
E02000725,19.83852364475202,30.19607843137255,38.292964244521336
E02000727,34.89711934156379,14.115226337448561,44.48559670781893
E02000728,39.352989352989354,9.5004095004095,46.56019656019656
E02000729,36.57906074967686,21.671693235674276,35.588108573890565
E02000730,39.22935779816514,14.34862385321101,40.03669724770642
E02000731,35.723771580345286,13.87782204515272,41.56706507304117
E02000732,27.269577269577272,32.81358281358281,33.264033264033266
E02000733,25.640334321919656,37.71906174170935,28.039902938797518
E02000734,22.522865853658537,40.12957317073171,29.001524390243905
E02000735,29.857651245551605,29.00355871886121,33.380782918149464
E02000736,34.31372549019608,28.612926652142338,32.316630355846044
E02000737,40.56662515566625,23.50560398505604,30.26151930261519
E02000738,45.97740499828826,12.80383430332078,34.645669291338585
E02000739,27.290149482560366,31.582981985435033,32.84783441931774
E02000740,22.420856610800747,43.687150837988824,25.512104283054004
E02000741,40.014214641080315,23.525230987917556,30.597014925373134
E02000742,38.34586466165413,25.563909774436087,30.15037593984962
E02000743,20.726055612770338,38.07929969104016,29.531410916580846
E02000744,26.781115879828327,27.525035765379112,37.53934191702432
E02000745,29.09328114807567,32.974559686888455,29.615133724722764
E02000746,21.36659436008677,37.20173535791757,29.419739696312362
E02000747,18.27663671373556,25.625802310654684,40.19576379974326
E02000748,33.7696335078534,22.425828970331587,39.31064572425829
E02000749,22.065186039803866,47.04355350447072,23.47851168156908
E02006995,11.361847284177381,22.172658094988194,45.657307793230125
E02006996,22.054140127388536,20.116772823779193,35.7484076433121
E02006997,16.224986479177932,23.282855597620337,42.18496484586262
E02006998,19.245283018867926,35.506003430531734,34.40823327615781
E02006999,19.931439764936336,17.662422461638915,41.29937969311133
E02000751,71.76239353570648,5.437868530246779,19.371041712164228
E02000752,53.26768128916741,25.992241122053116,13.995822142643988
E02000753,55.53367467506892,21.26821583300512,19.062623079952736
E02000754,64.80509745127436,14.24287856071964,17.31634182908546
E02000755,66.08656849620705,11.958946898705936,18.96474788041053
E02000756,59.75925925925926,9.87037037037037,26.77777777777778
E02000757,55.976731094013886,8.21917808219178,31.95721523738037
E02000758,68.54026845637584,13.380872483221475,14.303691275167784
E02000759,58.21285140562249,14.578313253012048,23.17269076305221
E02000760,56.01783060921248,17.38484398216939,22.88261515601783
E02000762,71.61913523459062,3.8178472861085555,20.97516099356026
E02000763,54.73763684409211,14.798036995092486,26.538316345790864
E02000764,57.25560538116592,9.937219730941704,28.556053811659194
E02000765,56.8,7.5200000000000005,32.24
E02000767,57.546836337928596,7.175680452456698,31.141746200070695
E02000768,71.08486439195102,10.061242344706912,14.873140857392825
E02000770,52.88647810925998,5.92793490895002,36.497481596280515
E02000772,47.05219677055952,10.852422080360496,36.988358993616224
E02000773,50.970569818409516,14.652473387601752,30.557294927989982
E02000774,47.46835443037975,4.272151898734177,45.29272151898734
E02000776,49.931538110451854,7.120036513007759,37.24326791419443
E02000777,66.8480535789033,12.80870657178736,17.16199246546672
E02000779,29.628411706675433,8.549819138441302,51.693521867806645
E02000781,62.43142418257626,7.395216150976519,26.72811059907834
E02000782,27.249022164276404,18.722294654498047,42.607561929595825
E02000783,35.27272727272727,22.590909090909093,36.90909090909091
E02006800,47.25792630676949,8.24764353041988,40.102827763496144
E02006924,57.90804597701149,5.241379310344827,30.482758620689655
E02006925,72.9312762973352,3.5998129967274424,21.084618980832165
E02007017,65.42515811665496,9.135628952916374,20.94167252283907
E02007018,43.371647509578544,16.93486590038314,34.52107279693487
E02007019,21.27082526152654,9.259976753196437,61.25532739248354
E02007020,47.07142857142857,9.285714285714286,40.285714285714285
E02000784,52.85746052924172,15.254614187235935,24.416277518345563
E02000785,58.60537419498112,5.7295136575616255,27.692649344881193
E02000786,52.767175572519086,14.370229007633586,26.679389312977097
E02000787,48.80974014174087,18.589860076322008,24.986371070325276
E02000788,63.95806028833552,6.946264744429882,23.98427260812582
E02000789,46.28072445019405,16.849935316946958,28.46054333764554
E02000790,62.3330990864371,4.146170063246662,27.723120168657765
E02000791,44.239766081871345,5.292397660818714,36.95906432748538
E02000792,55.13513513513514,5.7357357357357355,32.04204204204204
E02000793,66.25729198649064,10.285538839422783,19.005219527172244
E02000794,67.4715419110038,3.2080027595722664,23.318385650224215
E02000795,70.09857612267251,8.214676889375685,15.808689302665208
E02000796,60.9130859375,20.458984375,15.0634765625
E02000797,54.73372781065089,5.5675094136632595,31.89887036040882
E02000798,67.39228007181327,10.99640933572711,18.043087971274684
E02000799,66.57534246575342,6.966731898238747,21.643835616438356
E02000800,55.949708127525824,25.55006735518635,14.683430624158062
E02000801,61.54761904761905,5.5059523809523805,21.607142857142858
E02000802,66.9774919614148,8.006430868167202,20.418006430868168
E02000803,58.20683111954459,21.537001897533205,15.749525616698293
E02000804,59.130434782608695,9.805097451274362,25.397301349325335
E02000805,57.75217303416211,12.734990903577925,22.23569840307257
E02000806,66.65160415725259,11.726163578852237,16.877541798463625
E02000807,32.58885686839577,17.146974063400577,37.055715658021136
E02000808,16.708479678876067,24.502425154708146,34.88877738752299
E02000810,20.03853564547206,42.862147486424945,25.275880189174988
E02000812,17.82774543264405,45.0913471190524,26.27986348122867
E02000813,17.12614870509607,44.047619047619044,30.701754385964914
E02000814,29.72488038277512,21.61084529505582,37.260765550239235
E02000815,15.153203342618385,29.247910863509752,42.89693593314763
E02000816,22.196848595569765,40.85407627312172,28.08860470427038
E02000817,16.418896597291045,60.35678889990089,18.00462504129501
E02000818,20.102459016393443,37.56147540983606,28.688524590163933
E02000819,14.354708881137645,55.138180842500674,23.90662731419372
E02000820,20.83792723263506,42.73428886438809,26.637265711135612
E02000821,13.367531683765844,51.56910078455039,25.890162945081475
E02000822,12.104726283577016,55.45732743964638,25.84155049302958
E02000823,21.098562628336754,45.148870636550306,25.077002053388092
E02000824,15.736551030668677,60.80945198592257,16.390145801910506
E02000825,15.62731082080355,61.597239339413356,16.2188809465122
E02000826,25.476190476190474,44.666666666666664,21.095238095238095
E02000827,19.78711271621365,52.57555597795096,19.958182854970538
E02000828,19.740853658536587,44.66463414634146,22.5609756097561
E02000829,27.974405118976204,45.49090181963607,19.17616476704659
E02000830,38.4330202669303,24.320316361838852,28.20069204152249
E02000831,35.724043715846996,27.914389799635703,26.00182149362477
E02000832,29.38073394495413,44.31192660550459,18.486238532110093
E02000833,33.703586163122814,44.11298000634719,17.708663916217073
E02000834,42.48975876194811,19.185252617205283,30.951297223486574
E02000835,49.44847147809644,25.874566656161363,19.350772139930665
E02000836,53.75803297010337,15.283598770606316,23.582006146968425
E02000837,64.05461561294152,11.398040961709706,17.6313446126447
E02000838,47.10406152367219,20.90843547224225,25.4986782023552
E02000839,49.01531728665208,22.64770240700219,20.51422319474836
E02006802,19.080810280984533,36.52798954476149,26.07275103463298
E02006941,23.87227572225038,5.195134313228586,45.99594526102383
E02006942,22.644497228820267,27.263130113486405,36.975455265241486
E02000840,45.193929173693085,39.685216413715565,11.663856098931983
E02000841,43.82716049382716,37.47795414462081,14.05055849500294
E02000842,76.42647538311054,4.271274861428106,15.389631561786763
E02000843,58.87497045615694,11.155755140628692,19.120775230441975
E02000844,61.69954476479514,22.76176024279211,12.473444613050075
E02000845,67.38839882384389,8.019246190858059,20.101577118417534
E02000846,73.79790940766551,6.167247386759582,16.27177700348432
E02000847,77.15789473684211,4.578947368421052,14.842105263157896
E02000848,82.65237776289351,2.1768251841929,12.45813797722706
E02000849,62.646264626462646,16.891689168916894,16.891689168916894
E02000850,75.90996168582376,8.764367816091955,13.00287356321839
E02000851,37.220982142857146,20.331101190476193,32.55208333333333
E02000852,68.46658711217184,5.51909307875895,22.46420047732697
E02000853,65.35648994515539,10.907982937233394,20.840950639853748
E02000854,69.34467548834279,8.56962822936358,18.651543793320734
E02000855,75.29626253418414,4.314797933758736,17.44150714068672
E02000856,64.81909160892995,7.056710289966641,24.94226327944573
E02000857,45.42460597506469,7.668783815572806,42.50764525993883
E02000858,33.62624487404804,49.09197422378442,11.511423550087873
E02000859,65.98694942903752,12.778684067427951,16.014138118542686
E02000860,35.878564857405706,18.813247470101196,39.62741490340386
E02000861,84.80492813141683,2.840520191649555,10.061601642710473
E02000863,80.68043742405833,8.343458890238962,8.667476711219118
E02006836,78.08752997601918,2.338129496402878,14.808153477218225
E02000864,26.975030699959067,41.54727793696275,22.656569791240276
E02000865,17.348608837970538,48.739770867430444,25.826513911620296
E02000866,32.23653934652554,32.67372296364473,29.107225034514496
E02000867,24.705000936504966,27.626896422551038,34.74433414497097
E02000868,23.966666666666665,32.56666666666666,34.766666666666666
E02000869,22.788496541681834,41.317801237713866,26.21041135784492
E02000870,22.743259085580306,41.18796404845643,29.191090269636575
E02000871,18.085106382978726,43.04078014184397,27.969858156028373
E02000872,16.96132596685083,34.33701657458563,35.0828729281768
E02000873,23.335467349551855,39.820742637644045,26.568501920614594
E02000874,17.50465549348231,44.72998137802607,29.7951582867784
E02000875,18.5857089966679,43.33580155497964,29.007774898185858
E02000876,19.273927392739274,32.11221122112211,38.81188118811881
E02000877,25.058365758754864,40.60311284046693,27.859922178988327
E02000878,17.572425459928105,25.39648974413195,40.32565024318038
E02000879,21.21966397013068,43.12383322962041,29.06036092097075
E02000880,18.467583497053045,33.35952848722986,36.62082514734774
E02000881,17.942640436122304,40.50722920123252,29.153827921308366
E02000882,14.756592292089248,53.3975659229209,21.906693711967545
E02000883,17.37943585077343,45.28359114346375,26.721261753108887
E02000884,12.942495595066475,20.663142719846228,45.266698702546854
E02000885,13.986826811313444,51.37543587756683,25.145292522278183
E02000886,24.045529997628645,26.843727768555848,37.680815745790845
E02000887,17.371110078959592,41.56990246168137,30.097538318625173
E02000888,23.992625757176718,27.39004477218857,33.68448775348959
E02000889,22.026630557436246,20.379146919431278,41.52561498533063
E02000890,32.3825986747335,11.063094209161624,38.77845001440507
E02000893,26.156693399136337,33.68291178285009,30.999383096853794
E02000894,27.088866189989787,19.244126659856995,42.90091930541369
E02006853,15.661411925976696,25.891021247429748,42.529129540781355
E02006854,17.644653445103252,10.427315477407483,42.4248619914128
E02007112,17.136477811889478,10.186994138989673,52.33044934412503
E02007113,18.98248140148788,19.366450683945285,37.916966642668584
E02007114,20.26908452763966,23.164668031588185,42.52705469435508
E02000895,61.911764705882355,21.5,11.882352941176471
E02000896,66.39221556886228,9.3562874251497,19.386227544910177
E02000897,56.179450072358904,28.48046309696093,12.474674384949349
E02000898,59.93387436128644,22.482717162608957,12.774271115118726
E02000899,65.17189835575485,11.868460388639761,19.043348281016442
E02000900,57.75169857936998,19.5491043854231,17.943174799258802
E02000901,66.32885736002027,11.755763871294654,18.21636686090702
E02000902,52.00442355543268,21.1224771910423,19.68482167542162
E02000903,42.17403391715318,33.527939949958295,18.29302196274673
E02000904,56.43962848297214,13.498452012383902,24.08668730650155
E02000905,52.02541699761716,17.65951813608684,25.04633306857294
E02000906,47.14738510301109,21.870047543581617,26.01690438457475
E02000907,31.143324760346037,40.65934065934066,21.48702361468319
E02000908,35.167338356404414,19.887857017697563,32.100928684072194
E02000909,50.85975282106394,18.4309511015583,25.416442772702847
E02000910,43.267776096823,13.486060082126647,37.281175707802035
E02000911,36.77645683102709,18.807250048723446,36.01637107776262
E02000912,48.04123711340206,22.32695139911635,24.153166421207658
E02000913,54.377880184331794,12.534562211981568,27.127496159754223
E02000914,31.333333333333336,31.5,29.428571428571427
E02000915,44.93962047153536,16.0149511213341,33.12248418631397
E02000916,43.771991555242785,13.206661975134882,33.52099460473845
E02000917,44.25421530479896,12.217898832684824,37.19844357976654
E02000918,37.415150692370354,24.056475699158295,29.839804507195222
E02000919,41.6596579758901,11.438183347350716,40.28595458368377
E02000920,32.842525580234586,28.1756925380584,31.34514599450961
E02000921,27.247706422018346,35.45871559633028,29.01376146788991
E02000922,42.78416347381865,17.139208173690932,32.18390804597701
E02000923,37.575174404618714,11.06567235987491,33.36540774597066
E02000925,26.041103299080586,39.94050838290968,23.634396971335857
E02000926,30.628152223750572,14.77915329359621,34.8922512608895
E02000927,28.925861062463515,36.018680677174544,28.838295388207825
E02000928,52.41683991683992,9.45945945945946,31.496881496881496
E02000929,19.171534784917686,48.72543813064259,21.959638874137017
E02000930,35.31310522918012,14.934366257800733,40.97267054013342
E02000931,50.04063939311839,7.965321051205636,36.223245732863724
E02000932,37.01440419030991,7.172995780590717,37.945584169940346
E02000933,49.479413156649315,9.394226218646475,32.96261239943209
E02000934,34.65259454705365,16.732629727352684,39.07211961301671
E02000935,20.06974041069353,52.96396745447501,20.06974041069353
E02000936,37.528462016145724,11.550403643138067,39.060235975988405
E02000937,50.59808612440191,11.363636363636363,31.100478468899524
E02000938,39.969801553062986,27.308024158757547,22.842968075927526
E02000939,60.96752816434725,10.50364479787939,22.166998011928428
E02000940,33.52717512860657,22.187430105121898,35.67434578394095
E02000941,51.15640027478818,13.418822990611403,29.425234714907262
E02000942,56.805762543467466,5.7128663686040735,31.54495777446597
E02000943,42.32424677187948,10.473457675753227,36.96795791487327
E02000944,28.738241972105094,31.884528057087252,31.560168666882905
E02000945,26.924392747177556,39.37735203557988,26.958604173794047
E02000946,42.87892650198231,18.2067703568161,31.9609637084477
E02000947,53.06420233463035,8.244163424124514,32.3443579766537
E02000948,43.96186440677966,11.016949152542372,37.012711864406775
E02000949,51.4580135935102,6.226704670028503,34.312650734488045
E02000950,42.163289630512516,15.584028605482716,34.147794994040524
E02000951,41.05504587155963,13.20445609436435,37.68020969855832
E02000952,39.0183615819209,19.915254237288135,34.56920903954802
E02000953,42.58499413833528,19.314185228604924,29.923798358733883
E02000954,51.15303983228512,10.817610062893083,31.362683438155138
E02000955,38.48047836792121,21.034118888498064,33.767147379528666
E02000956,28.25233926954422,19.619680048294597,42.31814065801389
E02000957,37.10531892350074,13.774104683195592,40.85611358338631
E02000958,57.08265802269044,14.165316045380875,22.820097244732576
E02000959,39.27696078431372,19.209558823529413,35.56985294117647
E02007083,15.984341869189366,8.024792040450171,37.546892839667265
E02007084,20.442477876106192,37.47787610619469,31.283185840707965
E02000960,30.078343592613315,10.072747621712368,37.241186345831004
E02000961,29.603831084022637,20.396168915977363,38.04962995211145
E02000962,22.597938144329895,16.43298969072165,40.0
E02000963,20.17264879600182,52.49886415265789,19.809177646524308
E02000964,18.590293260161207,44.81221059852513,27.422397530440744
E02000965,29.527938342967246,15.052986512524086,42.17244701348747
E02000966,33.38076844887172,10.977841024598495,38.971335637324664
E02000967,24.646815909584873,4.281677896109541,36.01391001956096
E02000968,12.131956220132572,50.06936950824726,22.676121473716666
E02000969,14.410268830225236,52.1675950593364,21.118914991523372
E02000970,16.75187969924812,5.804511278195489,30.661654135338345
E02000971,18.67447821310875,6.792383742218967,42.09080922738924
E02000972,12.618492618492619,18.383838383838384,34.2968142968143
E02000973,25.78680203045685,19.526226734348562,35.29610829103215
E02000974,17.160030052592038,9.767092411720512,32.05108940646131
E02000975,21.619512195121953,6.848780487804879,45.09268292682927
E02000976,20.330434782608695,9.808695652173913,42.69565217391305
E02000977,11.644520645806544,11.73024717816831,25.446492356050864
E02000978,23.13852445050264,1.4823649684784461,22.201397171579483
E02000979,18.83464005702067,20.206699928724163,30.434782608695656
E02000980,19.752199676782187,33.165738911833365,23.487161070210092
E02000981,23.826511453248216,21.423206909500564,32.12542245587683
E02000982,15.653375444137385,36.00473746545598,22.799052506908804
E02000983,16.06311956301841,30.689864454784544,28.565648391664983
