MSOA21CD,Owned-Outright,Own-mortgage,Own-Share,Social-rent,Private-rent,Rent-free
E02000002,507.00,729.00,10.00,1199.00,417.00,8.00
E02000003,942.00,1244.00,24.00,522.00,1197.00,1.00
E02000004,649.00,894.00,16.00,373.00,376.00,1.00
E02000005,582.00,1300.00,47.00,912.00,779.00,8.00
E02000007,474.00,979.00,60.00,1552.00,602.00,9.00
E02000008,683.00,1341.00,45.00,1642.00,903.00,11.00
E02000009,472.00,1074.00,79.00,1470.00,1154.00,5.00
E02000010,484.00,961.00,49.00,1119.00,712.00,4.00
E02000011,584.00,725.00,14.00,351.00,679.00,0.00
E02000012,861.00,1355.00,10.00,402.00,660.00,0.00
E02000013,473.00,855.00,21.00,1206.00,689.00,11.00
E02000014,502.00,905.00,18.00,1207.00,751.00,5.00
E02000015,375.00,561.00,67.00,1432.00,593.00,4.00
E02000016,216.00,510.00,178.00,1313.00,1582.00,11.00
E02000017,579.00,707.00,12.00,296.00,1171.00,2.00
E02000018,420.00,859.00,19.00,1221.00,706.00,7.00
E02000019,405.00,931.00,75.00,1142.00,652.00,3.00
E02000020,530.00,1346.00,178.00,1460.00,1135.00,27.00
E02000021,550.00,837.00,29.00,610.00,896.00,8.00
E02000022,111.00,372.00,202.00,1375.00,729.00,8.00
E02000023,194.00,603.00,48.00,1283.00,530.00,5.00
E02006799,537.00,1101.00,75.00,1188.00,981.00,8.00
E02000024,1640.00,1383.00,37.00,337.00,1077.00,1.00
E02000025,1061.00,1079.00,33.00,545.00,1025.00,2.00
E02000026,961.00,835.00,21.00,145.00,549.00,0.00
E02000027,908.00,1062.00,74.00,1067.00,570.00,4.00
E02000028,871.00,852.00,9.00,146.00,811.00,5.00
E02000029,930.00,1169.00,12.00,342.00,1251.00,2.00
E02000030,1417.00,1218.00,9.00,395.00,480.00,0.00
E02000031,1078.00,1127.00,104.00,200.00,817.00,1.00
E02000032,1154.00,1095.00,11.00,95.00,389.00,0.00
E02000033,1087.00,1103.00,66.00,467.00,771.00,0.00
E02000034,1044.00,1094.00,59.00,338.00,1052.00,1.00
E02000035,971.00,810.00,20.00,357.00,1370.00,2.00
E02000036,1128.00,1248.00,40.00,499.00,1030.00,1.00
E02000037,1133.00,1203.00,110.00,511.00,757.00,3.00
E02000038,1112.00,1263.00,13.00,402.00,1211.00,4.00
E02000039,850.00,950.00,4.00,114.00,753.00,0.00
E02000040,936.00,1221.00,70.00,622.00,659.00,2.00
E02000041,937.00,816.00,20.00,363.00,1190.00,1.00
E02000042,1186.00,1042.00,14.00,321.00,2149.00,5.00
E02000043,985.00,882.00,9.00,59.00,730.00,1.00
E02000044,576.00,770.00,48.00,845.00,828.00,3.00
E02000045,905.00,1080.00,34.00,892.00,1281.00,10.00
E02000046,685.00,643.00,16.00,109.00,1426.00,0.00
E02000047,696.00,822.00,52.00,1307.00,1323.00,10.00
E02000048,1242.00,1286.00,10.00,209.00,1203.00,0.00
E02000049,278.00,743.00,144.00,1924.00,698.00,15.00
E02000050,938.00,977.00,46.00,1012.00,1047.00,14.00
E02000051,1234.00,851.00,8.00,204.00,1494.00,1.00
E02000052,1069.00,1057.00,14.00,676.00,1370.00,6.00
E02000054,664.00,711.00,24.00,185.00,1387.00,0.00
E02000055,915.00,794.00,14.00,544.00,2234.00,2.00
E02000056,1289.00,1055.00,13.00,208.00,876.00,0.00
E02000057,624.00,611.00,5.00,212.00,1252.00,1.00
E02000058,1349.00,953.00,10.00,239.00,1543.00,3.00
E02000059,875.00,1050.00,39.00,720.00,1746.00,4.00
E02000060,911.00,754.00,17.00,311.00,1702.00,1.00
E02000061,908.00,680.00,14.00,130.00,1837.00,4.00
E02000062,416.00,380.00,30.00,716.00,1065.00,7.00
E02000063,700.00,557.00,23.00,223.00,1329.00,2.00
E02000064,527.00,587.00,27.00,685.00,930.00,6.00
E02006953,321.00,777.00,153.00,594.00,2003.00,9.00
E02006954,576.00,732.00,154.00,763.00,1491.00,4.00
E02000065,375.00,807.00,15.00,802.00,759.00,18.00
E02000066,536.00,569.00,11.00,1739.00,680.00,12.00
E02000067,791.00,1187.00,24.00,804.00,1172.00,5.00
E02000068,512.00,809.00,160.00,942.00,768.00,3.00
E02000069,819.00,1015.00,83.00,405.00,487.00,2.00
E02000070,1312.00,1113.00,40.00,253.00,422.00,0.00
E02000071,973.00,1027.00,14.00,409.00,411.00,1.00
E02000072,646.00,1544.00,109.00,1613.00,770.00,6.00
E02000073,1740.00,1701.00,19.00,163.00,332.00,0.00
E02000074,685.00,993.00,136.00,1290.00,394.00,4.00
E02000075,1526.00,1138.00,7.00,180.00,298.00,0.00
E02000077,1043.00,1193.00,16.00,305.00,379.00,2.00
E02000078,1198.00,1328.00,21.00,162.00,312.00,1.00
E02000079,1304.00,1256.00,80.00,205.00,739.00,2.00
E02000080,1454.00,1461.00,53.00,241.00,606.00,0.00
E02000081,1218.00,1166.00,21.00,465.00,409.00,0.00
E02000082,1382.00,1580.00,16.00,80.00,384.00,0.00
E02000083,1126.00,1709.00,79.00,801.00,730.00,2.00
E02000084,1719.00,1806.00,22.00,181.00,470.00,1.00
E02000085,1168.00,1361.00,18.00,123.00,399.00,1.00
E02000086,1227.00,1188.00,14.00,45.00,314.00,0.00
E02000087,1396.00,1252.00,35.00,166.00,468.00,2.00
E02000088,1272.00,1315.00,12.00,115.00,267.00,0.00
E02000089,1216.00,1291.00,9.00,156.00,231.00,2.00
E02000090,1342.00,1361.00,77.00,419.00,994.00,0.00
E02000091,1648.00,1331.00,73.00,655.00,740.00,0.00
E02000092,697.00,765.00,71.00,873.00,308.00,0.00
E02006785,886.00,941.00,25.00,385.00,336.00,1.00
E02000093,1177.00,902.00,106.00,387.00,1167.00,2.00
E02000094,833.00,958.00,122.00,522.00,1029.00,4.00
E02000095,1052.00,680.00,22.00,361.00,1065.00,3.00
E02000096,1035.00,737.00,12.00,108.00,605.00,1.00
E02000097,931.00,791.00,16.00,310.00,989.00,1.00
E02000098,703.00,622.00,28.00,643.00,877.00,2.00
E02000099,722.00,578.00,30.00,400.00,1185.00,2.00
E02000100,975.00,718.00,21.00,267.00,585.00,0.00
E02000101,650.00,567.00,42.00,1039.00,1083.00,6.00
E02000102,621.00,356.00,86.00,607.00,1007.00,4.00
E02000103,775.00,573.00,74.00,891.00,1140.00,9.00
E02000104,674.00,542.00,62.00,370.00,765.00,2.00
E02000105,699.00,660.00,39.00,419.00,1289.00,3.00
E02000106,737.00,475.00,31.00,666.00,1673.00,4.00
E02000107,743.00,690.00,57.00,811.00,2052.00,9.00
E02000108,555.00,598.00,65.00,299.00,756.00,2.00
E02000110,743.00,605.00,30.00,657.00,1055.00,4.00
E02000111,699.00,604.00,33.00,450.00,1398.00,2.00
E02000112,857.00,532.00,85.00,424.00,1596.00,2.00
E02000113,348.00,297.00,34.00,1916.00,683.00,11.00
E02000114,570.00,521.00,55.00,753.00,1800.00,6.00
E02000115,542.00,609.00,39.00,1018.00,1661.00,7.00
E02000116,340.00,334.00,103.00,1101.00,1346.00,13.00
E02000117,452.00,537.00,156.00,2222.00,1385.00,7.00
E02000118,710.00,745.00,34.00,550.00,1115.00,1.00
E02000119,197.00,437.00,211.00,2123.00,969.00,15.00
E02000120,580.00,736.00,30.00,1011.00,1881.00,5.00
E02000121,784.00,683.00,192.00,507.00,1459.00,2.00
E02000122,818.00,847.00,33.00,570.00,887.00,5.00
E02000123,560.00,670.00,84.00,1921.00,2290.00,13.00
E02000124,827.00,958.00,34.00,847.00,1493.00,1.00
E02000125,938.00,977.00,26.00,815.00,1178.00,6.00
E02000126,188.00,341.00,83.00,2114.00,672.00,7.00
E02006955,185.00,322.00,131.00,508.00,1561.00,3.00
E02006956,711.00,459.00,31.00,270.00,1028.00,6.00
E02000127,733.00,1121.00,38.00,1237.00,656.00,4.00
E02000128,1007.00,1206.00,13.00,361.00,476.00,0.00
E02000130,845.00,1314.00,44.00,641.00,816.00,2.00
E02000131,535.00,1546.00,67.00,1157.00,1759.00,3.00
E02000132,1168.00,1381.00,103.00,649.00,1640.00,1.00
E02000133,1759.00,1734.00,51.00,150.00,634.00,0.00
E02000134,1183.00,1652.00,16.00,773.00,1669.00,7.00
E02000135,358.00,813.00,92.00,2062.00,1108.00,6.00
E02000136,875.00,771.00,10.00,434.00,203.00,1.00
E02000137,1232.00,1288.00,16.00,243.00,896.00,1.00
E02000138,1574.00,1174.00,17.00,164.00,1209.00,1.00
E02000139,802.00,1347.00,36.00,449.00,675.00,1.00
E02000140,619.00,933.00,53.00,1397.00,335.00,0.00
E02000141,770.00,1175.00,28.00,418.00,701.00,0.00
E02000142,1172.00,1400.00,13.00,189.00,680.00,0.00
E02000144,1176.00,1418.00,64.00,241.00,1411.00,2.00
E02000145,747.00,1011.00,79.00,1163.00,514.00,0.00
E02000146,1085.00,1638.00,60.00,332.00,924.00,0.00
E02000147,1363.00,1201.00,2.00,133.00,466.00,1.00
E02000148,1169.00,1031.00,8.00,196.00,295.00,0.00
E02000149,995.00,1143.00,37.00,642.00,465.00,2.00
E02000150,1132.00,1356.00,17.00,286.00,324.00,0.00
E02000151,1401.00,1263.00,4.00,66.00,237.00,1.00
E02000152,762.00,1119.00,34.00,843.00,338.00,0.00
E02000153,1242.00,1392.00,4.00,113.00,144.00,0.00
E02000154,1312.00,1249.00,27.00,281.00,704.00,0.00
E02000155,1403.00,1049.00,26.00,254.00,307.00,1.00
E02000156,2213.00,1805.00,22.00,258.00,563.00,1.00
E02000157,1609.00,1300.00,4.00,64.00,303.00,0.00
E02000158,1191.00,934.00,28.00,638.00,238.00,4.00
E02000159,1318.00,1120.00,10.00,78.00,295.00,0.00
E02000160,1350.00,1222.00,20.00,104.00,343.00,3.00
E02000161,1540.00,1374.00,3.00,82.00,346.00,0.00
E02000162,1192.00,967.00,10.00,499.00,297.00,0.00
E02000163,1371.00,1208.00,14.00,196.00,278.00,1.00
E02000165,1057.00,1306.00,17.00,125.00,234.00,2.00
E02006782,1028.00,1131.00,31.00,583.00,423.00,2.00
E02006787,1034.00,1258.00,34.00,279.00,486.00,0.00
E02006789,1471.00,886.00,16.00,145.00,270.00,0.00
E02000166,867.00,639.00,29.00,1217.00,626.00,17.00
E02000167,1143.00,633.00,14.00,317.00,1258.00,10.00
E02000168,713.00,702.00,19.00,983.00,1069.00,8.00
E02000169,890.00,637.00,27.00,267.00,1203.00,3.00
E02000170,715.00,815.00,24.00,410.00,1497.00,1.00
E02000171,736.00,656.00,35.00,895.00,1005.00,3.00
E02000172,433.00,466.00,37.00,2237.00,842.00,21.00
E02000173,728.00,517.00,9.00,585.00,1659.00,5.00
E02000174,484.00,541.00,9.00,1507.00,1003.00,7.00
E02000175,592.00,669.00,35.00,909.00,2091.00,13.00
E02000176,653.00,503.00,14.00,307.00,1522.00,1.00
E02000177,438.00,472.00,10.00,1703.00,1020.00,11.00
E02000178,365.00,612.00,43.00,1334.00,1798.00,14.00
E02000179,531.00,380.00,5.00,748.00,877.00,8.00
E02000180,461.00,477.00,34.00,1364.00,1169.00,9.00
E02000181,650.00,665.00,19.00,657.00,1754.00,4.00
E02000182,576.00,410.00,34.00,643.00,1414.00,6.00
E02000183,703.00,545.00,15.00,1176.00,1169.00,8.00
E02000184,333.00,337.00,85.00,1599.00,1264.00,15.00
E02000185,334.00,413.00,43.00,1844.00,1415.00,22.00
E02000186,435.00,320.00,18.00,885.00,1276.00,6.00
E02000187,261.00,197.00,52.00,2454.00,837.00,16.00
E02000188,188.00,133.00,13.00,1819.00,550.00,16.00
E02000191,320.00,187.00,18.00,511.00,1065.00,6.00
E02000192,297.00,262.00,9.00,1568.00,939.00,15.00
E02000193,475.00,252.00,38.00,1064.00,1262.00,9.00
E02007115,460.00,282.00,23.00,2252.00,1430.00,22.00
E02000001,1114.00,680.00,12.00,730.00,2373.00,5.00
E02000194,786.00,1255.00,49.00,956.00,1151.00,6.00
E02000195,1147.00,1341.00,55.00,271.00,678.00,1.00
E02000196,785.00,772.00,24.00,540.00,682.00,10.00
E02000197,806.00,918.00,43.00,530.00,1018.00,2.00
E02000198,638.00,1017.00,59.00,719.00,1057.00,11.00
E02000199,830.00,1140.00,25.00,352.00,854.00,6.00
E02000200,692.00,1332.00,31.00,530.00,1409.00,6.00
E02000201,527.00,891.00,22.00,1131.00,1239.00,10.00
E02000202,866.00,985.00,17.00,229.00,938.00,2.00
E02000203,530.00,728.00,77.00,659.00,1115.00,8.00
E02000204,923.00,857.00,37.00,378.00,1025.00,7.00
E02000206,597.00,1081.00,91.00,1120.00,1564.00,13.00
E02000207,612.00,1031.00,96.00,961.00,855.00,5.00
E02000208,421.00,781.00,156.00,1269.00,1445.00,26.00
E02000209,591.00,975.00,22.00,582.00,888.00,5.00
E02000210,811.00,1240.00,62.00,439.00,892.00,2.00
E02000211,1367.00,1370.00,8.00,203.00,342.00,1.00
E02000212,516.00,780.00,70.00,851.00,1029.00,16.00
E02000213,463.00,770.00,106.00,1451.00,2591.00,7.00
E02000214,924.00,869.00,22.00,127.00,383.00,0.00
E02000215,814.00,1139.00,62.00,892.00,2329.00,19.00
E02000216,775.00,703.00,9.00,341.00,1113.00,1.00
E02000217,677.00,1347.00,115.00,1093.00,1777.00,12.00
E02000218,716.00,652.00,6.00,759.00,208.00,10.00
E02000219,1487.00,1080.00,8.00,87.00,320.00,1.00
E02000221,705.00,1093.00,114.00,1235.00,830.00,11.00
E02000222,862.00,1265.00,43.00,363.00,1102.00,2.00
E02000223,316.00,417.00,6.00,1780.00,257.00,12.00
E02000224,721.00,1176.00,49.00,301.00,1016.00,8.00
E02000225,662.00,721.00,25.00,994.00,246.00,10.00
E02000226,1315.00,1125.00,15.00,63.00,262.00,1.00
E02000227,1614.00,1767.00,30.00,630.00,787.00,9.00
E02000228,1455.00,1188.00,5.00,70.00,289.00,1.00
E02000229,407.00,513.00,19.00,1044.00,247.00,6.00
E02000230,1308.00,1467.00,100.00,413.00,937.00,6.00
E02000231,1077.00,1225.00,6.00,79.00,365.00,0.00
E02000232,1048.00,906.00,23.00,236.00,154.00,0.00
E02000233,640.00,1047.00,40.00,327.00,337.00,4.00
E02000234,1000.00,1349.00,182.00,580.00,606.00,3.00
E02000235,970.00,1131.00,33.00,259.00,263.00,0.00
E02000236,1070.00,1706.00,22.00,245.00,264.00,1.00
E02000237,1309.00,1159.00,6.00,361.00,194.00,5.00
E02006788,558.00,990.00,12.00,910.00,420.00,4.00
E02006987,194.00,619.00,158.00,512.00,2390.00,4.00
E02006988,453.00,758.00,22.00,501.00,1565.00,8.00
E02000238,814.00,1041.00,38.00,641.00,1198.00,3.00
E02000239,1030.00,911.00,22.00,88.00,878.00,0.00
E02000240,720.00,993.00,69.00,1212.00,870.00,33.00
E02000241,694.00,798.00,11.00,236.00,856.00,5.00
E02000242,701.00,654.00,17.00,104.00,754.00,1.00
E02000243,836.00,760.00,33.00,512.00,969.00,16.00
E02000244,782.00,729.00,33.00,220.00,1173.00,2.00
E02000245,399.00,663.00,178.00,1276.00,829.00,8.00
E02000246,557.00,857.00,14.00,941.00,685.00,19.00
E02000247,712.00,1014.00,134.00,958.00,1057.00,17.00
E02000248,745.00,595.00,59.00,147.00,1440.00,2.00
E02000249,747.00,698.00,74.00,451.00,930.00,14.00
E02000250,949.00,823.00,32.00,124.00,614.00,2.00
E02000251,861.00,772.00,25.00,151.00,731.00,2.00
E02000252,682.00,536.00,162.00,951.00,2071.00,8.00
E02000253,689.00,823.00,43.00,1566.00,691.00,29.00
E02000254,892.00,667.00,9.00,187.00,851.00,2.00
E02000255,971.00,967.00,28.00,723.00,1097.00,6.00
E02000256,854.00,842.00,65.00,412.00,1852.00,3.00
E02000258,550.00,538.00,16.00,440.00,1055.00,4.00
E02000259,701.00,711.00,41.00,247.00,694.00,4.00
E02000260,802.00,464.00,19.00,381.00,1082.00,6.00
E02000261,780.00,828.00,243.00,1114.00,1994.00,18.00
E02000262,592.00,792.00,72.00,919.00,1563.00,8.00
E02000263,997.00,614.00,80.00,637.00,1310.00,8.00
E02000264,815.00,775.00,32.00,366.00,1553.00,2.00
E02000265,829.00,1040.00,115.00,1106.00,1628.00,15.00
E02000266,622.00,832.00,241.00,1723.00,859.00,21.00
E02000267,736.00,915.00,116.00,444.00,1005.00,3.00
E02000268,944.00,966.00,34.00,639.00,1270.00,11.00
E02000269,1014.00,966.00,11.00,191.00,1125.00,0.00
E02000270,387.00,966.00,268.00,1381.00,1104.00,10.00
E02000271,869.00,954.00,17.00,188.00,948.00,1.00
E02000272,970.00,850.00,19.00,163.00,534.00,3.00
E02000275,526.00,455.00,19.00,481.00,855.00,12.00
E02000276,645.00,834.00,15.00,298.00,930.00,2.00
E02006791,647.00,979.00,37.00,481.00,1299.00,6.00
E02006968,899.00,651.00,16.00,387.00,1607.00,0.00
E02006969,391.00,452.00,93.00,355.00,1678.00,7.00
E02006970,333.00,388.00,80.00,234.00,989.00,5.00
E02006971,590.00,428.00,31.00,307.00,865.00,2.00
E02000277,727.00,701.00,19.00,370.00,806.00,5.00
E02000278,636.00,635.00,40.00,1125.00,893.00,12.00
E02000279,614.00,1053.00,202.00,1120.00,1420.00,10.00
E02000280,1037.00,1098.00,34.00,679.00,553.00,9.00
E02000281,756.00,1016.00,69.00,774.00,923.00,12.00
E02000282,475.00,620.00,23.00,1221.00,1106.00,23.00
E02000283,701.00,807.00,16.00,476.00,797.00,3.00
E02000284,1064.00,1165.00,34.00,415.00,935.00,5.00
E02000285,1084.00,968.00,6.00,84.00,318.00,0.00
E02000286,1408.00,1224.00,12.00,263.00,1092.00,3.00
E02000287,1075.00,955.00,50.00,248.00,537.00,5.00
E02000288,736.00,918.00,70.00,954.00,1360.00,15.00
E02000289,1065.00,918.00,8.00,161.00,275.00,0.00
E02000290,334.00,498.00,47.00,808.00,811.00,19.00
E02000291,992.00,1074.00,23.00,618.00,1616.00,6.00
E02000292,1031.00,1278.00,15.00,290.00,952.00,3.00
E02000293,1122.00,850.00,7.00,86.00,426.00,0.00
E02000294,807.00,748.00,32.00,572.00,919.00,8.00
E02000295,1114.00,1010.00,48.00,310.00,868.00,0.00
E02000296,1042.00,884.00,29.00,388.00,1694.00,3.00
E02000297,1535.00,1254.00,10.00,83.00,591.00,2.00
E02000298,1158.00,1173.00,5.00,107.00,612.00,1.00
E02000299,704.00,621.00,56.00,531.00,1398.00,7.00
E02000300,729.00,674.00,9.00,370.00,1208.00,8.00
E02000301,612.00,578.00,44.00,1228.00,1249.00,15.00
E02000302,1064.00,990.00,8.00,354.00,696.00,2.00
E02000303,502.00,530.00,17.00,945.00,965.00,17.00
E02000304,1202.00,1036.00,14.00,72.00,586.00,1.00
E02000305,948.00,1084.00,15.00,134.00,1271.00,0.00
E02000306,282.00,396.00,81.00,1717.00,896.00,27.00
E02000307,1042.00,953.00,7.00,277.00,1058.00,6.00
E02000308,802.00,790.00,57.00,574.00,995.00,5.00
E02000309,755.00,729.00,37.00,829.00,1626.00,10.00
E02000311,1024.00,861.00,30.00,604.00,1104.00,12.00
E02000312,1148.00,1007.00,99.00,357.00,1878.00,6.00
E02006793,414.00,510.00,45.00,1431.00,954.00,36.00
E02000313,221.00,348.00,46.00,1627.00,346.00,8.00
E02000314,348.00,1173.00,165.00,1156.00,1679.00,16.00
E02000315,439.00,756.00,19.00,1488.00,779.00,9.00
E02000317,257.00,452.00,40.00,1551.00,508.00,14.00
E02000318,549.00,748.00,13.00,851.00,1400.00,20.00
E02000319,509.00,788.00,78.00,1229.00,1302.00,13.00
E02000320,565.00,648.00,9.00,658.00,668.00,8.00
E02000321,286.00,494.00,32.00,1494.00,648.00,10.00
E02000323,439.00,819.00,164.00,1927.00,1464.00,7.00
E02000324,362.00,523.00,25.00,1436.00,497.00,12.00
E02000326,584.00,905.00,33.00,832.00,694.00,1.00
E02000327,151.00,502.00,41.00,1207.00,726.00,8.00
E02000328,603.00,836.00,87.00,741.00,675.00,4.00
E02000329,644.00,729.00,14.00,587.00,484.00,6.00
E02000331,478.00,821.00,31.00,1133.00,723.00,5.00
E02000332,852.00,961.00,19.00,530.00,628.00,9.00
E02000333,707.00,764.00,6.00,483.00,920.00,4.00
E02000334,587.00,886.00,10.00,669.00,389.00,2.00
E02000335,914.00,1040.00,12.00,354.00,269.00,2.00
E02000337,531.00,859.00,76.00,1230.00,383.00,5.00
E02000339,836.00,822.00,26.00,519.00,382.00,5.00
E02000340,986.00,880.00,33.00,469.00,647.00,4.00
E02000341,464.00,737.00,13.00,1383.00,328.00,16.00
E02000342,481.00,707.00,60.00,704.00,384.00,4.00
E02000343,701.00,836.00,8.00,837.00,309.00,5.00
E02000344,853.00,966.00,12.00,292.00,320.00,5.00
E02006786,571.00,727.00,49.00,938.00,583.00,5.00
E02006927,1058.00,1306.00,196.00,1238.00,1284.00,4.00
E02006928,332.00,961.00,252.00,1714.00,2005.00,3.00
E02006930,522.00,1335.00,164.00,909.00,1297.00,0.00
E02006931,734.00,1027.00,35.00,1197.00,1135.00,6.00
E02006991,161.00,654.00,271.00,474.00,1671.00,2.00
E02006992,306.00,1191.00,147.00,1180.00,942.00,3.00
E02006993,250.00,780.00,243.00,925.00,1427.00,2.00
E02006994,196.00,473.00,45.00,1369.00,1188.00,13.00
E02000345,381.00,280.00,99.00,575.00,1252.00,2.00
E02000346,230.00,327.00,185.00,1886.00,1329.00,15.00
E02000347,299.00,315.00,27.00,866.00,1071.00,4.00
E02000348,254.00,213.00,36.00,1344.00,865.00,9.00
E02000350,516.00,638.00,76.00,888.00,1574.00,4.00
E02000351,445.00,794.00,97.00,1181.00,1690.00,21.00
E02000352,390.00,534.00,57.00,995.00,704.00,6.00
E02000353,564.00,755.00,21.00,654.00,1160.00,2.00
E02000354,317.00,709.00,68.00,1777.00,1109.00,9.00
E02000355,591.00,700.00,48.00,745.00,1024.00,6.00
E02000356,480.00,796.00,37.00,731.00,1013.00,4.00
E02000357,173.00,274.00,14.00,1812.00,440.00,8.00
E02000358,465.00,875.00,80.00,1787.00,1599.00,11.00
E02000359,402.00,593.00,22.00,780.00,636.00,1.00
E02000360,300.00,562.00,103.00,2838.00,1035.00,12.00
E02000361,306.00,527.00,74.00,1288.00,1480.00,4.00
E02000362,201.00,445.00,132.00,1251.00,772.00,4.00
E02000363,254.00,495.00,170.00,2742.00,766.00,15.00
E02000364,558.00,730.00,98.00,1583.00,1125.00,5.00
E02000366,340.00,474.00,53.00,1973.00,688.00,12.00
E02000367,373.00,756.00,189.00,1583.00,1682.00,10.00
E02000368,276.00,507.00,55.00,2402.00,902.00,12.00
E02000369,344.00,667.00,360.00,2732.00,1808.00,18.00
E02000370,303.00,467.00,186.00,1885.00,1140.00,11.00
E02006918,234.00,464.00,95.00,1359.00,1011.00,6.00
E02006921,213.00,262.00,19.00,1406.00,879.00,5.00
E02007108,252.00,489.00,49.00,546.00,1461.00,5.00
E02007109,379.00,545.00,65.00,1268.00,1029.00,17.00
E02007110,253.00,324.00,85.00,1438.00,1254.00,7.00
E02007111,166.00,290.00,66.00,633.00,1649.00,14.00
E02000372,436.00,368.00,109.00,1970.00,987.00,7.00
E02000373,180.00,269.00,65.00,1579.00,426.00,17.00
E02000374,416.00,464.00,30.00,967.00,742.00,2.00
E02000375,390.00,379.00,40.00,1424.00,1249.00,16.00
E02000376,307.00,425.00,45.00,1045.00,1353.00,6.00
E02000377,441.00,530.00,65.00,1184.00,1219.00,7.00
E02000378,406.00,521.00,20.00,883.00,1409.00,11.00
E02000379,632.00,710.00,118.00,772.00,872.00,0.00
E02000380,499.00,540.00,19.00,639.00,797.00,3.00
E02000381,591.00,601.00,9.00,934.00,1407.00,4.00
E02000382,531.00,478.00,73.00,650.00,1038.00,2.00
E02000383,688.00,553.00,25.00,919.00,1917.00,10.00
E02000384,396.00,439.00,42.00,1485.00,1431.00,14.00
E02000385,408.00,497.00,21.00,494.00,1430.00,3.00
E02000386,293.00,362.00,35.00,1539.00,1127.00,10.00
E02000387,299.00,366.00,16.00,1074.00,823.00,5.00
E02000388,543.00,667.00,58.00,1146.00,1715.00,4.00
E02000389,837.00,922.00,42.00,533.00,1343.00,1.00
E02000390,456.00,535.00,12.00,648.00,1062.00,6.00
E02000391,688.00,687.00,22.00,764.00,1113.00,5.00
E02000392,664.00,741.00,46.00,1014.00,1567.00,7.00
E02000393,554.00,652.00,18.00,306.00,1051.00,6.00
E02000394,583.00,811.00,201.00,1191.00,1555.00,5.00
E02000395,738.00,529.00,31.00,311.00,1030.00,3.00
E02000396,506.00,559.00,45.00,764.00,893.00,2.00
E02000397,495.00,573.00,38.00,858.00,1502.00,8.00
E02000398,296.00,343.00,31.00,1229.00,965.00,15.00
E02000400,635.00,634.00,70.00,921.00,847.00,15.00
E02000401,341.00,526.00,20.00,1088.00,488.00,14.00
E02000402,260.00,400.00,30.00,1104.00,612.00,20.00
E02000403,492.00,538.00,30.00,462.00,1466.00,3.00
E02000404,468.00,441.00,27.00,805.00,909.00,15.00
E02000405,816.00,872.00,9.00,187.00,576.00,2.00
E02000406,374.00,451.00,20.00,901.00,830.00,18.00
E02000407,353.00,441.00,60.00,913.00,1225.00,14.00
E02000408,348.00,390.00,71.00,1201.00,973.00,17.00
E02000409,343.00,412.00,19.00,1023.00,545.00,25.00
E02000410,681.00,818.00,9.00,187.00,918.00,1.00
E02000411,502.00,702.00,129.00,1209.00,1387.00,23.00
E02000412,357.00,368.00,97.00,995.00,1045.00,8.00
E02000413,789.00,836.00,46.00,459.00,827.00,9.00
E02000414,499.00,558.00,19.00,449.00,1185.00,7.00
E02000415,550.00,536.00,49.00,446.00,1251.00,4.00
E02000416,461.00,800.00,144.00,1199.00,1297.00,18.00
E02000417,851.00,768.00,17.00,245.00,980.00,4.00
E02000418,733.00,772.00,28.00,243.00,428.00,4.00
E02000419,575.00,703.00,35.00,496.00,1831.00,5.00
E02000420,424.00,557.00,58.00,1078.00,1294.00,23.00
E02000421,286.00,354.00,105.00,1252.00,1125.00,19.00
E02000422,420.00,511.00,47.00,838.00,1041.00,30.00
E02000423,480.00,549.00,27.00,432.00,1180.00,4.00
E02000424,511.00,896.00,25.00,761.00,786.00,4.00
E02000425,367.00,236.00,48.00,422.00,1081.00,6.00
E02000426,819.00,650.00,22.00,444.00,808.00,4.00
E02000427,515.00,642.00,46.00,359.00,1303.00,3.00
E02000428,303.00,367.00,45.00,1114.00,1083.00,8.00
E02000429,833.00,841.00,91.00,411.00,1022.00,4.00
E02000430,629.00,833.00,35.00,418.00,1331.00,3.00
E02000431,670.00,699.00,8.00,196.00,1268.00,5.00
E02000432,416.00,669.00,11.00,706.00,992.00,6.00
E02006794,242.00,296.00,164.00,1430.00,968.00,25.00
E02000433,1251.00,942.00,31.00,410.00,906.00,2.00
E02000434,1180.00,960.00,100.00,310.00,1083.00,5.00
E02000435,870.00,753.00,36.00,541.00,599.00,10.00
E02000436,934.00,786.00,6.00,70.00,246.00,1.00
E02000437,1039.00,917.00,23.00,338.00,767.00,4.00
E02000438,894.00,815.00,12.00,626.00,690.00,9.00
E02000439,847.00,738.00,31.00,304.00,1022.00,6.00
E02000440,1183.00,1152.00,6.00,99.00,612.00,3.00
E02000441,888.00,780.00,23.00,501.00,593.00,10.00
E02000442,840.00,701.00,9.00,111.00,1006.00,0.00
E02000443,751.00,855.00,34.00,545.00,1352.00,9.00
E02000444,946.00,814.00,9.00,73.00,824.00,4.00
E02000445,874.00,899.00,116.00,524.00,1399.00,8.00
E02000447,873.00,1111.00,19.00,201.00,539.00,1.00
E02000448,1081.00,846.00,29.00,212.00,589.00,2.00
E02000449,771.00,564.00,15.00,425.00,742.00,10.00
E02000451,949.00,842.00,21.00,44.00,470.00,3.00
E02000452,655.00,829.00,41.00,227.00,1695.00,4.00
E02000453,820.00,821.00,56.00,226.00,1116.00,7.00
E02000454,1014.00,1042.00,3.00,101.00,362.00,2.00
E02000455,761.00,1078.00,80.00,636.00,2193.00,10.00
E02000456,820.00,764.00,32.00,273.00,818.00,9.00
E02000457,827.00,776.00,65.00,190.00,701.00,4.00
E02000459,701.00,792.00,59.00,593.00,1266.00,7.00
E02000460,431.00,728.00,19.00,659.00,574.00,4.00
E02000461,632.00,717.00,30.00,138.00,1037.00,3.00
E02000462,652.00,610.00,20.00,182.00,821.00,0.00
E02000463,740.00,910.00,14.00,518.00,640.00,12.00
E02006795,879.00,868.00,11.00,80.00,805.00,1.00
E02006882,1845.00,1331.00,53.00,137.00,1028.00,2.00
E02000464,756.00,970.00,15.00,799.00,331.00,2.00
E02000465,679.00,1166.00,29.00,1150.00,466.00,4.00
E02000466,1037.00,1074.00,37.00,760.00,384.00,1.00
E02000467,573.00,1043.00,51.00,2040.00,563.00,19.00
E02000468,1121.00,1203.00,25.00,366.00,447.00,5.00
E02000469,615.00,888.00,17.00,815.00,357.00,7.00
E02000470,1438.00,1574.00,43.00,322.00,752.00,3.00
E02000471,1507.00,1137.00,9.00,58.00,230.00,2.00
E02000472,1356.00,1425.00,20.00,242.00,484.00,0.00
E02000473,1439.00,1665.00,97.00,247.00,572.00,2.00
E02000474,1038.00,1279.00,56.00,516.00,639.00,3.00
E02000475,1433.00,1332.00,35.00,412.00,742.00,4.00
E02000476,758.00,999.00,150.00,752.00,1537.00,2.00
E02000477,1615.00,1522.00,6.00,99.00,472.00,0.00
E02000478,1111.00,791.00,3.00,114.00,130.00,1.00
E02000479,907.00,1234.00,47.00,460.00,1133.00,8.00
E02000480,1110.00,1549.00,84.00,948.00,1311.00,10.00
E02000481,1484.00,1152.00,19.00,239.00,349.00,3.00
E02000482,1308.00,1009.00,4.00,49.00,207.00,0.00
E02000483,1272.00,1011.00,6.00,470.00,712.00,2.00
E02000484,1363.00,1300.00,13.00,194.00,380.00,3.00
E02000485,1315.00,1294.00,10.00,198.00,640.00,1.00
E02000486,1299.00,1123.00,4.00,100.00,463.00,1.00
E02000487,1603.00,1137.00,5.00,39.00,160.00,0.00
E02000488,1497.00,1145.00,17.00,87.00,268.00,0.00
E02000489,1138.00,1174.00,27.00,488.00,430.00,3.00
E02000490,1216.00,1150.00,16.00,428.00,414.00,3.00
E02000491,1018.00,1320.00,102.00,936.00,550.00,5.00
E02000492,1244.00,952.00,10.00,128.00,287.00,4.00
E02000493,668.00,843.00,23.00,352.00,609.00,2.00
E02000494,1161.00,1002.00,8.00,426.00,622.00,0.00
E02000495,1238.00,1069.00,18.00,571.00,1408.00,0.00
E02000496,1049.00,1040.00,20.00,637.00,428.00,2.00
E02000497,1172.00,1223.00,39.00,700.00,558.00,3.00
E02000498,943.00,917.00,22.00,424.00,329.00,2.00
E02000499,1338.00,1068.00,10.00,171.00,427.00,0.00
E02000500,1322.00,1035.00,35.00,195.00,719.00,0.00
E02000501,1211.00,1303.00,12.00,239.00,506.00,3.00
E02000502,1114.00,1233.00,52.00,193.00,940.00,2.00
E02000503,1184.00,1371.00,22.00,113.00,563.00,2.00
E02000504,1287.00,1098.00,9.00,112.00,414.00,2.00
E02000506,1287.00,1041.00,5.00,175.00,391.00,0.00
E02000507,866.00,1157.00,17.00,262.00,483.00,0.00
E02000508,772.00,1262.00,98.00,733.00,1471.00,4.00
E02000509,661.00,725.00,66.00,813.00,1127.00,10.00
E02000510,1011.00,1072.00,14.00,410.00,750.00,3.00
E02000511,990.00,1206.00,68.00,267.00,730.00,1.00
E02000512,607.00,828.00,35.00,804.00,828.00,4.00
E02000513,535.00,870.00,42.00,959.00,910.00,4.00
E02000514,856.00,956.00,26.00,237.00,1104.00,1.00
E02000515,887.00,1326.00,148.00,1144.00,1831.00,9.00
E02000516,657.00,807.00,54.00,537.00,760.00,3.00
E02000517,588.00,945.00,38.00,831.00,916.00,2.00
E02000518,649.00,895.00,39.00,1031.00,710.00,6.00
E02000519,508.00,706.00,49.00,1019.00,723.00,19.00
E02000520,720.00,1067.00,96.00,942.00,1619.00,11.00
E02000521,658.00,1220.00,129.00,1156.00,1184.00,5.00
E02000522,745.00,934.00,47.00,867.00,894.00,3.00
E02000523,746.00,927.00,87.00,415.00,1497.00,11.00
E02000524,601.00,523.00,14.00,362.00,1136.00,3.00
E02000525,609.00,737.00,22.00,537.00,1396.00,17.00
E02006796,1025.00,1274.00,37.00,334.00,902.00,7.00
E02000526,978.00,903.00,48.00,407.00,1280.00,1.00
E02000529,643.00,871.00,52.00,555.00,906.00,10.00
E02000530,355.00,491.00,35.00,1066.00,551.00,18.00
E02000531,950.00,1299.00,204.00,1059.00,1412.00,12.00
E02000532,1079.00,1027.00,15.00,769.00,917.00,12.00
E02000533,925.00,1022.00,16.00,643.00,1073.00,10.00
E02000534,833.00,878.00,53.00,200.00,1037.00,0.00
E02000535,909.00,755.00,27.00,408.00,897.00,10.00
E02000536,839.00,786.00,78.00,523.00,1004.00,16.00
E02000537,909.00,743.00,8.00,86.00,1408.00,4.00
E02000538,669.00,597.00,38.00,449.00,1243.00,8.00
E02000539,815.00,1400.00,131.00,1085.00,1302.00,4.00
E02000540,767.00,1024.00,204.00,919.00,1561.00,12.00
E02000541,682.00,468.00,28.00,952.00,1137.00,14.00
E02000542,635.00,614.00,116.00,950.00,1623.00,14.00
E02000543,759.00,801.00,113.00,648.00,2564.00,9.00
E02000544,1007.00,982.00,22.00,142.00,765.00,5.00
E02000545,648.00,943.00,40.00,1180.00,733.00,4.00
E02000546,727.00,744.00,54.00,486.00,1144.00,2.00
E02000547,844.00,1076.00,31.00,920.00,944.00,37.00
E02000548,549.00,884.00,269.00,1237.00,777.00,10.00
E02000549,1033.00,1302.00,50.00,738.00,946.00,9.00
E02000550,494.00,943.00,128.00,1226.00,922.00,5.00
E02000551,500.00,753.00,68.00,1473.00,605.00,16.00
E02000552,738.00,1176.00,106.00,387.00,947.00,6.00
E02000553,691.00,861.00,52.00,550.00,439.00,6.00
E02006792,953.00,837.00,33.00,447.00,1873.00,5.00
E02006972,292.00,384.00,87.00,853.00,712.00,6.00
E02006973,537.00,720.00,122.00,1259.00,1067.00,21.00
E02000554,385.00,597.00,36.00,2173.00,973.00,36.00
E02000555,589.00,777.00,74.00,1489.00,1093.00,10.00
E02000556,555.00,889.00,58.00,1552.00,1855.00,40.00
E02000557,388.00,580.00,38.00,1811.00,1311.00,11.00
E02000558,257.00,319.00,28.00,2308.00,1020.00,25.00
E02000559,635.00,897.00,53.00,1039.00,1372.00,2.00
E02000560,400.00,545.00,30.00,817.00,1474.00,7.00
E02000561,691.00,751.00,19.00,758.00,937.00,2.00
E02000562,503.00,690.00,34.00,1321.00,923.00,17.00
E02000563,337.00,529.00,48.00,1857.00,1070.00,18.00
E02000564,493.00,863.00,276.00,1906.00,2115.00,10.00
E02000565,317.00,492.00,34.00,1633.00,1009.00,11.00
E02000566,666.00,739.00,62.00,1070.00,1294.00,8.00
E02000567,551.00,871.00,51.00,1970.00,1442.00,9.00
E02000568,325.00,507.00,140.00,2426.00,1252.00,19.00
E02000569,536.00,634.00,73.00,2171.00,1176.00,13.00
E02000570,738.00,760.00,14.00,1077.00,1397.00,4.00
E02000571,419.00,616.00,45.00,1888.00,1139.00,15.00
E02000572,209.00,255.00,46.00,2147.00,854.00,12.00
E02000573,798.00,710.00,178.00,1433.00,1799.00,2.00
E02000574,445.00,449.00,54.00,1331.00,1318.00,8.00
E02000575,559.00,650.00,64.00,2028.00,1855.00,14.00
E02000576,354.00,468.00,129.00,2581.00,1403.00,14.00
E02000577,156.00,196.00,67.00,2252.00,491.00,13.00
E02000578,140.00,134.00,87.00,1676.00,246.00,26.00
E02000579,583.00,506.00,88.00,1740.00,895.00,8.00
E02000580,349.00,328.00,33.00,2185.00,1082.00,12.00
E02000581,199.00,151.00,88.00,2098.00,458.00,17.00
E02000582,763.00,414.00,46.00,484.00,1557.00,6.00
E02000583,786.00,483.00,21.00,693.00,1135.00,1.00
E02000584,1015.00,513.00,22.00,277.00,1501.00,3.00
E02000585,844.00,489.00,34.00,572.00,1446.00,2.00
E02000586,843.00,368.00,14.00,130.00,1526.00,2.00
E02000587,871.00,433.00,6.00,153.00,1561.00,2.00
E02000588,728.00,336.00,17.00,145.00,1849.00,2.00
E02000589,665.00,458.00,17.00,372.00,2148.00,0.00
E02000590,576.00,244.00,8.00,984.00,1231.00,4.00
E02000591,456.00,311.00,36.00,1019.00,1415.00,4.00
E02000592,723.00,358.00,8.00,226.00,1525.00,0.00
E02000593,640.00,531.00,16.00,639.00,1851.00,7.00
E02000594,805.00,378.00,8.00,487.00,1240.00,4.00
E02000595,914.00,439.00,10.00,499.00,1156.00,7.00
E02000596,790.00,462.00,11.00,354.00,1454.00,2.00
E02000597,456.00,357.00,38.00,1448.00,694.00,4.00
E02000598,1137.00,1138.00,21.00,216.00,455.00,3.00
E02000599,996.00,810.00,5.00,80.00,461.00,2.00
E02000600,798.00,934.00,8.00,418.00,1211.00,8.00
E02000601,1129.00,1426.00,95.00,571.00,1628.00,8.00
E02000602,660.00,954.00,35.00,1159.00,1225.00,16.00
E02000603,648.00,796.00,53.00,689.00,762.00,5.00
E02000604,1011.00,1178.00,36.00,236.00,1096.00,2.00
E02000605,1103.00,1100.00,7.00,184.00,718.00,3.00
E02000606,1018.00,1193.00,25.00,336.00,2236.00,3.00
E02000607,750.00,913.00,5.00,205.00,709.00,1.00
E02000608,599.00,896.00,13.00,313.00,1582.00,2.00
E02000609,980.00,881.00,10.00,342.00,522.00,5.00
E02000610,661.00,970.00,21.00,650.00,1561.00,8.00
E02000611,1200.00,1099.00,12.00,68.00,272.00,1.00
E02000612,1277.00,1176.00,8.00,135.00,483.00,1.00
E02000613,798.00,1257.00,13.00,349.00,774.00,1.00
E02000614,863.00,1231.00,35.00,295.00,946.00,4.00
E02000615,1053.00,1186.00,18.00,209.00,488.00,2.00
E02000616,843.00,1072.00,21.00,132.00,321.00,1.00
E02000617,994.00,1211.00,18.00,656.00,463.00,2.00
E02000619,418.00,619.00,47.00,2135.00,825.00,10.00
E02000620,506.00,605.00,219.00,1886.00,1370.00,4.00
E02000621,655.00,819.00,183.00,1761.00,2582.00,7.00
E02000622,388.00,616.00,22.00,1363.00,1238.00,6.00
E02000623,303.00,393.00,18.00,1762.00,843.00,11.00
E02000624,339.00,771.00,158.00,1746.00,1246.00,12.00
E02000625,216.00,464.00,58.00,1855.00,1200.00,6.00
E02000626,170.00,477.00,31.00,2176.00,578.00,17.00
E02000627,375.00,615.00,82.00,1641.00,1193.00,9.00
E02000628,249.00,635.00,146.00,2342.00,1094.00,15.00
E02000629,480.00,830.00,79.00,1122.00,1503.00,3.00
E02000630,545.00,726.00,39.00,835.00,1281.00,5.00
E02000631,549.00,941.00,50.00,1040.00,1158.00,1.00
E02000632,453.00,937.00,55.00,914.00,1899.00,1.00
E02000633,366.00,599.00,92.00,1753.00,1142.00,10.00
E02000634,276.00,461.00,28.00,1323.00,1015.00,5.00
E02000635,485.00,913.00,211.00,1585.00,1139.00,2.00
E02000636,583.00,974.00,16.00,462.00,1043.00,3.00
E02000637,566.00,960.00,22.00,718.00,1438.00,0.00
E02000638,378.00,948.00,79.00,1503.00,1192.00,7.00
E02000639,267.00,512.00,170.00,1621.00,1150.00,6.00
E02000640,598.00,1163.00,17.00,918.00,1105.00,3.00
E02000641,238.00,554.00,46.00,1923.00,627.00,3.00
E02000642,634.00,1006.00,31.00,1380.00,1114.00,5.00
E02000643,492.00,1079.00,54.00,971.00,1343.00,7.00
E02000644,582.00,1152.00,25.00,672.00,1064.00,1.00
E02000645,614.00,1116.00,61.00,850.00,1401.00,6.00
E02000646,703.00,1157.00,27.00,451.00,1564.00,1.00
E02000647,727.00,1127.00,74.00,645.00,848.00,1.00
E02000648,331.00,746.00,41.00,1538.00,520.00,12.00
E02000649,596.00,1431.00,103.00,802.00,2363.00,9.00
E02000650,372.00,852.00,25.00,1159.00,864.00,5.00
E02000651,643.00,1032.00,46.00,587.00,1166.00,5.00
E02000652,677.00,693.00,31.00,434.00,708.00,2.00
E02006801,405.00,364.00,53.00,1373.00,1512.00,5.00
E02000653,300.00,928.00,250.00,2127.00,1684.00,5.00
E02000654,195.00,547.00,68.00,1922.00,849.00,15.00
E02000655,323.00,742.00,157.00,1361.00,1417.00,9.00
E02000657,405.00,804.00,98.00,1234.00,1442.00,5.00
E02000658,442.00,756.00,68.00,1178.00,1011.00,3.00
E02000659,541.00,806.00,105.00,1038.00,1045.00,6.00
E02000660,436.00,913.00,43.00,913.00,1294.00,3.00
E02000661,612.00,694.00,4.00,674.00,1056.00,4.00
E02000662,342.00,858.00,76.00,1253.00,765.00,9.00
E02000663,586.00,846.00,23.00,634.00,729.00,1.00
E02000665,632.00,1011.00,27.00,840.00,901.00,4.00
E02000666,542.00,886.00,15.00,610.00,680.00,2.00
E02000667,614.00,1020.00,29.00,287.00,572.00,3.00
E02000668,692.00,961.00,16.00,436.00,624.00,2.00
E02000669,501.00,971.00,55.00,657.00,1124.00,1.00
E02000670,437.00,695.00,20.00,767.00,860.00,4.00
E02000671,644.00,1273.00,36.00,722.00,1004.00,4.00
E02000672,536.00,1167.00,86.00,986.00,1421.00,2.00
E02000673,707.00,1143.00,14.00,622.00,1003.00,5.00
E02000674,758.00,1231.00,10.00,330.00,727.00,1.00
E02000675,880.00,1121.00,45.00,666.00,705.00,3.00
E02000676,582.00,1170.00,23.00,619.00,793.00,3.00
E02000677,708.00,947.00,23.00,346.00,615.00,4.00
E02000678,463.00,761.00,24.00,777.00,586.00,4.00
E02000679,617.00,1002.00,36.00,975.00,736.00,9.00
E02000680,459.00,834.00,51.00,921.00,636.00,12.00
E02000681,577.00,893.00,25.00,1110.00,740.00,6.00
E02000682,618.00,797.00,42.00,1129.00,632.00,0.00
E02000683,423.00,719.00,37.00,965.00,579.00,1.00
E02000685,541.00,877.00,30.00,1277.00,694.00,3.00
E02000686,309.00,552.00,69.00,1455.00,652.00,7.00
E02000687,638.00,937.00,21.00,1054.00,796.00,9.00
E02006783,414.00,770.00,17.00,1102.00,586.00,6.00
E02006784,597.00,845.00,23.00,1125.00,534.00,2.00
E02006798,268.00,642.00,52.00,1619.00,1181.00,12.00
E02007008,142.00,438.00,146.00,629.00,1303.00,1.00
E02007009,372.00,820.00,83.00,1395.00,1310.00,7.00
E02000689,884.00,1186.00,62.00,314.00,1065.00,1.00
E02000690,1021.00,573.00,4.00,175.00,451.00,0.00
E02000691,700.00,868.00,24.00,273.00,1090.00,2.00
E02000692,1006.00,737.00,11.00,332.00,1481.00,1.00
E02000693,698.00,1124.00,194.00,387.00,1883.00,0.00
E02000694,720.00,1297.00,9.00,535.00,1268.00,4.00
E02000695,916.00,928.00,22.00,132.00,945.00,0.00
E02000696,512.00,844.00,23.00,616.00,1274.00,1.00
E02000697,807.00,1138.00,19.00,164.00,1539.00,0.00
E02000698,1150.00,1070.00,21.00,188.00,753.00,1.00
E02000699,896.00,1181.00,10.00,152.00,1022.00,1.00
E02000700,520.00,674.00,21.00,1153.00,982.00,4.00
E02000701,719.00,826.00,49.00,476.00,1044.00,0.00
E02000702,630.00,1022.00,96.00,913.00,706.00,0.00
E02000703,1181.00,1007.00,18.00,148.00,584.00,0.00
E02000704,779.00,1018.00,23.00,485.00,1265.00,0.00
E02000705,932.00,1198.00,27.00,176.00,783.00,1.00
E02000706,488.00,785.00,61.00,1315.00,882.00,4.00
E02000707,584.00,787.00,12.00,851.00,543.00,1.00
E02000708,1047.00,1297.00,36.00,172.00,698.00,7.00
E02000709,1196.00,1119.00,8.00,149.00,397.00,1.00
E02000710,840.00,937.00,54.00,682.00,922.00,3.00
E02000711,647.00,975.00,21.00,684.00,1128.00,1.00
E02000712,757.00,927.00,28.00,1058.00,629.00,4.00
E02000713,1069.00,1255.00,15.00,72.00,416.00,1.00
E02000714,411.00,567.00,77.00,706.00,882.00,4.00
E02000715,312.00,364.00,21.00,531.00,859.00,7.00
E02000716,378.00,419.00,31.00,544.00,924.00,6.00
E02000717,397.00,394.00,29.00,538.00,1029.00,8.00
E02000718,306.00,390.00,38.00,864.00,640.00,8.00
E02000719,347.00,504.00,40.00,903.00,1070.00,10.00
E02000720,527.00,472.00,19.00,333.00,765.00,7.00
E02000721,531.00,387.00,18.00,550.00,1268.00,9.00
E02000722,347.00,447.00,67.00,919.00,1144.00,10.00
E02000723,785.00,538.00,16.00,338.00,1180.00,4.00
E02000724,595.00,530.00,16.00,351.00,1036.00,5.00
E02000725,318.00,542.00,135.00,1309.00,1660.00,33.00
E02000727,495.00,353.00,10.00,343.00,1081.00,9.00
E02000728,470.00,491.00,12.00,232.00,1137.00,1.00
E02000729,439.00,410.00,18.00,503.00,826.00,5.00
E02000730,633.00,436.00,9.00,391.00,1091.00,4.00
E02000731,546.00,530.00,20.00,418.00,1252.00,7.00
E02000732,293.00,494.00,55.00,947.00,960.00,4.00
E02000733,398.00,553.00,57.00,1399.00,1040.00,13.00
E02000734,251.00,340.00,72.00,1053.00,761.00,18.00
E02000735,384.00,455.00,59.00,815.00,938.00,6.00
E02000736,331.00,614.00,19.00,788.00,890.00,7.00
E02000737,532.00,771.00,27.00,755.00,972.00,9.00
E02000738,504.00,839.00,55.00,374.00,1012.00,2.00
E02000739,308.00,404.00,78.00,824.00,857.00,7.00
E02000740,212.00,390.00,27.00,1173.00,685.00,8.00
E02000741,453.00,673.00,22.00,662.00,861.00,10.00
E02000742,374.00,646.00,20.00,680.00,802.00,6.00
E02000743,280.00,525.00,138.00,1479.00,1147.00,9.00
E02000744,334.00,602.00,97.00,962.00,1312.00,19.00
E02000745,323.00,569.00,64.00,1011.00,908.00,1.00
E02000746,171.00,617.00,145.00,1372.00,1085.00,4.00
E02000747,310.00,829.00,194.00,1597.00,2505.00,13.00
E02000748,282.00,492.00,18.00,514.00,901.00,3.00
E02000749,219.00,546.00,107.00,1631.00,814.00,13.00
E02006995,75.00,358.00,215.00,845.00,1740.00,4.00
E02006996,252.00,579.00,219.00,758.00,1347.00,3.00
E02006997,145.00,455.00,199.00,861.00,1560.00,8.00
E02006998,183.00,378.00,56.00,1035.00,1003.00,13.00
E02006999,245.00,976.00,212.00,1082.00,2530.00,2.00
E02000751,1834.00,1452.00,13.00,249.00,887.00,3.00
E02000752,617.00,1168.00,130.00,871.00,469.00,11.00
E02000753,596.00,814.00,27.00,540.00,484.00,14.00
E02000754,777.00,952.00,10.00,380.00,462.00,7.00
E02000755,650.00,831.00,9.00,268.00,425.00,5.00
E02000756,1485.00,1742.00,43.00,533.00,1446.00,7.00
E02000757,1366.00,1617.00,50.00,438.00,1703.00,5.00
E02000758,773.00,861.00,19.00,319.00,341.00,4.00
E02000759,1265.00,1634.00,27.00,726.00,1154.00,12.00
E02000760,710.00,798.00,29.00,468.00,616.00,7.00
E02000762,813.00,744.00,7.00,83.00,456.00,1.00
E02000763,684.00,766.00,33.00,392.00,703.00,1.00
E02000764,1616.00,1576.00,22.00,554.00,1592.00,8.00
E02000765,682.00,738.00,8.00,188.00,806.00,5.00
E02000767,719.00,909.00,44.00,203.00,881.00,13.00
E02000768,846.00,779.00,4.00,230.00,340.00,2.00
E02000770,647.00,718.00,15.00,153.00,942.00,14.00
E02000772,558.00,695.00,10.00,289.00,985.00,2.00
E02000773,726.00,902.00,27.00,468.00,976.00,13.00
E02000774,622.00,578.00,5.00,108.00,1145.00,1.00
E02000776,597.00,497.00,10.00,156.00,816.00,6.00
E02000777,818.00,779.00,8.00,306.00,410.00,4.00
E02000779,470.00,431.00,33.00,260.00,1572.00,8.00
E02000781,1250.00,1595.00,22.00,337.00,1218.00,5.00
E02000782,504.00,541.00,167.00,718.00,1634.00,13.00
E02000783,333.00,443.00,18.00,497.00,812.00,12.00
E02006800,1066.00,1140.00,42.00,385.00,1872.00,9.00
E02006924,1273.00,1246.00,18.00,228.00,1326.00,6.00
E02006925,1482.00,1638.00,5.00,154.00,902.00,6.00
E02007017,763.00,1099.00,37.00,260.00,596.00,4.00
E02007018,430.00,702.00,48.00,442.00,901.00,7.00
E02007019,255.00,294.00,31.00,239.00,1581.00,8.00
E02007020,730.00,588.00,11.00,260.00,1128.00,6.00
E02000784,1325.00,1052.00,8.00,686.00,1098.00,8.00
E02000785,1418.00,1221.00,15.00,258.00,1247.00,4.00
E02000786,1214.00,1551.00,25.00,753.00,1398.00,3.00
E02000787,1118.00,1568.00,84.00,1023.00,1375.00,5.00
E02000788,1121.00,1319.00,3.00,265.00,915.00,1.00
E02000789,763.00,668.00,7.00,521.00,880.00,2.00
E02000790,743.00,1031.00,19.00,118.00,789.00,1.00
E02000791,867.00,646.00,10.00,181.00,1264.00,1.00
E02000792,894.00,942.00,7.00,191.00,1067.00,0.00
E02000793,1102.00,1056.00,22.00,335.00,619.00,0.00
E02000794,874.00,1082.00,34.00,93.00,676.00,0.00
E02000795,1033.00,887.00,8.00,225.00,433.00,4.00
E02000796,1278.00,1217.00,25.00,838.00,617.00,6.00
E02000797,865.00,1170.00,47.00,207.00,1186.00,1.00
E02000798,1260.00,1743.00,23.00,490.00,804.00,5.00
E02000799,888.00,813.00,8.00,178.00,553.00,0.00
E02000800,642.00,604.00,13.00,569.00,327.00,1.00
E02000801,971.00,1097.00,38.00,185.00,726.00,1.00
E02000802,981.00,1102.00,6.00,249.00,635.00,3.00
E02000803,1258.00,1196.00,63.00,908.00,664.00,6.00
E02000804,1007.00,965.00,22.00,327.00,847.00,0.00
E02000805,1413.00,1444.00,43.00,630.00,1100.00,5.00
E02000806,1500.00,1450.00,33.00,519.00,747.00,5.00
E02000807,552.00,805.00,119.00,714.00,1543.00,2.00
E02000808,437.00,562.00,138.00,1465.00,2086.00,8.00
E02000810,381.00,763.00,354.00,2447.00,1443.00,5.00
E02000812,314.00,574.00,80.00,2246.00,1309.00,9.00
E02000813,333.00,487.00,76.00,2109.00,1470.00,8.00
E02000814,565.00,926.00,140.00,1084.00,1869.00,4.00
E02000815,208.00,336.00,90.00,1050.00,1540.00,9.00
E02000816,315.00,657.00,147.00,1789.00,1230.00,11.00
E02000817,155.00,342.00,46.00,1827.00,545.00,10.00
E02000818,280.00,701.00,247.00,1833.00,1400.00,27.00
E02000819,207.00,328.00,65.00,2055.00,891.00,10.00
E02000820,352.00,593.00,125.00,1938.00,1208.00,12.00
E02000821,156.00,287.00,119.00,1709.00,858.00,5.00
E02000822,129.00,227.00,16.00,1631.00,760.00,12.00
E02000823,322.00,500.00,65.00,1759.00,977.00,11.00
E02000824,203.00,423.00,53.00,2419.00,652.00,41.00
E02000825,138.00,496.00,83.00,2499.00,658.00,17.00
E02000826,267.00,803.00,163.00,1876.00,886.00,28.00
E02000827,293.00,748.00,145.00,2766.00,1050.00,16.00
E02000828,230.00,547.00,155.00,1758.00,888.00,18.00
E02000829,426.00,973.00,88.00,2275.00,959.00,18.00
E02000830,603.00,952.00,40.00,984.00,1141.00,45.00
E02000831,590.00,979.00,113.00,1226.00,1142.00,3.00
E02000832,419.00,862.00,68.00,1932.00,806.00,12.00
E02000833,360.00,702.00,28.00,1390.00,558.00,8.00
E02000834,663.00,1204.00,23.00,843.00,1360.00,9.00
E02000835,539.00,1030.00,17.00,821.00,614.00,7.00
E02000836,723.00,1201.00,18.00,547.00,844.00,4.00
E02000837,1086.00,1072.00,11.00,384.00,594.00,3.00
E02000838,698.00,1262.00,27.00,870.00,1061.00,7.00
E02000839,839.00,953.00,53.00,828.00,750.00,6.00
E02006802,349.00,527.00,183.00,1677.00,1197.00,6.00
E02006941,459.00,483.00,22.00,205.00,1815.00,1.00
E02006942,290.00,568.00,67.00,1033.00,1401.00,5.00
E02000840,435.00,1173.00,30.00,1412.00,415.00,10.00
E02000841,500.00,991.00,53.00,1275.00,478.00,7.00
E02000842,1144.00,1200.00,11.00,131.00,472.00,0.00
E02000843,790.00,1701.00,208.00,472.00,809.00,1.00
E02000844,760.00,1273.00,18.00,750.00,411.00,5.00
E02000845,1031.00,1490.00,37.00,300.00,752.00,0.00
E02000846,966.00,1152.00,23.00,177.00,467.00,2.00
E02000847,1441.00,1491.00,13.00,174.00,564.00,0.00
E02000848,1121.00,1347.00,6.00,65.00,372.00,0.00
E02000849,906.00,1182.00,34.00,563.00,563.00,6.00
E02000850,1344.00,1826.00,12.00,366.00,543.00,0.00
E02000851,804.00,1197.00,185.00,1093.00,1750.00,9.00
E02000852,987.00,1308.00,13.00,185.00,753.00,3.00
E02000853,865.00,1280.00,15.00,358.00,684.00,3.00
E02000854,1022.00,1179.00,18.00,272.00,592.00,3.00
E02000855,1323.00,1155.00,14.00,142.00,574.00,2.00
E02000856,1122.00,1404.00,25.00,275.00,972.00,2.00
E02000857,938.00,993.00,13.00,326.00,1807.00,1.00
E02000858,415.00,733.00,87.00,1676.00,393.00,5.00
E02000859,1281.00,1146.00,8.00,470.00,589.00,1.00
E02000860,659.00,901.00,14.00,818.00,1723.00,4.00
E02000861,1305.00,1173.00,8.00,83.00,294.00,0.00
E02000863,926.00,1066.00,9.00,206.00,214.00,1.00
E02006836,1319.00,1286.00,35.00,78.00,494.00,0.00
E02000864,321.00,997.00,204.00,2030.00,1107.00,5.00
E02000865,179.00,351.00,75.00,1489.00,789.00,11.00
E02000866,550.00,851.00,55.00,1420.00,1265.00,12.00
E02000867,328.00,991.00,211.00,1475.00,1855.00,11.00
E02000868,250.00,469.00,43.00,977.00,1043.00,4.00
E02000869,302.00,324.00,31.00,1135.00,720.00,12.00
E02000870,220.00,362.00,33.00,1054.00,747.00,5.00
E02000871,238.00,578.00,197.00,1942.00,1262.00,11.00
E02000872,229.00,385.00,56.00,1243.00,1270.00,9.00
E02000873,224.00,505.00,107.00,1244.00,830.00,14.00
E02000874,149.00,321.00,40.00,1201.00,800.00,13.00
E02000875,271.00,733.00,161.00,2341.00,1567.00,6.00
E02000876,209.00,375.00,34.00,973.00,1176.00,11.00
E02000877,282.00,1006.00,98.00,2087.00,1432.00,8.00
E02000878,355.00,476.00,63.00,1201.00,1907.00,10.00
E02000879,280.00,402.00,40.00,1386.00,934.00,7.00
E02000880,186.00,284.00,23.00,849.00,932.00,7.00
E02000881,251.00,506.00,149.00,1709.00,1230.00,9.00
E02000882,170.00,412.00,252.00,2106.00,864.00,9.00
E02000883,153.00,420.00,77.00,1493.00,881.00,6.00
E02000884,339.00,469.00,186.00,1290.00,2826.00,4.00
E02000885,145.00,216.00,39.00,1326.00,649.00,16.00
E02000886,315.00,699.00,79.00,1132.00,1589.00,10.00
E02000887,260.00,488.00,98.00,1790.00,1296.00,16.00
E02000888,302.00,609.00,107.00,1040.00,1279.00,16.00
E02000889,368.00,608.00,82.00,903.00,1840.00,6.00
E02000890,482.00,642.00,35.00,384.00,1346.00,2.00
E02000893,283.00,565.00,35.00,1092.00,1005.00,8.00
E02000894,442.00,884.00,85.00,942.00,2100.00,10.00
E02006853,318.00,596.00,130.00,1511.00,2482.00,3.00
E02006854,337.00,526.00,78.00,510.00,2075.00,2.00
E02007112,206.00,408.00,62.00,365.00,1875.00,2.00
E02007113,234.00,557.00,90.00,807.00,1580.00,1.00
E02007114,250.00,443.00,93.00,792.00,1454.00,1.00
E02000895,1096.00,1009.00,36.00,731.00,404.00,3.00
E02000896,1380.00,1281.00,19.00,375.00,777.00,3.00
E02000897,883.00,1058.00,10.00,984.00,431.00,4.00
E02000898,957.00,1037.00,32.00,748.00,425.00,4.00
E02000899,1071.00,1109.00,13.00,397.00,637.00,1.00
E02000900,833.00,1037.00,31.00,633.00,581.00,3.00
E02000901,1102.00,1516.00,47.00,464.00,719.00,2.00
E02000902,731.00,1150.00,155.00,764.00,712.00,6.00
E02000903,499.00,1018.00,77.00,1206.00,658.00,9.00
E02000904,683.00,1140.00,71.00,436.00,778.00,0.00
E02000905,675.00,1290.00,48.00,667.00,946.00,4.00
E02000906,627.00,1158.00,26.00,828.00,985.00,3.00
E02000907,443.00,889.00,61.00,1739.00,919.00,16.00
E02000908,626.00,1381.00,260.00,1135.00,1832.00,5.00
E02000909,695.00,1198.00,38.00,686.00,946.00,5.00
E02000910,848.00,1154.00,46.00,624.00,1725.00,7.00
E02000911,710.00,1177.00,141.00,965.00,1848.00,7.00
E02000912,652.00,979.00,55.00,758.00,820.00,6.00
E02000913,884.00,886.00,51.00,408.00,883.00,4.00
E02000914,537.00,779.00,85.00,1323.00,1236.00,12.00
E02000915,677.00,886.00,10.00,557.00,1152.00,1.00
E02000916,639.00,1227.00,115.00,563.00,1429.00,9.00
E02000917,563.00,1143.00,36.00,471.00,1434.00,1.00
E02000918,586.00,792.00,38.00,886.00,1099.00,6.00
E02000919,655.00,831.00,21.00,408.00,1437.00,7.00
E02000920,579.00,737.00,107.00,1129.00,1256.00,7.00
E02000921,475.00,713.00,48.00,1546.00,1265.00,12.00
E02000922,711.00,964.00,22.00,671.00,1260.00,7.00
E02000923,925.00,637.00,57.00,460.00,1387.00,3.00
E02000925,461.00,502.00,40.00,1477.00,874.00,9.00
E02000926,794.00,1210.00,296.00,967.00,2283.00,1.00
E02000927,399.00,592.00,16.00,1234.00,988.00,3.00
E02000928,967.00,1050.00,16.00,364.00,1212.00,5.00
E02000929,283.00,439.00,99.00,1835.00,827.00,12.00
E02000930,748.00,893.00,19.00,694.00,1904.00,3.00
E02000931,691.00,1156.00,8.00,294.00,1337.00,0.00
E02000932,997.00,1547.00,283.00,493.00,2608.00,2.00
E02000933,1069.00,1022.00,37.00,397.00,1393.00,10.00
E02000934,572.00,1004.00,79.00,761.00,1777.00,3.00
E02000935,291.00,227.00,15.00,1367.00,518.00,16.00
E02000936,866.00,947.00,111.00,558.00,1887.00,12.00
E02000937,680.00,1012.00,14.00,380.00,1040.00,1.00
E02000938,835.00,1018.00,152.00,1266.00,1059.00,15.00
E02000939,833.00,1007.00,9.00,317.00,669.00,1.00
E02000940,446.00,1053.00,124.00,992.00,1595.00,4.00
E02000941,763.00,1471.00,29.00,586.00,1285.00,2.00
E02000942,1026.00,1261.00,26.00,230.00,1270.00,2.00
E02000943,698.00,1072.00,55.00,438.00,1546.00,0.00
E02000944,360.00,526.00,43.00,983.00,973.00,4.00
E02000945,367.00,420.00,29.00,1151.00,788.00,5.00
E02000946,458.00,948.00,51.00,597.00,1048.00,5.00
E02000947,775.00,1407.00,67.00,339.00,1330.00,2.00
E02000948,758.00,1317.00,33.00,520.00,1747.00,6.00
E02000949,995.00,1352.00,57.00,284.00,1565.00,0.00
E02000950,665.00,750.00,16.00,523.00,1146.00,7.00
E02000951,518.00,735.00,17.00,403.00,1150.00,0.00
E02000952,439.00,666.00,8.00,564.00,979.00,2.00
E02000953,448.00,1005.00,73.00,659.00,1021.00,3.00
E02000954,580.00,640.00,23.00,258.00,748.00,1.00
E02000955,529.00,565.00,17.00,598.00,960.00,7.00
E02000956,363.00,573.00,32.00,650.00,1402.00,12.00
E02000957,699.00,1052.00,87.00,650.00,1928.00,5.00
E02000958,811.00,950.00,12.00,437.00,704.00,3.00
E02000959,451.00,831.00,33.00,627.00,1161.00,1.00
E02007083,462.00,518.00,329.00,492.00,2302.00,2.00
E02007084,383.00,541.00,91.00,1694.00,1414.00,11.00
E02000960,707.00,368.00,12.00,360.00,1331.00,4.00
E02000961,762.00,598.00,11.00,937.00,1748.00,12.00
E02000962,698.00,398.00,14.00,797.00,1940.00,12.00
E02000963,397.00,491.00,46.00,2311.00,872.00,18.00
E02000964,423.00,661.00,47.00,2613.00,1599.00,15.00
E02000965,537.00,689.00,15.00,625.00,1751.00,6.00
E02000966,887.00,755.00,11.00,540.00,1917.00,3.00
E02000967,716.00,418.00,22.00,197.00,1657.00,4.00
E02000968,472.00,315.00,38.00,3248.00,1471.00,73.00
E02000969,302.00,293.00,66.00,2154.00,872.00,33.00
E02000970,731.00,383.00,14.00,386.00,2039.00,2.00
E02000971,628.00,392.00,28.00,371.00,2299.00,2.00
E02000972,507.00,305.00,41.00,1183.00,2207.00,14.00
E02000973,870.00,654.00,29.00,1154.00,2086.00,4.00
E02000974,728.00,414.00,53.00,650.00,2133.00,3.00
E02000975,641.00,467.00,23.00,351.00,2311.00,9.00
E02000976,707.00,462.00,11.00,564.00,2455.00,15.00
E02000977,561.00,254.00,13.00,821.00,1781.00,2.00
E02000978,957.00,401.00,14.00,87.00,1303.00,2.00
E02000979,676.00,381.00,27.00,1134.00,1708.00,1.00
E02000980,665.00,435.00,53.00,1847.00,1308.00,16.00
E02000981,694.00,575.00,34.00,1141.00,1711.00,2.00
E02000982,467.00,326.00,58.00,1824.00,1155.00,14.00
E02000983,484.00,310.00,19.00,1517.00,1412.00,18.00
