MSOA21CD,not deprived,deprived-1,deprived-2,deprived-3,deprived-4
E02000002,954.00,1085.00,613.00,194.00,24.00
E02000003,1649.00,1467.00,667.00,145.00,2.00
E02000004,1014.00,829.00,365.00,98.00,3.00
E02000005,1544.00,1252.00,620.00,201.00,13.00
E02000007,1335.00,1320.00,739.00,265.00,16.00
E02000008,1546.00,1729.00,1017.00,306.00,26.00
E02000009,1578.00,1600.00,811.00,252.00,13.00
E02000010,1219.00,1241.00,634.00,211.00,22.00
E02000011,904.00,912.00,433.00,90.00,13.00
E02000012,1394.00,1145.00,605.00,134.00,9.00
E02000013,1103.00,1216.00,695.00,225.00,15.00
E02000014,1177.00,1262.00,692.00,245.00,12.00
E02000015,1041.00,1145.00,632.00,202.00,13.00
E02000016,1433.00,1449.00,694.00,214.00,21.00
E02000017,1018.00,1086.00,473.00,180.00,8.00
E02000018,1086.00,1234.00,673.00,231.00,10.00
E02000019,1202.00,1178.00,633.00,187.00,4.00
E02000020,1946.00,1710.00,792.00,217.00,7.00
E02000021,1098.00,1155.00,530.00,138.00,8.00
E02000022,1146.00,1020.00,463.00,153.00,12.00
E02000023,961.00,983.00,520.00,175.00,23.00
E02006799,1428.00,1379.00,787.00,285.00,11.00
E02000024,2505.00,1458.00,430.00,80.00,4.00
E02000025,1800.00,1231.00,538.00,156.00,22.00
E02000026,1392.00,744.00,316.00,51.00,7.00
E02000027,1712.00,1176.00,601.00,183.00,13.00
E02000028,1477.00,841.00,309.00,57.00,8.00
E02000029,1852.00,1186.00,502.00,154.00,13.00
E02000030,2006.00,1037.00,379.00,90.00,7.00
E02000031,1960.00,972.00,322.00,69.00,4.00
E02000032,1499.00,928.00,272.00,44.00,1.00
E02000033,1744.00,1126.00,498.00,117.00,7.00
E02000034,1863.00,1184.00,417.00,115.00,9.00
E02000035,1859.00,1126.00,415.00,114.00,15.00
E02000036,1900.00,1364.00,525.00,148.00,7.00
E02000037,1970.00,1186.00,474.00,81.00,6.00
E02000038,2078.00,1279.00,521.00,117.00,10.00
E02000039,1500.00,856.00,235.00,79.00,6.00
E02000040,1944.00,1011.00,443.00,106.00,7.00
E02000041,1510.00,1160.00,522.00,113.00,21.00
E02000042,2146.00,1619.00,697.00,209.00,46.00
E02000043,1674.00,754.00,200.00,35.00,4.00
E02000044,1222.00,1123.00,540.00,170.00,15.00
E02000045,1952.00,1381.00,661.00,192.00,15.00
E02000046,1513.00,960.00,319.00,77.00,10.00
E02000047,1418.00,1685.00,828.00,266.00,13.00
E02000048,2186.00,1215.00,441.00,95.00,12.00
E02000049,1445.00,1341.00,713.00,271.00,32.00
E02000050,1861.00,1371.00,613.00,179.00,10.00
E02000051,1931.00,1229.00,473.00,132.00,28.00
E02000052,2200.00,1409.00,457.00,117.00,8.00
E02000054,1400.00,986.00,457.00,108.00,20.00
E02000055,1893.00,1713.00,692.00,189.00,21.00
E02000056,2212.00,936.00,252.00,36.00,6.00
E02000057,1298.00,885.00,384.00,111.00,28.00
E02000058,2216.00,1287.00,454.00,125.00,16.00
E02000059,1855.00,1608.00,747.00,207.00,20.00
E02000060,1694.00,1246.00,545.00,165.00,45.00
E02000061,1891.00,1154.00,376.00,110.00,43.00
E02000062,939.00,972.00,496.00,189.00,20.00
E02000063,1237.00,1010.00,423.00,134.00,29.00
E02000064,1323.00,908.00,393.00,121.00,17.00
E02006953,1950.00,1239.00,494.00,157.00,15.00
E02006954,1801.00,1237.00,503.00,150.00,29.00
E02000065,1143.00,1039.00,452.00,132.00,9.00
E02000066,1301.00,1338.00,661.00,228.00,20.00
E02000067,1793.00,1388.00,617.00,167.00,18.00
E02000068,1331.00,1095.00,606.00,149.00,15.00
E02000069,1298.00,1043.00,365.00,96.00,8.00
E02000070,1433.00,1114.00,489.00,97.00,7.00
E02000071,1288.00,1044.00,415.00,82.00,5.00
E02000072,1957.00,1550.00,858.00,299.00,21.00
E02000073,2122.00,1327.00,428.00,74.00,6.00
E02000074,1373.00,1258.00,671.00,186.00,15.00
E02000075,1597.00,1114.00,382.00,52.00,4.00
E02000077,1421.00,981.00,435.00,96.00,3.00
E02000078,1607.00,992.00,357.00,58.00,5.00
E02000079,1858.00,1211.00,433.00,79.00,7.00
E02000080,1890.00,1334.00,504.00,84.00,3.00
E02000081,1589.00,1121.00,461.00,105.00,3.00
E02000082,1920.00,1087.00,379.00,54.00,3.00
E02000083,2166.00,1462.00,654.00,148.00,14.00
E02000084,2297.00,1390.00,445.00,64.00,3.00
E02000085,1553.00,1064.00,386.00,69.00,1.00
E02000086,1542.00,905.00,289.00,50.00,2.00
E02000087,1842.00,1091.00,335.00,48.00,2.00
E02000088,1644.00,938.00,342.00,52.00,4.00
E02000089,1598.00,973.00,276.00,53.00,4.00
E02000090,2229.00,1385.00,475.00,99.00,6.00
E02000091,2165.00,1521.00,631.00,126.00,7.00
E02000092,1122.00,935.00,477.00,170.00,10.00
E02006785,1159.00,925.00,407.00,81.00,1.00
E02000093,1696.00,1398.00,541.00,101.00,4.00
E02000094,1561.00,1220.00,546.00,138.00,2.00
E02000095,1338.00,1220.00,505.00,119.00,3.00
E02000096,1262.00,899.00,298.00,38.00,2.00
E02000097,1242.00,1134.00,527.00,132.00,3.00
E02000098,1178.00,1104.00,445.00,139.00,9.00
E02000099,1243.00,1068.00,467.00,138.00,3.00
E02000100,1299.00,898.00,319.00,51.00,0.00
E02000101,1278.00,1250.00,669.00,177.00,12.00
E02000102,775.00,1079.00,609.00,199.00,24.00
E02000103,1276.00,1323.00,626.00,214.00,23.00
E02000104,969.00,864.00,415.00,145.00,23.00
E02000105,1165.00,1241.00,552.00,140.00,9.00
E02000106,1153.00,1385.00,800.00,227.00,20.00
E02000107,1698.00,1558.00,798.00,272.00,36.00
E02000108,919.00,869.00,387.00,92.00,8.00
E02000110,1324.00,1077.00,540.00,143.00,11.00
E02000111,1069.00,1264.00,674.00,165.00,17.00
E02000112,1256.00,1389.00,715.00,130.00,5.00
E02000113,813.00,1277.00,820.00,345.00,34.00
E02000114,1518.00,1289.00,644.00,235.00,21.00
E02000115,1710.00,1261.00,658.00,199.00,51.00
E02000116,1059.00,1200.00,710.00,249.00,19.00
E02000117,1423.00,1764.00,1088.00,428.00,54.00
E02000118,1058.00,1249.00,662.00,173.00,15.00
E02000119,1405.00,1476.00,778.00,277.00,16.00
E02000120,1993.00,1390.00,613.00,220.00,24.00
E02000121,1287.00,1488.00,659.00,176.00,17.00
E02000122,1603.00,993.00,410.00,144.00,10.00
E02000123,1783.00,2139.00,1185.00,371.00,61.00
E02000124,2247.00,1266.00,494.00,141.00,14.00
E02000125,1909.00,1269.00,551.00,199.00,14.00
E02000126,1288.00,1257.00,617.00,229.00,17.00
E02006955,1512.00,816.00,299.00,78.00,4.00
E02006956,1070.00,927.00,393.00,109.00,6.00
E02000127,1628.00,1257.00,669.00,221.00,9.00
E02000128,1717.00,925.00,362.00,57.00,2.00
E02000130,2010.00,1120.00,417.00,110.00,9.00
E02000131,2761.00,1508.00,583.00,199.00,17.00
E02000132,2833.00,1508.00,484.00,109.00,8.00
E02000133,2841.00,1164.00,274.00,46.00,4.00
E02000134,2904.00,1611.00,615.00,159.00,11.00
E02000135,1808.00,1513.00,768.00,331.00,23.00
E02000136,1098.00,743.00,357.00,83.00,13.00
E02000137,2246.00,1076.00,291.00,59.00,2.00
E02000138,2501.00,1252.00,341.00,43.00,2.00
E02000139,1947.00,925.00,344.00,85.00,7.00
E02000140,1253.00,1115.00,708.00,246.00,17.00
E02000141,1646.00,983.00,378.00,77.00,9.00
E02000142,2087.00,1027.00,297.00,40.00,1.00
E02000144,2643.00,1257.00,349.00,59.00,1.00
E02000145,1425.00,1221.00,610.00,245.00,13.00
E02000146,2346.00,1168.00,391.00,124.00,8.00
E02000147,1997.00,902.00,226.00,38.00,4.00
E02000148,1565.00,841.00,236.00,54.00,3.00
E02000149,1598.00,1053.00,490.00,130.00,13.00
E02000150,1806.00,958.00,298.00,49.00,3.00
E02000151,1821.00,907.00,210.00,32.00,0.00
E02000152,1530.00,930.00,502.00,128.00,6.00
E02000153,1781.00,848.00,238.00,24.00,4.00
E02000154,1999.00,1127.00,366.00,76.00,6.00
E02000155,1425.00,1067.00,455.00,87.00,6.00
E02000156,2723.00,1577.00,490.00,65.00,7.00
E02000157,1911.00,1068.00,284.00,14.00,2.00
E02000158,1499.00,1023.00,420.00,91.00,3.00
E02000159,1643.00,877.00,262.00,39.00,1.00
E02000160,1714.00,979.00,314.00,36.00,1.00
E02000161,1980.00,1033.00,295.00,36.00,1.00
E02000162,1461.00,1019.00,384.00,94.00,5.00
E02000163,1731.00,983.00,310.00,43.00,1.00
E02000165,1504.00,907.00,291.00,38.00,1.00
E02006782,1638.00,1064.00,391.00,101.00,3.00
E02006787,1812.00,882.00,322.00,74.00,3.00
E02006789,1392.00,1017.00,333.00,46.00,0.00
E02000166,1669.00,1069.00,476.00,164.00,17.00
E02000167,2167.00,940.00,201.00,58.00,7.00
E02000168,1859.00,1035.00,439.00,150.00,11.00
E02000169,1946.00,804.00,209.00,58.00,9.00
E02000170,1886.00,1032.00,386.00,132.00,29.00
E02000171,1766.00,1045.00,389.00,122.00,8.00
E02000172,1491.00,1285.00,833.00,381.00,45.00
E02000173,1977.00,1114.00,304.00,85.00,21.00
E02000174,1565.00,1121.00,580.00,260.00,25.00
E02000175,2293.00,1265.00,528.00,198.00,24.00
E02000176,1748.00,899.00,258.00,80.00,15.00
E02000177,1529.00,1208.00,642.00,257.00,18.00
E02000178,1792.00,1314.00,700.00,312.00,48.00
E02000179,1290.00,806.00,306.00,131.00,14.00
E02000180,1616.00,1139.00,552.00,190.00,20.00
E02000181,2216.00,1063.00,357.00,104.00,11.00
E02000182,1630.00,959.00,391.00,93.00,9.00
E02000183,1868.00,1077.00,479.00,176.00,16.00
E02000184,1480.00,1181.00,661.00,278.00,34.00
E02000185,1366.00,1465.00,854.00,319.00,66.00
E02000186,1380.00,945.00,473.00,128.00,15.00
E02000187,1228.00,1390.00,818.00,337.00,44.00
E02000188,892.00,978.00,590.00,235.00,24.00
E02000191,1029.00,730.00,268.00,66.00,13.00
E02000192,1315.00,997.00,565.00,191.00,24.00
E02000193,1398.00,1132.00,439.00,120.00,12.00
E02007115,1683.00,1608.00,837.00,314.00,25.00
E02000001,2937.00,1547.00,347.00,75.00,8.00
E02000194,2212.00,1324.00,511.00,139.00,17.00
E02000195,1805.00,1148.00,446.00,79.00,12.00
E02000196,1179.00,1043.00,468.00,111.00,13.00
E02000197,1562.00,1175.00,473.00,99.00,13.00
E02000198,1451.00,1242.00,612.00,180.00,17.00
E02000199,1591.00,1088.00,415.00,107.00,7.00
E02000200,1904.00,1422.00,513.00,149.00,12.00
E02000201,1562.00,1341.00,670.00,210.00,38.00
E02000202,1395.00,1064.00,455.00,109.00,12.00
E02000203,1246.00,1142.00,569.00,144.00,18.00
E02000204,1331.00,1229.00,525.00,125.00,17.00
E02000206,1825.00,1641.00,742.00,234.00,27.00
E02000207,1568.00,1197.00,557.00,218.00,20.00
E02000208,1462.00,1527.00,788.00,280.00,41.00
E02000209,1393.00,1049.00,498.00,119.00,3.00
E02000210,1769.00,1135.00,433.00,92.00,15.00
E02000211,1786.00,1107.00,336.00,62.00,3.00
E02000212,1234.00,1209.00,624.00,174.00,22.00
E02000213,2130.00,1954.00,977.00,288.00,42.00
E02000214,1242.00,778.00,254.00,46.00,5.00
E02000215,2394.00,1800.00,817.00,222.00,22.00
E02000216,1623.00,915.00,326.00,70.00,8.00
E02000217,2309.00,1740.00,744.00,209.00,17.00
E02000218,1069.00,789.00,380.00,104.00,7.00
E02000219,1620.00,1042.00,278.00,41.00,2.00
E02000221,1701.00,1356.00,700.00,220.00,11.00
E02000222,2032.00,1127.00,393.00,73.00,10.00
E02000223,875.00,1012.00,669.00,222.00,11.00
E02000224,1780.00,1014.00,385.00,79.00,13.00
E02000225,951.00,954.00,571.00,171.00,11.00
E02000226,1588.00,910.00,247.00,35.00,1.00
E02000227,2387.00,1686.00,627.00,129.00,11.00
E02000228,1863.00,885.00,235.00,20.00,4.00
E02000229,672.00,826.00,531.00,197.00,11.00
E02000230,2414.00,1249.00,479.00,82.00,8.00
E02000231,1698.00,839.00,180.00,32.00,3.00
E02000232,1219.00,807.00,287.00,50.00,4.00
E02000233,1390.00,673.00,277.00,53.00,3.00
E02000234,2018.00,1154.00,450.00,93.00,4.00
E02000235,1600.00,799.00,210.00,47.00,1.00
E02000236,2026.00,982.00,255.00,44.00,1.00
E02000237,1633.00,985.00,337.00,76.00,3.00
E02006788,1340.00,947.00,455.00,149.00,6.00
E02006987,2062.00,1262.00,461.00,82.00,12.00
E02006988,1497.00,1208.00,469.00,113.00,18.00
E02000238,1692.00,1362.00,571.00,100.00,11.00
E02000239,1471.00,1036.00,360.00,60.00,6.00
E02000240,1524.00,1436.00,711.00,209.00,17.00
E02000241,1168.00,959.00,374.00,90.00,6.00
E02000242,958.00,850.00,362.00,60.00,1.00
E02000243,1343.00,1154.00,502.00,120.00,11.00
E02000244,1352.00,1045.00,416.00,102.00,22.00
E02000245,1152.00,1222.00,718.00,242.00,19.00
E02000246,1131.00,1143.00,608.00,173.00,16.00
E02000247,1511.00,1423.00,720.00,221.00,17.00
E02000248,1394.00,1074.00,407.00,106.00,8.00
E02000249,1141.00,1153.00,495.00,118.00,6.00
E02000250,1573.00,749.00,188.00,31.00,3.00
E02000251,1074.00,969.00,410.00,85.00,4.00
E02000252,1869.00,1607.00,693.00,218.00,21.00
E02000253,1438.00,1386.00,766.00,225.00,24.00
E02000254,922.00,966.00,556.00,155.00,9.00
E02000255,1940.00,1212.00,486.00,138.00,16.00
E02000256,2293.00,1225.00,390.00,99.00,19.00
E02000258,1258.00,883.00,338.00,100.00,23.00
E02000259,1244.00,821.00,269.00,60.00,1.00
E02000260,797.00,1101.00,641.00,206.00,9.00
E02000261,2323.00,1729.00,723.00,181.00,24.00
E02000262,1820.00,1313.00,599.00,193.00,21.00
E02000263,968.00,1446.00,934.00,280.00,18.00
E02000264,1877.00,1167.00,390.00,92.00,17.00
E02000265,2198.00,1491.00,749.00,266.00,31.00
E02000266,1581.00,1475.00,891.00,338.00,10.00
E02000267,1682.00,999.00,426.00,105.00,9.00
E02000268,2134.00,1154.00,441.00,126.00,8.00
E02000269,1993.00,956.00,270.00,65.00,21.00
E02000270,2035.00,1272.00,591.00,197.00,19.00
E02000271,1997.00,714.00,211.00,47.00,9.00
E02000272,1446.00,801.00,230.00,61.00,2.00
E02000275,711.00,896.00,553.00,173.00,15.00
E02000276,1593.00,782.00,275.00,71.00,3.00
E02006791,2143.00,917.00,308.00,74.00,8.00
E02006968,2001.00,1087.00,363.00,100.00,9.00
E02006969,1639.00,934.00,321.00,74.00,8.00
E02006970,556.00,795.00,506.00,157.00,14.00
E02006971,583.00,945.00,513.00,172.00,9.00
E02000277,975.00,989.00,510.00,143.00,10.00
E02000278,1101.00,1237.00,768.00,211.00,22.00
E02000279,1665.00,1581.00,841.00,300.00,29.00
E02000280,1596.00,1163.00,488.00,147.00,16.00
E02000281,1460.00,1216.00,643.00,210.00,20.00
E02000282,1036.00,1363.00,745.00,280.00,42.00
E02000283,1057.00,1027.00,540.00,167.00,9.00
E02000284,1858.00,1148.00,466.00,138.00,7.00
E02000285,1380.00,757.00,268.00,53.00,4.00
E02000286,2099.00,1317.00,464.00,108.00,13.00
E02000287,1587.00,889.00,316.00,64.00,11.00
E02000288,1320.00,1510.00,891.00,299.00,33.00
E02000289,1381.00,756.00,251.00,35.00,3.00
E02000290,826.00,944.00,551.00,182.00,20.00
E02000291,1919.00,1580.00,641.00,166.00,19.00
E02000292,1731.00,1196.00,509.00,126.00,7.00
E02000293,1428.00,795.00,231.00,34.00,3.00
E02000294,1094.00,1204.00,607.00,167.00,12.00
E02000295,1757.00,1103.00,361.00,121.00,8.00
E02000296,1891.00,1416.00,604.00,127.00,1.00
E02000297,1765.00,1208.00,432.00,66.00,4.00
E02000298,1780.00,967.00,265.00,40.00,4.00
E02000299,1139.00,1230.00,709.00,208.00,28.00
E02000300,1020.00,1145.00,621.00,179.00,34.00
E02000301,1127.00,1441.00,840.00,292.00,25.00
E02000302,1416.00,1124.00,455.00,112.00,7.00
E02000303,870.00,1156.00,641.00,274.00,35.00
E02000304,1678.00,921.00,279.00,30.00,2.00
E02000305,1778.00,1129.00,450.00,90.00,5.00
E02000306,854.00,1327.00,832.00,373.00,16.00
E02000307,1371.00,1262.00,578.00,125.00,8.00
E02000308,1477.00,1117.00,496.00,125.00,11.00
E02000309,1281.00,1599.00,809.00,272.00,26.00
E02000311,1389.00,1351.00,662.00,222.00,11.00
E02000312,1982.00,1656.00,647.00,184.00,26.00
E02006793,921.00,1296.00,796.00,336.00,41.00
E02000313,878.00,1009.00,517.00,165.00,26.00
E02000314,1991.00,1596.00,683.00,254.00,12.00
E02000315,1227.00,1288.00,693.00,248.00,34.00
E02000317,1067.00,1006.00,532.00,203.00,16.00
E02000318,1282.00,1314.00,718.00,248.00,19.00
E02000319,1636.00,1360.00,661.00,232.00,30.00
E02000320,1142.00,891.00,395.00,117.00,12.00
E02000321,1014.00,1106.00,590.00,222.00,26.00
E02000323,2062.00,1699.00,763.00,266.00,30.00
E02000324,1108.00,1003.00,516.00,215.00,13.00
E02000326,1680.00,891.00,365.00,102.00,11.00
E02000327,1112.00,850.00,498.00,158.00,15.00
E02000328,1658.00,822.00,356.00,107.00,3.00
E02000329,1040.00,871.00,399.00,140.00,12.00
E02000331,1429.00,993.00,558.00,195.00,16.00
E02000332,1555.00,995.00,369.00,77.00,5.00
E02000333,1727.00,797.00,282.00,69.00,8.00
E02000334,1180.00,852.00,374.00,127.00,9.00
E02000335,1362.00,844.00,316.00,70.00,0.00
E02000337,1201.00,1069.00,593.00,211.00,9.00
E02000339,1304.00,862.00,346.00,73.00,7.00
E02000340,1513.00,998.00,422.00,83.00,4.00
E02000341,1064.00,1017.00,608.00,242.00,9.00
E02000342,1106.00,724.00,379.00,124.00,9.00
E02000343,1191.00,869.00,478.00,143.00,12.00
E02000344,1338.00,748.00,298.00,63.00,1.00
E02006786,1222.00,998.00,476.00,164.00,14.00
E02006927,2754.00,1483.00,625.00,216.00,8.00
E02006928,3263.00,1314.00,504.00,172.00,12.00
E02006930,2567.00,1147.00,386.00,112.00,14.00
E02006931,2352.00,1214.00,439.00,118.00,14.00
E02006991,2172.00,803.00,207.00,47.00,2.00
E02006992,2262.00,982.00,388.00,135.00,3.00
E02006993,2242.00,958.00,330.00,90.00,6.00
E02006994,1321.00,1243.00,537.00,174.00,10.00
E02000345,927.00,1007.00,476.00,144.00,34.00
E02000346,1800.00,1240.00,670.00,246.00,16.00
E02000347,984.00,1025.00,423.00,137.00,13.00
E02000348,892.00,1009.00,556.00,232.00,36.00
E02000350,1665.00,1281.00,515.00,208.00,24.00
E02000351,2066.00,1394.00,570.00,186.00,17.00
E02000352,1306.00,838.00,387.00,144.00,10.00
E02000353,1662.00,962.00,368.00,153.00,11.00
E02000354,1628.00,1304.00,754.00,272.00,32.00
E02000355,1456.00,991.00,484.00,166.00,16.00
E02000356,1736.00,865.00,336.00,104.00,20.00
E02000357,930.00,994.00,582.00,196.00,19.00
E02000358,2230.00,1468.00,837.00,255.00,29.00
E02000359,1115.00,749.00,388.00,172.00,14.00
E02000360,1931.00,1601.00,903.00,385.00,31.00
E02000361,1668.00,1189.00,584.00,217.00,20.00
E02000362,1155.00,915.00,530.00,190.00,16.00
E02000363,1604.00,1625.00,830.00,358.00,24.00
E02000364,2031.00,1237.00,593.00,221.00,17.00
E02000366,1404.00,1162.00,645.00,304.00,24.00
E02000367,2390.00,1363.00,621.00,206.00,15.00
E02000368,1633.00,1336.00,835.00,317.00,31.00
E02000369,2878.00,1856.00,867.00,309.00,19.00
E02000370,1854.00,1278.00,586.00,247.00,26.00
E02006918,1212.00,1116.00,598.00,231.00,13.00
E02006921,896.00,1095.00,541.00,234.00,16.00
E02007108,1600.00,820.00,282.00,86.00,14.00
E02007109,1642.00,968.00,478.00,190.00,26.00
E02007110,1738.00,987.00,457.00,162.00,19.00
E02007111,1658.00,812.00,275.00,63.00,8.00
E02000372,1481.00,1400.00,720.00,254.00,21.00
E02000373,860.00,928.00,551.00,176.00,20.00
E02000374,1183.00,838.00,442.00,144.00,10.00
E02000375,1500.00,1218.00,570.00,181.00,28.00
E02000376,1432.00,1081.00,481.00,163.00,24.00
E02000377,1593.00,1093.00,546.00,181.00,31.00
E02000378,1593.00,1087.00,427.00,137.00,7.00
E02000379,1702.00,926.00,349.00,113.00,13.00
E02000380,1384.00,766.00,263.00,77.00,11.00
E02000381,1863.00,1106.00,412.00,144.00,23.00
E02000382,1519.00,825.00,293.00,117.00,18.00
E02000383,2087.00,1346.00,524.00,135.00,19.00
E02000384,1802.00,1201.00,572.00,209.00,21.00
E02000385,1638.00,849.00,270.00,78.00,13.00
E02000386,1360.00,1196.00,611.00,188.00,11.00
E02000387,1194.00,861.00,398.00,121.00,11.00
E02000388,2297.00,1204.00,471.00,149.00,13.00
E02000389,2147.00,1104.00,342.00,80.00,6.00
E02000390,1482.00,786.00,322.00,113.00,16.00
E02000391,1959.00,875.00,334.00,105.00,8.00
E02000392,2341.00,1108.00,438.00,137.00,15.00
E02000393,1715.00,633.00,185.00,47.00,8.00
E02000394,2385.00,1304.00,510.00,133.00,14.00
E02000395,1679.00,723.00,194.00,42.00,5.00
E02000396,1553.00,783.00,329.00,91.00,14.00
E02000397,1335.00,1210.00,657.00,235.00,35.00
E02000398,797.00,1047.00,715.00,280.00,42.00
E02000400,1370.00,1054.00,535.00,149.00,12.00
E02000401,823.00,832.00,577.00,228.00,17.00
E02000402,774.00,868.00,556.00,214.00,13.00
E02000403,1162.00,1101.00,531.00,175.00,21.00
E02000404,924.00,971.00,548.00,214.00,8.00
E02000405,1475.00,726.00,206.00,52.00,5.00
E02000406,1022.00,845.00,542.00,170.00,16.00
E02000407,995.00,1078.00,657.00,240.00,35.00
E02000408,982.00,1071.00,707.00,220.00,21.00
E02000409,810.00,864.00,495.00,183.00,18.00
E02000410,1561.00,813.00,200.00,32.00,8.00
E02000411,1606.00,1420.00,666.00,237.00,24.00
E02000412,989.00,1051.00,598.00,201.00,30.00
E02000413,1672.00,904.00,313.00,70.00,4.00
E02000414,1097.00,992.00,476.00,136.00,17.00
E02000415,1139.00,1014.00,506.00,154.00,22.00
E02000416,1929.00,1208.00,576.00,192.00,14.00
E02000417,1684.00,871.00,247.00,63.00,2.00
E02000418,1306.00,637.00,215.00,47.00,3.00
E02000419,1506.00,1262.00,622.00,210.00,45.00
E02000420,1303.00,1215.00,683.00,213.00,22.00
E02000421,1049.00,1146.00,696.00,232.00,17.00
E02000422,1006.00,1096.00,580.00,185.00,20.00
E02000423,1155.00,895.00,443.00,166.00,13.00
E02000424,1598.00,889.00,372.00,118.00,7.00
E02000425,742.00,880.00,404.00,117.00,20.00
E02000426,1612.00,765.00,276.00,86.00,3.00
E02000427,1313.00,979.00,435.00,122.00,18.00
E02000428,933.00,1098.00,662.00,217.00,12.00
E02000429,1899.00,958.00,269.00,69.00,6.00
E02000430,1864.00,973.00,306.00,94.00,10.00
E02000431,1760.00,786.00,235.00,56.00,8.00
E02000432,1428.00,862.00,363.00,134.00,12.00
E02006794,901.00,1193.00,761.00,243.00,29.00
E02000433,1797.00,1154.00,462.00,119.00,12.00
E02000434,1918.00,1148.00,444.00,114.00,14.00
E02000435,1261.00,955.00,471.00,120.00,5.00
E02000436,1225.00,622.00,167.00,29.00,1.00
E02000437,1385.00,1147.00,448.00,102.00,7.00
E02000438,1380.00,1074.00,479.00,103.00,7.00
E02000439,1273.00,1103.00,440.00,122.00,10.00
E02000440,1690.00,994.00,316.00,46.00,6.00
E02000441,1431.00,899.00,372.00,89.00,2.00
E02000442,1086.00,1059.00,436.00,81.00,5.00
E02000443,1457.00,1296.00,604.00,165.00,24.00
E02000444,1282.00,968.00,358.00,60.00,4.00
E02000445,1558.00,1397.00,680.00,168.00,17.00
E02000447,1479.00,908.00,292.00,61.00,5.00
E02000448,1591.00,846.00,251.00,58.00,13.00
E02000449,1032.00,969.00,412.00,108.00,5.00
E02000451,1369.00,740.00,196.00,22.00,2.00
E02000452,1585.00,1215.00,516.00,126.00,7.00
E02000453,1520.00,1056.00,369.00,90.00,12.00
E02000454,1586.00,720.00,195.00,21.00,0.00
E02000455,2460.00,1531.00,613.00,138.00,17.00
E02000456,1240.00,958.00,405.00,107.00,7.00
E02000457,1317.00,891.00,288.00,61.00,6.00
E02000459,1439.00,1283.00,528.00,160.00,8.00
E02000460,1114.00,814.00,364.00,115.00,8.00
E02000461,1438.00,796.00,261.00,56.00,8.00
E02000462,982.00,869.00,350.00,77.00,8.00
E02000463,1262.00,1017.00,435.00,114.00,6.00
E02006795,1365.00,930.00,311.00,36.00,1.00
E02006882,2158.00,1591.00,550.00,93.00,7.00
E02000464,1111.00,1021.00,547.00,176.00,20.00
E02000465,1389.00,1169.00,682.00,237.00,15.00
E02000466,1397.00,1186.00,547.00,155.00,9.00
E02000467,1358.00,1607.00,948.00,344.00,33.00
E02000468,1431.00,1149.00,480.00,98.00,7.00
E02000469,1032.00,981.00,526.00,148.00,12.00
E02000470,2179.00,1376.00,469.00,98.00,9.00
E02000471,1479.00,1053.00,355.00,54.00,0.00
E02000472,1688.00,1232.00,510.00,95.00,3.00
E02000473,2137.00,1315.00,484.00,82.00,7.00
E02000474,1582.00,1259.00,561.00,121.00,8.00
E02000475,2157.00,1249.00,457.00,94.00,1.00
E02000476,1956.00,1369.00,693.00,170.00,11.00
E02000477,2003.00,1226.00,420.00,63.00,4.00
E02000478,1133.00,715.00,269.00,32.00,1.00
E02000479,1873.00,1193.00,559.00,153.00,11.00
E02000480,2350.00,1703.00,754.00,195.00,10.00
E02000481,1588.00,1158.00,432.00,63.00,5.00
E02000482,1488.00,834.00,234.00,21.00,0.00
E02000483,1557.00,1292.00,534.00,81.00,9.00
E02000484,1650.00,1107.00,412.00,83.00,1.00
E02000485,1819.00,1172.00,417.00,47.00,0.00
E02000486,1420.00,1064.00,425.00,76.00,5.00
E02000487,1720.00,943.00,248.00,31.00,2.00
E02000488,1607.00,1008.00,353.00,45.00,1.00
E02000489,1509.00,1147.00,501.00,98.00,6.00
E02000490,1397.00,1187.00,531.00,107.00,4.00
E02000491,1685.00,1373.00,672.00,191.00,13.00
E02000492,1192.00,958.00,383.00,87.00,2.00
E02000493,1018.00,922.00,456.00,97.00,4.00
E02000494,1859.00,979.00,291.00,79.00,8.00
E02000495,2225.00,1434.00,513.00,127.00,7.00
E02000496,1538.00,1043.00,487.00,102.00,6.00
E02000497,1908.00,1168.00,492.00,118.00,9.00
E02000498,1362.00,865.00,324.00,84.00,4.00
E02000499,1698.00,973.00,301.00,38.00,4.00
E02000500,1857.00,1078.00,328.00,39.00,3.00
E02000501,1836.00,1062.00,315.00,57.00,3.00
E02000502,1993.00,1124.00,352.00,57.00,2.00
E02000503,1812.00,1050.00,337.00,53.00,2.00
E02000504,1793.00,855.00,249.00,24.00,0.00
E02000506,1681.00,891.00,268.00,59.00,0.00
E02000507,1402.00,917.00,369.00,83.00,8.00
E02000508,2271.00,1316.00,573.00,162.00,17.00
E02000509,1458.00,1222.00,550.00,161.00,11.00
E02000510,1535.00,1147.00,473.00,103.00,3.00
E02000511,1413.00,1239.00,493.00,108.00,9.00
E02000512,1209.00,1107.00,599.00,174.00,15.00
E02000513,1120.00,1324.00,667.00,195.00,17.00
E02000514,1261.00,1268.00,530.00,110.00,8.00
E02000515,2157.00,1954.00,932.00,273.00,29.00
E02000516,1121.00,1069.00,497.00,123.00,7.00
E02000517,1233.00,1227.00,649.00,188.00,24.00
E02000518,1259.00,1295.00,589.00,176.00,9.00
E02000519,951.00,1160.00,703.00,188.00,23.00
E02000520,1679.00,1631.00,898.00,234.00,13.00
E02000521,1855.00,1518.00,751.00,217.00,10.00
E02000522,1462.00,1239.00,592.00,173.00,22.00
E02000523,1418.00,1468.00,635.00,148.00,11.00
E02000524,965.00,1040.00,480.00,147.00,7.00
E02000525,1041.00,1347.00,705.00,206.00,21.00
E02006796,1766.00,1197.00,508.00,97.00,10.00
E02000526,2375.00,945.00,249.00,46.00,3.00
E02000529,1118.00,1169.00,582.00,153.00,13.00
E02000530,768.00,958.00,583.00,191.00,17.00
E02000531,2565.00,1518.00,622.00,199.00,32.00
E02000532,2191.00,1093.00,404.00,116.00,15.00
E02000533,2193.00,1020.00,356.00,105.00,15.00
E02000534,1611.00,994.00,345.00,47.00,2.00
E02000535,1119.00,1195.00,556.00,129.00,7.00
E02000536,1297.00,1222.00,585.00,132.00,9.00
E02000537,1500.00,1182.00,400.00,65.00,11.00
E02000538,1045.00,1176.00,618.00,149.00,16.00
E02000539,2380.00,1507.00,669.00,163.00,15.00
E02000540,1942.00,1604.00,727.00,182.00,31.00
E02000541,1046.00,1301.00,702.00,220.00,9.00
E02000542,1229.00,1648.00,810.00,243.00,23.00
E02000543,1854.00,1903.00,870.00,236.00,29.00
E02000544,1482.00,978.00,383.00,75.00,4.00
E02000545,1597.00,1143.00,628.00,169.00,11.00
E02000546,1169.00,1230.00,603.00,150.00,7.00
E02000547,1420.00,1494.00,745.00,181.00,14.00
E02000548,1348.00,1457.00,688.00,213.00,20.00
E02000549,1637.00,1557.00,708.00,165.00,16.00
E02000550,1492.00,1354.00,663.00,196.00,14.00
E02000551,1179.00,1279.00,742.00,190.00,25.00
E02000552,1503.00,1228.00,494.00,127.00,9.00
E02000553,1116.00,910.00,442.00,117.00,15.00
E02006792,2430.00,1208.00,380.00,118.00,11.00
E02006972,1131.00,729.00,355.00,109.00,10.00
E02006973,1669.00,1268.00,582.00,188.00,19.00
E02000554,1668.00,1413.00,786.00,306.00,29.00
E02000555,1885.00,1306.00,621.00,204.00,18.00
E02000556,2390.00,1477.00,726.00,320.00,35.00
E02000557,1869.00,1402.00,618.00,223.00,25.00
E02000558,1336.00,1400.00,840.00,359.00,22.00
E02000559,2305.00,1079.00,451.00,149.00,11.00
E02000560,1559.00,1067.00,505.00,133.00,11.00
E02000561,1713.00,956.00,351.00,123.00,15.00
E02000562,1775.00,1034.00,505.00,160.00,13.00
E02000563,1487.00,1304.00,765.00,275.00,27.00
E02000564,2878.00,1754.00,766.00,239.00,27.00
E02000565,1600.00,1041.00,599.00,242.00,15.00
E02000566,2223.00,1004.00,445.00,156.00,9.00
E02000567,2451.00,1406.00,728.00,277.00,32.00
E02000568,1911.00,1533.00,857.00,352.00,16.00
E02000569,2194.00,1402.00,739.00,250.00,16.00
E02000570,2359.00,1049.00,424.00,146.00,12.00
E02000571,2068.00,1185.00,596.00,254.00,19.00
E02000572,1285.00,1155.00,735.00,331.00,18.00
E02000573,2948.00,1260.00,512.00,188.00,13.00
E02000574,1839.00,1104.00,472.00,179.00,11.00
E02000575,2660.00,1487.00,722.00,278.00,24.00
E02000576,2254.00,1586.00,814.00,268.00,31.00
E02000577,1012.00,1123.00,693.00,313.00,35.00
E02000578,705.00,781.00,571.00,229.00,23.00
E02000579,1695.00,1232.00,618.00,240.00,35.00
E02000580,1657.00,1232.00,787.00,263.00,49.00
E02000581,936.00,1017.00,653.00,373.00,31.00
E02000582,1890.00,994.00,319.00,62.00,8.00
E02000583,1898.00,822.00,296.00,83.00,19.00
E02000584,2109.00,932.00,231.00,54.00,5.00
E02000585,1879.00,1007.00,361.00,119.00,20.00
E02000586,1909.00,781.00,155.00,36.00,0.00
E02000587,1967.00,804.00,203.00,50.00,3.00
E02000588,2068.00,766.00,192.00,43.00,8.00
E02000589,1997.00,1166.00,371.00,102.00,23.00
E02000590,1384.00,1066.00,417.00,163.00,19.00
E02000591,1479.00,1093.00,447.00,180.00,39.00
E02000592,1802.00,811.00,172.00,45.00,9.00
E02000593,1990.00,1188.00,355.00,134.00,17.00
E02000594,1825.00,786.00,238.00,60.00,13.00
E02000595,1796.00,832.00,263.00,113.00,25.00
E02000596,1935.00,819.00,225.00,76.00,18.00
E02000597,1242.00,993.00,552.00,184.00,29.00
E02000598,1840.00,850.00,236.00,42.00,3.00
E02000599,1485.00,683.00,151.00,30.00,2.00
E02000600,1923.00,1049.00,339.00,65.00,2.00
E02000601,2987.00,1327.00,435.00,100.00,9.00
E02000602,1915.00,1313.00,600.00,204.00,14.00
E02000603,1420.00,952.00,448.00,127.00,3.00
E02000604,2007.00,1107.00,371.00,70.00,4.00
E02000605,1778.00,932.00,339.00,63.00,3.00
E02000606,2840.00,1459.00,411.00,89.00,12.00
E02000607,1543.00,755.00,234.00,45.00,6.00
E02000608,1998.00,957.00,360.00,78.00,11.00
E02000609,1373.00,922.00,361.00,77.00,4.00
E02000610,2129.00,1185.00,431.00,117.00,9.00
E02000611,1565.00,831.00,221.00,31.00,2.00
E02000612,1803.00,944.00,292.00,36.00,3.00
E02000613,1841.00,953.00,313.00,80.00,8.00
E02000614,1750.00,1092.00,437.00,89.00,6.00
E02000615,1504.00,1036.00,356.00,57.00,4.00
E02000616,1344.00,776.00,227.00,38.00,0.00
E02000617,1594.00,1150.00,482.00,114.00,3.00
E02000619,1765.00,1352.00,710.00,211.00,16.00
E02000620,2288.00,1453.00,649.00,191.00,8.00
E02000621,3246.00,1838.00,697.00,202.00,24.00
E02000622,1778.00,1212.00,479.00,146.00,16.00
E02000623,1288.00,1239.00,613.00,175.00,13.00
E02000624,2101.00,1348.00,611.00,190.00,22.00
E02000625,1545.00,1469.00,590.00,172.00,19.00
E02000626,1236.00,1287.00,690.00,216.00,19.00
E02000627,1819.00,1309.00,605.00,176.00,8.00
E02000628,1875.00,1495.00,842.00,248.00,23.00
E02000629,2386.00,1064.00,397.00,163.00,6.00
E02000630,2018.00,966.00,329.00,99.00,18.00
E02000631,1897.00,1207.00,476.00,142.00,17.00
E02000632,2515.00,1231.00,397.00,110.00,8.00
E02000633,1826.00,1292.00,646.00,173.00,26.00
E02000634,1549.00,921.00,446.00,183.00,8.00
E02000635,2323.00,1206.00,602.00,188.00,18.00
E02000636,2020.00,783.00,231.00,44.00,1.00
E02000637,2044.00,1135.00,424.00,95.00,7.00
E02000638,1980.00,1362.00,600.00,155.00,10.00
E02000639,1619.00,1362.00,559.00,169.00,15.00
E02000640,2267.00,1033.00,398.00,95.00,13.00
E02000641,1346.00,1182.00,656.00,193.00,13.00
E02000642,2187.00,1269.00,536.00,174.00,6.00
E02000643,2117.00,1182.00,508.00,134.00,6.00
E02000644,1913.00,1102.00,360.00,113.00,8.00
E02000645,2092.00,1206.00,559.00,171.00,19.00
E02000646,2134.00,1175.00,456.00,127.00,13.00
E02000647,1775.00,1100.00,426.00,110.00,12.00
E02000648,1363.00,1025.00,606.00,183.00,11.00
E02000649,2593.00,1718.00,734.00,228.00,32.00
E02000650,1576.00,969.00,513.00,207.00,13.00
E02000651,1711.00,1166.00,477.00,111.00,14.00
E02000652,1206.00,907.00,349.00,77.00,3.00
E02006801,1969.00,1157.00,450.00,127.00,8.00
E02000653,2609.00,1615.00,796.00,255.00,18.00
E02000654,1373.00,1256.00,696.00,245.00,26.00
E02000655,1615.00,1481.00,697.00,196.00,18.00
E02000657,1907.00,1261.00,589.00,217.00,17.00
E02000658,1519.00,1173.00,547.00,203.00,16.00
E02000659,1916.00,1064.00,425.00,125.00,11.00
E02000660,1898.00,1136.00,440.00,121.00,8.00
E02000661,1627.00,931.00,354.00,121.00,14.00
E02000662,1521.00,1108.00,513.00,153.00,9.00
E02000663,1475.00,897.00,346.00,95.00,6.00
E02000665,1764.00,1044.00,470.00,128.00,10.00
E02000666,1371.00,876.00,377.00,104.00,8.00
E02000667,1455.00,713.00,291.00,62.00,3.00
E02000668,1540.00,780.00,322.00,84.00,1.00
E02000669,1675.00,1027.00,442.00,151.00,13.00
E02000670,1186.00,1005.00,447.00,132.00,11.00
E02000671,1979.00,1074.00,470.00,149.00,9.00
E02000672,1873.00,1382.00,599.00,288.00,58.00
E02000673,2025.00,1002.00,382.00,89.00,2.00
E02000674,1519.00,1042.00,389.00,99.00,8.00
E02000675,1706.00,1140.00,446.00,117.00,11.00
E02000676,1734.00,962.00,396.00,86.00,11.00
E02000677,1250.00,853.00,424.00,106.00,9.00
E02000678,1018.00,907.00,493.00,181.00,16.00
E02000679,1576.00,1077.00,517.00,183.00,22.00
E02000680,1388.00,963.00,415.00,131.00,16.00
E02000681,1363.00,1146.00,625.00,196.00,20.00
E02000682,1304.00,1140.00,580.00,173.00,20.00
E02000683,1153.00,862.00,522.00,177.00,10.00
E02000685,1565.00,1095.00,584.00,155.00,24.00
E02000686,1168.00,1057.00,576.00,222.00,21.00
E02000687,1635.00,1137.00,508.00,154.00,21.00
E02006783,1122.00,986.00,583.00,194.00,10.00
E02006784,1209.00,1025.00,668.00,203.00,20.00
E02006798,1542.00,1381.00,655.00,186.00,11.00
E02007008,1536.00,780.00,276.00,66.00,3.00
E02007009,1671.00,1384.00,698.00,208.00,26.00
E02000689,2322.00,872.00,251.00,58.00,9.00
E02000690,1471.00,594.00,132.00,22.00,6.00
E02000691,1888.00,771.00,258.00,36.00,4.00
E02000692,2340.00,946.00,236.00,44.00,2.00
E02000693,2554.00,1218.00,404.00,98.00,8.00
E02000694,2347.00,1020.00,370.00,91.00,6.00
E02000695,1459.00,997.00,407.00,69.00,7.00
E02000696,1529.00,1185.00,430.00,116.00,9.00
E02000697,2430.00,941.00,255.00,38.00,3.00
E02000698,2101.00,850.00,187.00,44.00,4.00
E02000699,2087.00,902.00,244.00,27.00,2.00
E02000700,1405.00,1167.00,606.00,168.00,12.00
E02000701,1327.00,1150.00,520.00,109.00,8.00
E02000702,1417.00,1226.00,546.00,164.00,13.00
E02000703,1759.00,890.00,247.00,35.00,5.00
E02000704,1997.00,1074.00,398.00,99.00,5.00
E02000705,1602.00,1028.00,403.00,76.00,8.00
E02000706,1397.00,1225.00,672.00,218.00,22.00
E02000707,1087.00,1048.00,484.00,155.00,4.00
E02000708,1948.00,932.00,319.00,56.00,0.00
E02000709,1600.00,909.00,308.00,51.00,1.00
E02000710,1449.00,1288.00,566.00,126.00,10.00
E02000711,1599.00,1200.00,508.00,141.00,10.00
E02000712,1418.00,1218.00,571.00,186.00,13.00
E02000713,1526.00,944.00,308.00,51.00,1.00
E02000714,1126.00,904.00,459.00,146.00,10.00
E02000715,600.00,838.00,463.00,178.00,11.00
E02000716,827.00,864.00,450.00,148.00,13.00
E02000717,706.00,953.00,538.00,183.00,15.00
E02000718,676.00,889.00,486.00,184.00,12.00
E02000719,1149.00,1043.00,495.00,173.00,11.00
E02000720,810.00,772.00,431.00,107.00,3.00
E02000721,842.00,1091.00,630.00,187.00,14.00
E02000722,1134.00,1056.00,553.00,181.00,11.00
E02000723,876.00,1112.00,641.00,220.00,12.00
E02000724,773.00,970.00,602.00,181.00,9.00
E02000725,1689.00,1384.00,705.00,201.00,22.00
E02000727,644.00,943.00,516.00,174.00,13.00
E02000728,788.00,910.00,513.00,125.00,6.00
E02000729,743.00,834.00,429.00,187.00,9.00
E02000730,752.00,992.00,610.00,201.00,11.00
E02000731,822.00,1141.00,592.00,203.00,12.00
E02000732,884.00,1039.00,593.00,215.00,21.00
E02000733,1199.00,1322.00,671.00,254.00,17.00
E02000734,838.00,951.00,521.00,172.00,13.00
E02000735,892.00,1013.00,550.00,177.00,27.00
E02000736,848.00,1044.00,559.00,193.00,10.00
E02000737,1025.00,1107.00,694.00,222.00,18.00
E02000738,1091.00,1045.00,495.00,146.00,9.00
E02000739,850.00,953.00,502.00,157.00,17.00
E02000740,851.00,955.00,509.00,162.00,18.00
E02000741,977.00,994.00,531.00,171.00,11.00
E02000742,877.00,988.00,497.00,156.00,7.00
E02000743,1318.00,1244.00,702.00,293.00,21.00
E02000744,1274.00,1214.00,617.00,203.00,18.00
E02000745,1078.00,1081.00,537.00,166.00,15.00
E02000746,1596.00,1081.00,524.00,184.00,11.00
E02000747,2718.00,1629.00,807.00,274.00,17.00
E02000748,857.00,811.00,410.00,122.00,9.00
E02000749,1159.00,1182.00,683.00,286.00,20.00
E02006995,2179.00,727.00,247.00,80.00,4.00
E02006996,1771.00,907.00,371.00,101.00,8.00
E02006997,1832.00,977.00,306.00,107.00,7.00
E02006998,1037.00,1011.00,450.00,159.00,11.00
E02006999,3288.00,1321.00,338.00,99.00,3.00
E02000751,2512.00,1380.00,459.00,82.00,5.00
E02000752,1410.00,1087.00,572.00,175.00,22.00
E02000753,1025.00,864.00,425.00,154.00,6.00
E02000754,1378.00,792.00,346.00,74.00,2.00
E02000755,1081.00,750.00,273.00,78.00,4.00
E02000756,2586.00,1772.00,712.00,179.00,9.00
E02000757,2978.00,1590.00,494.00,106.00,11.00
E02000758,1035.00,828.00,347.00,101.00,5.00
E02000759,2502.00,1600.00,566.00,137.00,13.00
E02000760,1128.00,957.00,432.00,109.00,3.00
E02000762,1006.00,748.00,305.00,46.00,3.00
E02000763,1197.00,884.00,397.00,92.00,7.00
E02000764,3056.00,1637.00,552.00,113.00,10.00
E02000765,1119.00,903.00,328.00,66.00,10.00
E02000767,1340.00,974.00,369.00,81.00,4.00
E02000768,1319.00,668.00,176.00,40.00,2.00
E02000770,1030.00,928.00,407.00,112.00,12.00
E02000772,1037.00,958.00,415.00,121.00,7.00
E02000773,1405.00,1039.00,469.00,178.00,22.00
E02000774,988.00,922.00,425.00,118.00,6.00
E02000776,862.00,766.00,364.00,83.00,6.00
E02000777,1244.00,739.00,271.00,64.00,8.00
E02000779,879.00,1149.00,572.00,155.00,21.00
E02000781,1904.00,1590.00,755.00,168.00,11.00
E02000782,1390.00,1320.00,665.00,188.00,14.00
E02000783,708.00,808.00,451.00,140.00,8.00
E02006800,1789.00,1758.00,756.00,199.00,12.00
E02006924,1816.00,1508.00,644.00,122.00,6.00
E02006925,1998.00,1487.00,568.00,132.00,3.00
E02007017,1294.00,986.00,393.00,87.00,3.00
E02007018,1129.00,898.00,381.00,112.00,6.00
E02007019,856.00,945.00,461.00,132.00,10.00
E02007020,997.00,1020.00,569.00,129.00,9.00
E02000784,2610.00,1102.00,360.00,98.00,6.00
E02000785,2798.00,1077.00,246.00,39.00,2.00
E02000786,3121.00,1300.00,414.00,104.00,5.00
E02000787,3118.00,1409.00,500.00,136.00,11.00
E02000788,2338.00,1010.00,220.00,46.00,10.00
E02000789,1790.00,770.00,216.00,58.00,8.00
E02000790,1856.00,687.00,137.00,22.00,2.00
E02000791,1973.00,790.00,170.00,32.00,4.00
E02000792,1988.00,867.00,203.00,42.00,0.00
E02000793,1671.00,1019.00,348.00,89.00,7.00
E02000794,1773.00,789.00,167.00,28.00,2.00
E02000795,1645.00,700.00,198.00,43.00,2.00
E02000796,1851.00,1374.00,608.00,137.00,11.00
E02000797,2254.00,910.00,265.00,47.00,1.00
E02000798,2591.00,1226.00,381.00,122.00,4.00
E02000799,1555.00,640.00,214.00,29.00,1.00
E02000800,1154.00,647.00,254.00,85.00,17.00
E02000801,1940.00,827.00,203.00,47.00,4.00
E02000802,1849.00,843.00,227.00,53.00,4.00
E02000803,2021.00,1325.00,564.00,179.00,7.00
E02000804,2001.00,850.00,260.00,52.00,6.00
E02000805,2793.00,1303.00,425.00,108.00,4.00
E02000806,2571.00,1180.00,413.00,82.00,10.00
E02000807,2246.00,1052.00,340.00,93.00,5.00
E02000808,2727.00,1300.00,520.00,139.00,10.00
E02000810,2606.00,1725.00,766.00,281.00,17.00
E02000812,2094.00,1471.00,708.00,244.00,16.00
E02000813,2065.00,1491.00,669.00,241.00,17.00
E02000814,2635.00,1345.00,477.00,121.00,11.00
E02000815,1731.00,1020.00,365.00,111.00,6.00
E02000816,1712.00,1409.00,732.00,272.00,21.00
E02000817,986.00,1082.00,603.00,241.00,14.00
E02000818,2168.00,1415.00,677.00,213.00,16.00
E02000819,1267.00,1295.00,721.00,248.00,24.00
E02000820,1928.00,1387.00,677.00,224.00,12.00
E02000821,1108.00,1187.00,646.00,183.00,8.00
E02000822,979.00,1082.00,525.00,174.00,13.00
E02000823,1500.00,1254.00,661.00,205.00,14.00
E02000824,1349.00,1411.00,779.00,236.00,16.00
E02000825,1458.00,1415.00,748.00,256.00,14.00
E02000826,1785.00,1315.00,683.00,226.00,14.00
E02000827,2057.00,1864.00,831.00,254.00,13.00
E02000828,1405.00,1261.00,710.00,207.00,11.00
E02000829,2004.00,1554.00,851.00,295.00,33.00
E02000830,2033.00,1136.00,461.00,124.00,9.00
E02000831,2149.00,1215.00,525.00,154.00,9.00
E02000832,1742.00,1333.00,757.00,254.00,14.00
E02000833,1472.00,970.00,450.00,143.00,11.00
E02000834,2422.00,1093.00,455.00,124.00,9.00
E02000835,1635.00,888.00,395.00,100.00,12.00
E02000836,2066.00,880.00,307.00,80.00,4.00
E02000837,2058.00,854.00,187.00,49.00,2.00
E02000838,2209.00,1149.00,435.00,122.00,11.00
E02000839,1877.00,1029.00,385.00,133.00,4.00
E02006802,2000.00,1255.00,500.00,171.00,12.00
E02006941,2064.00,762.00,132.00,26.00,1.00
E02006942,1969.00,920.00,343.00,122.00,10.00
E02000840,1296.00,1193.00,717.00,254.00,15.00
E02000841,1204.00,1231.00,647.00,205.00,14.00
E02000842,1511.00,1042.00,330.00,74.00,1.00
E02000843,2193.00,1205.00,454.00,120.00,9.00
E02000844,1456.00,1085.00,519.00,150.00,7.00
E02000845,2048.00,1107.00,369.00,80.00,4.00
E02000846,1483.00,924.00,332.00,47.00,0.00
E02000847,2001.00,1180.00,433.00,64.00,4.00
E02000848,1606.00,962.00,294.00,50.00,3.00
E02000849,1617.00,1112.00,418.00,96.00,8.00
E02000850,2121.00,1333.00,514.00,115.00,6.00
E02000851,2264.00,1787.00,750.00,205.00,29.00
E02000852,1702.00,1101.00,367.00,76.00,4.00
E02000853,1683.00,1025.00,398.00,93.00,3.00
E02000854,1750.00,929.00,322.00,74.00,10.00
E02000855,1821.00,1032.00,304.00,53.00,2.00
E02000856,1990.00,1292.00,421.00,87.00,10.00
E02000857,2145.00,1370.00,460.00,95.00,10.00
E02000858,1194.00,1178.00,680.00,245.00,12.00
E02000859,1762.00,1189.00,428.00,103.00,7.00
E02000860,1885.00,1428.00,621.00,159.00,26.00
E02000861,1763.00,863.00,213.00,24.00,0.00
E02000863,1372.00,755.00,256.00,41.00,1.00
E02006836,2024.00,934.00,216.00,37.00,1.00
E02000864,2192.00,1323.00,816.00,307.00,26.00
E02000865,1135.00,911.00,576.00,248.00,24.00
E02000866,1982.00,1293.00,657.00,208.00,12.00
E02000867,2433.00,1513.00,678.00,221.00,26.00
E02000868,1324.00,888.00,402.00,160.00,11.00
E02000869,1106.00,797.00,408.00,193.00,20.00
E02000870,915.00,878.00,455.00,160.00,14.00
E02000871,1719.00,1410.00,807.00,273.00,19.00
E02000872,1491.00,979.00,522.00,184.00,18.00
E02000873,1183.00,969.00,525.00,233.00,11.00
E02000874,934.00,842.00,502.00,222.00,24.00
E02000875,2086.00,1639.00,890.00,425.00,39.00
E02000876,1094.00,949.00,492.00,221.00,21.00
E02000877,2169.00,1590.00,836.00,302.00,16.00
E02000878,1900.00,1242.00,603.00,245.00,21.00
E02000879,1077.00,1060.00,681.00,221.00,10.00
E02000880,809.00,828.00,465.00,163.00,16.00
E02000881,1604.00,1237.00,708.00,296.00,7.00
E02000882,1462.00,1252.00,763.00,315.00,16.00
E02000883,1016.00,1057.00,667.00,275.00,15.00
E02000884,2635.00,1661.00,611.00,186.00,22.00
E02000885,760.00,857.00,534.00,223.00,17.00
E02000886,1937.00,1120.00,559.00,194.00,15.00
E02000887,1551.00,1344.00,749.00,283.00,21.00
E02000888,1629.00,1072.00,467.00,174.00,10.00
E02000889,2065.00,1195.00,407.00,131.00,10.00
E02000890,1826.00,753.00,245.00,63.00,4.00
E02000893,1315.00,983.00,491.00,175.00,25.00
E02000894,2394.00,1389.00,530.00,143.00,7.00
E02006853,2744.00,1531.00,551.00,196.00,17.00
E02006854,2247.00,940.00,240.00,98.00,3.00
E02007112,1763.00,898.00,180.00,72.00,2.00
E02007113,1907.00,940.00,304.00,112.00,5.00
E02007114,1532.00,993.00,363.00,135.00,9.00
E02000895,1407.00,1133.00,585.00,144.00,8.00
E02000896,2015.00,1279.00,451.00,86.00,7.00
E02000897,1439.00,1125.00,602.00,188.00,15.00
E02000898,1401.00,1076.00,564.00,141.00,19.00
E02000899,1463.00,1106.00,525.00,122.00,10.00
E02000900,1297.00,1117.00,532.00,162.00,11.00
E02000901,2101.00,1168.00,466.00,107.00,10.00
E02000902,1621.00,1234.00,508.00,143.00,12.00
E02000903,1425.00,1151.00,665.00,207.00,17.00
E02000904,1618.00,996.00,385.00,106.00,2.00
E02000905,1782.00,1228.00,492.00,119.00,9.00
E02000906,1739.00,1171.00,554.00,155.00,8.00
E02000907,1505.00,1453.00,803.00,284.00,23.00
E02000908,2645.00,1684.00,708.00,190.00,13.00
E02000909,1821.00,1112.00,491.00,133.00,12.00
E02000910,2119.00,1444.00,662.00,161.00,20.00
E02000911,2232.00,1580.00,809.00,211.00,16.00
E02000912,1437.00,1089.00,557.00,179.00,11.00
E02000913,1354.00,1094.00,538.00,113.00,15.00
E02000914,1370.00,1431.00,873.00,276.00,25.00
E02000915,1586.00,1117.00,450.00,122.00,8.00
E02000916,1788.00,1389.00,625.00,161.00,19.00
E02000917,1765.00,1189.00,528.00,160.00,8.00
E02000918,1498.00,1157.00,553.00,186.00,14.00
E02000919,1543.00,1160.00,512.00,131.00,11.00
E02000920,1531.00,1365.00,689.00,217.00,14.00
E02000921,1500.00,1471.00,823.00,238.00,26.00
E02000922,1574.00,1269.00,614.00,160.00,18.00
E02000923,2092.00,994.00,307.00,70.00,6.00
E02000925,1582.00,1054.00,535.00,171.00,21.00
E02000926,3486.00,1483.00,471.00,103.00,9.00
E02000927,1674.00,945.00,453.00,152.00,11.00
E02000928,2379.00,913.00,263.00,59.00,0.00
E02000929,1441.00,1086.00,693.00,242.00,33.00
E02000930,2725.00,1061.00,378.00,88.00,10.00
E02000931,2456.00,781.00,197.00,46.00,7.00
E02000932,4144.00,1329.00,365.00,83.00,7.00
E02000933,2444.00,1086.00,319.00,77.00,6.00
E02000934,2654.00,1092.00,339.00,95.00,16.00
E02000935,831.00,923.00,498.00,170.00,13.00
E02000936,2644.00,1243.00,376.00,109.00,12.00
E02000937,2112.00,753.00,200.00,57.00,5.00
E02000938,2181.00,1336.00,627.00,179.00,22.00
E02000939,1962.00,664.00,174.00,31.00,4.00
E02000940,2419.00,1192.00,443.00,148.00,12.00
E02000941,2577.00,1094.00,372.00,88.00,8.00
E02000942,2472.00,1021.00,270.00,43.00,10.00
E02000943,2467.00,944.00,300.00,89.00,10.00
E02000944,1346.00,953.00,436.00,140.00,16.00
E02000945,1047.00,1004.00,533.00,163.00,17.00
E02000946,1841.00,825.00,327.00,107.00,4.00
E02000947,2596.00,948.00,294.00,72.00,7.00
E02000948,2790.00,1152.00,353.00,82.00,5.00
E02000949,2852.00,1066.00,276.00,56.00,5.00
E02000950,1727.00,953.00,324.00,96.00,10.00
E02000951,1608.00,799.00,319.00,83.00,13.00
E02000952,1482.00,761.00,303.00,102.00,6.00
E02000953,2095.00,765.00,264.00,80.00,7.00
E02000954,1287.00,614.00,275.00,59.00,12.00
E02000955,1363.00,798.00,376.00,131.00,8.00
E02000956,1468.00,980.00,417.00,161.00,7.00
E02000957,2351.00,1301.00,588.00,166.00,14.00
E02000958,1471.00,953.00,401.00,83.00,9.00
E02000959,1475.00,1012.00,459.00,144.00,14.00
E02007083,2737.00,1054.00,251.00,60.00,4.00
E02007084,1905.00,1338.00,652.00,224.00,17.00
E02000960,1617.00,800.00,278.00,71.00,16.00
E02000961,2093.00,1220.00,509.00,221.00,25.00
E02000962,2009.00,1153.00,491.00,188.00,16.00
E02000963,1447.00,1360.00,869.00,437.00,21.00
E02000964,2115.00,1746.00,994.00,454.00,48.00
E02000965,2063.00,1016.00,385.00,142.00,16.00
E02000966,2386.00,1139.00,378.00,183.00,24.00
E02000967,1893.00,834.00,238.00,47.00,2.00
E02000968,1496.00,1835.00,1439.00,760.00,87.00
E02000969,1227.00,1198.00,850.00,385.00,58.00
E02000970,2264.00,1009.00,232.00,48.00,2.00
E02000971,2146.00,1062.00,365.00,123.00,28.00
E02000972,2154.00,1400.00,504.00,159.00,37.00
E02000973,2458.00,1490.00,597.00,219.00,33.00
E02000974,2136.00,1177.00,452.00,183.00,33.00
E02000975,2071.00,1236.00,363.00,108.00,22.00
E02000976,2130.00,1367.00,527.00,160.00,29.00
E02000977,1977.00,972.00,363.00,100.00,23.00
E02000978,1965.00,665.00,113.00,20.00,1.00
E02000979,2218.00,1116.00,423.00,142.00,28.00
E02000980,1933.00,1370.00,711.00,268.00,42.00
E02000981,2348.00,1213.00,426.00,153.00,15.00
E02000982,1790.00,1205.00,580.00,228.00,42.00
E02000983,1605.00,1254.00,637.00,227.00,34.00
