Crime ID,Month,Reported by,Falls within,Longitude,Latitude,Location,LSOA code,LSOA name,Crime type,Last outcome category,Context
2a2a5dcdea43291d8423faf51f126682a3ec0952f056d13ebac988922a1362ce,2021-02,City of London Police,City of London Police,-0.126437,51.541936,On or near Broadfield Lane,E01000868,Camden 015D,Other crime,Status update unavailable,
dcacb2a19ba6419566086470e7daaf9adc097051b780346e86cb962748a27185,2021-02,City of London Police,City of London Police,-0.109582,51.522017,On or near Clerkenwell Road,E01000916,Camden 027B,Drugs,Awaiting court outcome,
,2021-02,City of London Police,City of London Police,-0.097601,51.520699,On or near Carthusian Street,E01000001,City of London 001A,Anti-social behaviour,,
,2021-02,City of London Police,City of London Police,-0.098642,51.517146,On or near Little Britain,E01000001,City of London 001A,Anti-social behaviour,,
8ee0487efa801d8b9595b1593e2e8c711cbf828b3fdf9a0d3a9acd61006cb03c,2021-02,City of London Police,City of London Police,-0.095892,51.516391,On or near Noble Street,E01000001,City of London 001A,Vehicle crime,Investigation complete; no suspect identified,
914c24e0c0b7f20bb2f308eb9e697c75e2341fe02cb989912a4141b8f35e1bbf,2021-02,City of London Police,City of London Police,-0.097562,51.518864,On or near Parking Area,E01000001,City of London 001A,Vehicle crime,Status update unavailable,
,2021-02,City of London Police,City of London Police,-0.095026,51.518499,On or near Park/Open Space,E01000002,City of London 001B,Anti-social behaviour,,
,2021-02,City of London Police,City of London Police,-0.088621,51.518619,On or near Moorfields,E01000002,City of London 001B,Anti-social behaviour,,
,2021-02,City of London Police,City of London Police,-0.093845,51.518462,On or near Park/Open Space,E01000002,City of London 001B,Anti-social behaviour,,
,2021-02,City of London Police,City of London Police,-0.094747,51.518620,On or near Park/Open Space,E01000002,City of London 001B,Anti-social behaviour,,
,2021-02,City of London Police,City of London Police,-0.094546,51.520658,On or near Beech Street,E01000002,City of London 001B,Anti-social behaviour,,
,2021-02,City of London Police,City of London Police,-0.092628,51.517920,On or near St Alphage Garden,E01000002,City of London 001B,Anti-social behaviour,,
,2021-02,City of London Police,City of London Police,-0.092628,51.517920,On or near St Alphage Garden,E01000002,City of London 001B,Anti-social behaviour,,
,2021-02,City of London Police,City of London Police,-0.093933,51.519812,On or near Conference/Exhibition Centre,E01000002,City of London 001B,Anti-social behaviour,,
7d05202689eb037bc9797d8d8cf1e24c98707e8043e5bc1e9d9b1e945fb7598a,2021-02,City of London Police,City of London Police,-0.092297,51.518949,On or near Park/Open Space,E01000002,City of London 001B,Criminal damage and arson,Unable to prosecute suspect,
95e27f4a0b13e7366d4b8f86f954c53da085db11f7966b480a33a82231ef6cc3,2021-02,City of London Police,City of London Police,-0.093948,51.518077,On or near Monkwell Square,E01000002,City of London 001B,Criminal damage and arson,Investigation complete; no suspect identified,
83ade10ee96bff15bfa5606d079240cb3b038430071c77a2c3d072138b1e2855,2021-02,City of London Police,City of London Police,-0.094747,51.518620,On or near Park/Open Space,E01000002,City of London 001B,Drugs,Offender given a drugs possession warning,
73141c6589e73b813deda6d68b6fee5dc4c658d8fb359a15355faac48c339be1,2021-02,City of London Police,City of London Police,-0.094747,51.518620,On or near Park/Open Space,E01000002,City of London 001B,Drugs,Offender given a caution,
d939fcbe7d4cea187b02620088776eebddfaf52b15511df987eb46118c73cafb,2021-02,City of London Police,City of London Police,-0.093933,51.519812,On or near Conference/Exhibition Centre,E01000002,City of London 001B,Drugs,Offender given a drugs possession warning,
2c5e88f34f903939aa7fc8aa2bae6c4d680bb24ec3305f1fd086486d05173e58,2021-02,City of London Police,City of London Police,-0.092517,51.520580,On or near Whitecross Street,E01000002,City of London 001B,Drugs,Offender given a drugs possession warning,
637bef151d8cc9efe721e3881a13c5866a8f53722db911a3e122fc6fece16395,2021-02,City of London Police,City of London Police,-0.093558,51.516703,On or near Police Station,E01000002,City of London 001B,Other theft,Investigation complete; no suspect identified,
61589a11d9c8029e3711c2528fca191bd89d865695552c50f34e2423703e519e,2021-02,City of London Police,City of London Police,-0.092517,51.520580,On or near Whitecross Street,E01000002,City of London 001B,Other theft,Investigation complete; no suspect identified,
55b85b960b78edd39a70f902ec9eb6e8dbe4fcf587be37d99e1ef7a9c810a6c7,2021-02,City of London Police,City of London Police,-0.093558,51.516703,On or near Police Station,E01000002,City of London 001B,Other theft,Investigation complete; no suspect identified,
ffbed1b79bc6fa50f2b9090690037853516538772d876491fcacecd852398fe2,2021-02,City of London Police,City of London Police,-0.092517,51.520580,On or near Whitecross Street,E01000002,City of London 001B,Robbery,Unable to prosecute suspect,
760e5ee8dadc34089067301bb81fef8c4b0ab3d7d993416a6298e16b977f7b7e,2021-02,City of London Police,City of London Police,-0.092297,51.518949,On or near Park/Open Space,E01000002,City of London 001B,Violence and sexual offences,Unable to prosecute suspect,
,2021-02,City of London Police,City of London Police,-0.094033,51.520875,On or near Shopping Area,E01000003,City of London 001C,Anti-social behaviour,,
,2021-02,City of London Police,City of London Police,-0.094033,51.520875,On or near Shopping Area,E01000003,City of London 001C,Anti-social behaviour,,
,2021-02,City of London Police,City of London Police,-0.094033,51.520875,On or near Shopping Area,E01000003,City of London 001C,Anti-social behaviour,,
,2021-02,City of London Police,City of London Police,-0.096114,51.520747,On or near Park/Open Space,E01000003,City of London 001C,Anti-social behaviour,,
,2021-02,City of London Police,City of London Police,-0.094033,51.520875,On or near Shopping Area,E01000003,City of London 001C,Anti-social behaviour,,
,2021-02,City of London Police,City of London Police,-0.094033,51.520875,On or near Shopping Area,E01000003,City of London 001C,Anti-social behaviour,,
,2021-02,City of London Police,City of London Police,-0.094033,51.520875,On or near Shopping Area,E01000003,City of London 001C,Anti-social behaviour,,
,2021-02,City of London Police,City of London Police,-0.096114,51.520747,On or near Park/Open Space,E01000003,City of London 001C,Anti-social behaviour,,
460c65ce7bc7f307b9dba3831b56e524b25acd64b69a54e1cfe4750b4a4b8964,2021-02,City of London Police,City of London Police,-0.094468,51.521853,On or near Golden Lane,E01000003,City of London 001C,Possession of weapons,Awaiting court outcome,
,2021-02,City of London Police,City of London Police,-0.073152,51.512206,On or near Mansell Street,E01000005,City of London 001E,Anti-social behaviour,,
,2021-02,City of London Police,City of London Police,-0.077596,51.515849,On or near Artizan Street,E01000005,City of London 001E,Anti-social behaviour,,
8f9e58581e2f3de7d97bd63d41742b5b8297c9a649e85a1316d3fa155d3118ba,2021-02,City of London Police,City of London Police,-0.076459,51.513061,On or near Further/Higher Educational Building,E01000005,City of London 001E,Bicycle theft,Investigation complete; no suspect identified,
56efaa4d1828f959caf5d22215200d0d5c3ceed75e1e6700f00ff21e4546efa7,2021-02,City of London Police,City of London Police,-0.076080,51.511445,On or near America Square,E01000005,City of London 001E,Bicycle theft,Investigation complete; no suspect identified,
b9f81459985fa0ad9addeeca6c740735e3038d530b3c200557a4e255bd10ec59,2021-02,City of London Police,City of London Police,-0.073515,51.510414,On or near Parking Area,E01000005,City of London 001E,Bicycle theft,Investigation complete; no suspect identified,
4549f4692e3230e8c52a80506d7a7784a5a44d0702f5c1761daaedcbab360a40,2021-02,City of London Police,City of London Police,-0.073515,51.510414,On or near Parking Area,E01000005,City of London 001E,Criminal damage and arson,Investigation complete; no suspect identified,
65a6d33392b59a8933727eaf8bcbea36d916dfaeb4b484250555fb84ff53b422,2021-02,City of London Police,City of London Police,-0.076270,51.515504,On or near Gravel Lane,E01000005,City of London 001E,Criminal damage and arson,Investigation complete; no suspect identified,
cae4e75a091d3e3272ca6280c4dd5da3dca013661a54e1566f167713b2c6f624,2021-02,City of London Police,City of London Police,-0.076095,51.512462,On or near Vine Street,E01000005,City of London 001E,Drugs,Offender given a caution,
52cf14b1d416e2058a7b31f0254c85fb10683b21f893f07a68b5ccd954498f10,2021-02,City of London Police,City of London Police,-0.078806,51.516193,On or near Devonshire Square,E01000005,City of London 001E,Public order,Court result unavailable,
ce38d694e2303ccacb2dd69eca0ad8e242f27cd832b01cf6b348f6cdaba87e24,2021-02,City of London Police,City of London Police,-0.073152,51.512206,On or near Mansell Street,E01000005,City of London 001E,Public order,Investigation complete; no suspect identified,
26b580c3305f8563adc2244ce953085e5de37da6f19f09e977ebf82a931e5091,2021-02,City of London Police,City of London Police,-0.075146,51.513435,On or near Bus/Coach Station,E01000005,City of London 001E,Public order,Awaiting court outcome,
8f3816be2a10f1312366bd81f5a9fe31945ef5aae7f242fb415e608d349b43ec,2021-02,City of London Police,City of London Police,-0.075508,51.514763,On or near Pedestrian Subway,E01000005,City of London 001E,Robbery,Investigation complete; no suspect identified,
5521fcc650a870997d778ffad27098835152c825615256b07f9ffa7e6147bda9,2021-02,City of London Police,City of London Police,-0.074958,51.514151,On or near Aldgate High Street,E01000005,City of London 001E,Robbery,Investigation complete; no suspect identified,
bdae0c80fba708bce3737daacc30e884d3682ef0a80a69bac7a07d317e19932c,2021-02,City of London Police,City of London Police,-0.076095,51.512462,On or near Vine Street,E01000005,City of London 001E,Theft from the person,Investigation complete; no suspect identified,
a2b235511ee044af113f775e2bdcaa2c2f9ea932c5bff828a1490a5d436a8bf1,2021-02,City of London Police,City of London Police,-0.076095,51.512462,On or near Vine Street,E01000005,City of London 001E,Vehicle crime,Investigation complete; no suspect identified,
629cde26dce599207cd141228b659eebdde1f6be1cd117923611beab5613b9ce,2021-02,City of London Police,City of London Police,-0.073152,51.512206,On or near Mansell Street,E01000005,City of London 001E,Violence and sexual offences,Status update unavailable,
f5bc9a039cc23f7fa4ea9612b7e201995071d204fdcf3b8441e3502b78029e65,2021-02,City of London Police,City of London Police,-0.075722,51.511053,On or near Crescent,E01000005,City of London 001E,Violence and sexual offences,Unable to prosecute suspect,
b593edbf4b15a1f69e12622d7f420303d2367242e58c2a0c6f817647a03ec084,2021-02,City of London Police,City of London Police,-0.073152,51.512206,On or near Mansell Street,E01000005,City of London 001E,Violence and sexual offences,Status update unavailable,
,2021-02,City of London Police,City of London Police,-0.081620,51.516814,On or near Alderman'S Walk,E01032739,City of London 001F,Anti-social behaviour,,
,2021-02,City of London Police,City of London Police,-0.104494,51.509848,On or near A201,E01032739,City of London 001F,Anti-social behaviour,,
,2021-02,City of London Police,City of London Police,-0.085086,51.515621,On or near Austin Friars Square,E01032739,City of London 001F,Anti-social behaviour,,
,2021-02,City of London Police,City of London Police,-0.080782,51.514804,On or near St Mary Axe,E01032739,City of London 001F,Anti-social behaviour,,
,2021-02,City of London Police,City of London Police,-0.101395,51.510913,On or near Blackfriars Underpass,E01032739,City of London 001F,Anti-social behaviour,,
,2021-02,City of London Police,City of London Police,-0.080034,51.513389,On or near Leadenhall Street,E01032739,City of London 001F,Anti-social behaviour,,
,2021-02,City of London Police,City of London Police,-0.087780,51.508066,On or near Borough High Street,E01032739,City of London 001F,Anti-social behaviour,,
,2021-02,City of London Police,City of London Police,-0.087780,51.508066,On or near Borough High Street,E01032739,City of London 001F,Anti-social behaviour,,
,2021-02,City of London Police,City of London Police,-0.084967,51.512598,On or near Bell Inn Yard,E01032739,City of London 001F,Anti-social behaviour,,
,2021-02,City of London Police,City of London Police,-0.081540,51.510806,On or near Mincing Lane,E01032739,City of London 001F,Anti-social behaviour,,
,2021-02,City of London Police,City of London Police,-0.091151,51.516026,On or near Basinghall Street,E01032739,City of London 001F,Anti-social behaviour,,
,2021-02,City of London Police,City of London Police,-0.092077,51.512147,On or near Tower Royal,E01032739,City of London 001F,Anti-social behaviour,,
,2021-02,City of London Police,City of London Police,-0.080782,51.514804,On or near St Mary Axe,E01032739,City of London 001F,Anti-social behaviour,,
,2021-02,City of London Police,City of London Police,-0.081620,51.516814,On or near Alderman'S Walk,E01032739,City of London 001F,Anti-social behaviour,,
,2021-02,City of London Police,City of London Police,-0.092865,51.510182,On or near Parking Area,E01032739,City of London 001F,Anti-social behaviour,,
,2021-02,City of London Police,City of London Police,-0.092865,51.510182,On or near Parking Area,E01032739,City of London 001F,Anti-social behaviour,,
,2021-02,City of London Police,City of London Police,-0.094231,51.511984,On or near Great Trinity Lane,E01032739,City of London 001F,Anti-social behaviour,,
,2021-02,City of London Police,City of London Police,-0.104001,51.513051,On or near Apothecary Street,E01032739,City of London 001F,Anti-social behaviour,,
,2021-02,City of London Police,City of London Police,-0.082811,51.510054,On or near Idol Lane,E01032739,City of London 001F,Anti-social behaviour,,
,2021-02,City of London Police,City of London Police,-0.088203,51.518262,On or near Moorgate,E01032739,City of London 001F,Anti-social behaviour,,
,2021-02,City of London Police,City of London Police,-0.084980,51.516078,On or near Great Winchester Street,E01032739,City of London 001F,Anti-social behaviour,,
,2021-02,City of London Police,City of London Police,-0.101959,51.513297,On or near Carter Lane,E01032739,City of London 001F,Anti-social behaviour,,
,2021-02,City of London Police,City of London Police,-0.087780,51.508066,On or near Borough High Street,E01032739,City of London 001F,Anti-social behaviour,,
,2021-02,City of London Police,City of London Police,-0.082571,51.514753,On or near Great St Helen'S,E01032739,City of London 001F,Anti-social behaviour,,
,2021-02,City of London Police,City of London Police,-0.092865,51.510182,On or near Parking Area,E01032739,City of London 001F,Anti-social behaviour,,
,2021-02,City of London Police,City of London Police,-0.082965,51.516351,On or near Wormwood Street,E01032739,City of London 001F,Anti-social behaviour,,
,2021-02,City of London Police,City of London Police,-0.080389,51.512820,On or near Billiter Street,E01032739,City of London 001F,Anti-social behaviour,,
02c1bd5a43a15f4e905c1a0f47bb424df9b01eb68989a2ad29fc108fa10d0c40,2021-02,City of London Police,City of London Police,-0.084251,51.520059,On or near Sun Street,E01032739,City of London 001F,Bicycle theft,Offender given a caution,
9b4bd3602c5b403ae51c94957ef3b7f8b47da5788bfe71b0b2fe2434661e49b7,2021-02,City of London Police,City of London Police,-0.094231,51.511984,On or near Great Trinity Lane,E01032739,City of London 001F,Burglary,Investigation complete; no suspect identified,
d62fcf7050458a13e9bc5eee12eb5d1ef31a64e621e222045bf59571a9b58091,2021-02,City of London Police,City of London Police,-0.093465,51.514463,On or near Russia Row,E01032739,City of London 001F,Burglary,Unable to prosecute suspect,
5225132e6710a5dccc68cccdc4fdfd11bcaf0b4669a312a8d22a6b22b5caf71e,2021-02,City of London Police,City of London Police,-0.081620,51.516814,On or near Alderman'S Walk,E01032739,City of London 001F,Criminal damage and arson,Investigation complete; no suspect identified,
7803bee4e5c80bf83b970af5d8d3e34419ff6748509421136efac6b51b1fdf4a,2021-02,City of London Police,City of London Police,-0.084095,51.516900,On or near New Broad Street,E01032739,City of London 001F,Criminal damage and arson,Investigation complete; no suspect identified,
81861ad7eb9a1fb62961699cc506e04ede44a41202fd4cc32a077f00964c18e8,2021-02,City of London Police,City of London Police,-0.096814,51.512952,On or near St Paul'S Church Yard,E01032739,City of London 001F,Criminal damage and arson,Investigation complete; no suspect identified,
699c489064862f08820fefbdc28cb8867770a53041d7bd20bf8bd76451edf934,2021-02,City of London Police,City of London Police,-0.101073,51.513453,On or near Creed Lane,E01032739,City of London 001F,Criminal damage and arson,Unable to prosecute suspect,
4e5884c2658758eb04e5247256acf39173e1165fa2119cd1f7836e401827f27c,2021-02,City of London Police,City of London Police,-0.079195,51.513798,On or near Creechurch Lane,E01032739,City of London 001F,Criminal damage and arson,Awaiting court outcome,
58339010b813c1b4534d317fa9040f285775fc126fcb8c7e3d0c7cb5faf0b017,2021-02,City of London Police,City of London Police,-0.080376,51.517244,On or near Supermarket,E01032739,City of London 001F,Drugs,Status update unavailable,
386c494f9896f4c01aaad3c3a3563da41dc4c5ddc711b92aac3b83a4d07d320b,2021-02,City of London Police,City of London Police,-0.083386,51.509757,On or near St Dunstan'S Lane,E01032739,City of London 001F,Drugs,Unable to prosecute suspect,
c34bad1bf315edcd7cdb8370596edb90f37a8d5de66f25f0aac1e4427a69af6c,2021-02,City of London Police,City of London Police,-0.088843,51.509532,On or near Parking Area,E01032739,City of London 001F,Drugs,Offender given a drugs possession warning,
2ee58c6b92beaf45d39595dff69e3d977e361b50aa335dd58f5d1c7e42a470fb,2021-02,City of London Police,City of London Police,-0.081620,51.516814,On or near Alderman'S Walk,E01032739,City of London 001F,Drugs,Status update unavailable,
ac2490e5273dd2f7c9e7c2f19907138207be6314a5b6c2ebde8649b01882243d,2021-02,City of London Police,City of London Police,-0.104494,51.509848,On or near A201,E01032739,City of London 001F,Drugs,Court result unavailable,
ff30bd558c06aace7035e05c02295436815b2d0d3b01577cfd31760567ce0253,2021-02,City of London Police,City of London Police,-0.081620,51.516814,On or near Alderman'S Walk,E01032739,City of London 001F,Drugs,Offender given a drugs possession warning,
91a2dd030929071183cc57bd70fdbfb7e09f3db7fc43b4e26ecc8189efc854e0,2021-02,City of London Police,City of London Police,-0.092865,51.510182,On or near Parking Area,E01032739,City of London 001F,Drugs,Formal action is not in the public interest,
fcc3e4b81f66dcba11eeb35040a9e3ff9a94bd3a4428f86d9b035aa9c565d540,2021-02,City of London Police,City of London Police,-0.101452,51.512650,On or near St Andrew'S Hill,E01032739,City of London 001F,Drugs,Offender given a drugs possession warning,
ff52964ac5db88beebdec1cf6ca92a3d2d538a427a888eecce552115310adce3,2021-02,City of London Police,City of London Police,-0.085310,51.518511,On or near Eldon Street,E01032739,City of London 001F,Drugs,Formal action is not in the public interest,
be9d6aac6ac070e838db5b3610c566ef6d7de3bb4629b2c5f823de1c7f63ac2b,2021-02,City of London Police,City of London Police,-0.088233,51.515484,On or near Tokenhouse Yard,E01032739,City of London 001F,Drugs,Status update unavailable,
301fbb3b3637e8d0e248f94988df027e40d20083433f914b0dc98c79cf18a883,2021-02,City of London Police,City of London Police,-0.092865,51.510182,On or near Parking Area,E01032739,City of London 001F,Drugs,Status update unavailable,
be508c560b6f0f12957970a3a1c9a3bcc710e65f540e6a0c1f88379507e97dba,2021-02,City of London Police,City of London Police,-0.104494,51.509848,On or near A201,E01032739,City of London 001F,Drugs,Status update unavailable,
e867ed561ff3fd79444b05c9c11957eba81f0993a87ae717aefdb1f28b5881b2,2021-02,City of London Police,City of London Police,-0.104494,51.509848,On or near A201,E01032739,City of London 001F,Drugs,Court result unavailable,
e52b185caa8adf4d1a8968339fa3c443cc3576306aa460f0f56f2ed24a5db21e,2021-02,City of London Police,City of London Police,-0.085310,51.518511,On or near Eldon Street,E01032739,City of London 001F,Drugs,Offender given a drugs possession warning,
217860347243c7313e4a1469fdf8e019c9685eaf481eaf5097928f5f7db8334a,2021-02,City of London Police,City of London Police,-0.096900,51.510868,On or near Broken Wharf,E01032739,City of London 001F,Drugs,Offender given a drugs possession warning,
0765d5d80aa2e3039f6a0a1817518e1205c4caf0c0e2b592acba71c6ac31273c,2021-02,City of London Police,City of London Police,-0.084284,51.510671,On or near Eastcheap,E01032739,City of London 001F,Drugs,Status update unavailable,
20bf017a54fe848905f7ea25f4fa9d07abf72d8bcbb8c2a5bb015ebbff443d3a,2021-02,City of London Police,City of London Police,-0.094206,51.511210,On or near Little Trinity Lane,E01032739,City of London 001F,Drugs,Status update unavailable,
20fc14034811c8f1a52f8a8c5eeaa0c15711a9d8e5f0020adc9c62f72bf2b16f,2021-02,City of London Police,City of London Police,-0.079195,51.513798,On or near Creechurch Lane,E01032739,City of London 001F,Other theft,Investigation complete; no suspect identified,
c3484fcd96ef9b10470550bca45135e349ce2434fb8bd23fdc22175fea3f6025,2021-02,City of London Police,City of London Police,-0.081549,51.511625,On or near Mincing Lane,E01032739,City of London 001F,Other theft,Investigation complete; no suspect identified,
e217be3ada874bdf610a6e0bd7a7336e2509492f68784b84194ff3d30719b8b2,2021-02,City of London Police,City of London Police,-0.080376,51.517244,On or near Supermarket,E01032739,City of London 001F,Other theft,Court result unavailable,
304393dda30b6c21b871c21e9209c30192313f60d35747dfa3776a15dbb96602,2021-02,City of London Police,City of London Police,-0.081620,51.516814,On or near Alderman'S Walk,E01032739,City of London 001F,Possession of weapons,Status update unavailable,
8b01692bd42599f59cf7b9f35e89a0414d5e7d90f56bac2c4d68d5cbaa31ba82,2021-02,City of London Police,City of London Police,-0.092719,51.512652,On or near Queen Victoria Street,E01032739,City of London 001F,Public order,Status update unavailable,
48f05681388af927382e176e1070f9ab0b4c467485744373c6a99d760621fdfe,2021-02,City of London Police,City of London Police,-0.080376,51.517244,On or near Supermarket,E01032739,City of London 001F,Public order,Formal action is not in the public interest,
53d2a8f9fc3574c21bbb8668d04853ba1823a3bc0eaec56dd18f8f16655cd983,2021-02,City of London Police,City of London Police,-0.086166,51.510828,On or near Eastcheap,E01032739,City of London 001F,Public order,Investigation complete; no suspect identified,
2ff20403cbf17934c63fae53c630870e8094eaa5e35615096bccb8364c74510b,2021-02,City of London Police,City of London Police,-0.081912,51.516370,On or near Conference/Exhibition Centre,E01032739,City of London 001F,Public order,Local resolution,
7668424bc0b9c4f1cb4b0f8937a4ce44228fe2c0bebb80703050a6ffadd10473,2021-02,City of London Police,City of London Police,-0.100202,51.513268,On or near Dean'S Court,E01032739,City of London 001F,Public order,Unable to prosecute suspect,
1eb3e8374f74cb26f91d595a9e8aaec57d0abbddc7e3b59b3de86d0a3d2a6a7c,2021-02,City of London Police,City of London Police,-0.082628,51.518189,On or near Sun Street Passage,E01032739,City of London 001F,Public order,Status update unavailable,
0caa7db34d9add587ba8cac02d3c9d8b0b95495bf1e3322e642002eff363c79b,2021-02,City of London Police,City of London Police,-0.092077,51.512147,On or near Tower Royal,E01032739,City of London 001F,Public order,Unable to prosecute suspect,
896b00dcacf41ac9cd9b0473ac8f72962d85d9e9d901d699d4aa7a3ed71c4310,2021-02,City of London Police,City of London Police,-0.090506,51.513524,On or near Poultry,E01032739,City of London 001F,Robbery,Investigation complete; no suspect identified,
08d56724d6109cb5c8d9cea3c8bd6cdf54dcf6f4437d88ab0462e61c38ad2ccf,2021-02,City of London Police,City of London Police,-0.081580,51.520510,On or near Pindar Street,E01032739,City of London 001F,Robbery,Unable to prosecute suspect,
7766b42da39119885ad8b2f02955815d7c45563b7ba78a91a2a338b1b60e02a7,2021-02,City of London Police,City of London Police,-0.088203,51.518262,On or near Moorgate,E01032739,City of London 001F,Robbery,Status update unavailable,
cd08d437ff123d97286c93b715fc547940717a54305c87e295bf1997ed215b56,2021-02,City of London Police,City of London Police,-0.094720,51.514420,On or near Wood Street,E01032739,City of London 001F,Shoplifting,Investigation complete; no suspect identified,
fb3cb89d3259791181f076847c0868c04644c15f1cde22cfaaf017d7ce916a04,2021-02,City of London Police,City of London Police,-0.086166,51.510828,On or near Eastcheap,E01032739,City of London 001F,Shoplifting,Court result unavailable,
bebe74649aaa1fc3cb3d90a738b347235b23e0a0d04f0e6871b199361f2a237c,2021-02,City of London Police,City of London Police,-0.094720,51.514420,On or near Wood Street,E01032739,City of London 001F,Shoplifting,Investigation complete; no suspect identified,
24536dae5ac972ed01869992f5a63178b601393b92fa810989cf7bcae214e8ed,2021-02,City of London Police,City of London Police,-0.080376,51.517244,On or near Supermarket,E01032739,City of London 001F,Shoplifting,Unable to prosecute suspect,
fa72b9c689f763bee92bb8aa14888f1d63b65a4b7db4f620d74ce5c8b8fb3e70,2021-02,City of London Police,City of London Police,-0.084983,51.510494,On or near Supermarket,E01032739,City of London 001F,Shoplifting,Court result unavailable,
a53b298bd240ba9e038b6a65a77805240d282cba8a20420cda52a4e8b352b4c2,2021-02,City of London Police,City of London Police,-0.084199,51.513394,On or near Cornhill,E01032739,City of London 001F,Shoplifting,Investigation complete; no suspect identified,
9111b8f36ca8fe4b0f06844259071e7cbe8df9cd5035b2f121a48156ef52a8dc,2021-02,City of London Police,City of London Police,-0.080376,51.517244,On or near Supermarket,E01032739,City of London 001F,Shoplifting,Unable to prosecute suspect,
0b4f6e9c4f20a08b0f269730f22401cac9de63f0fd97ddafe5470903aad62f8c,2021-02,City of London Police,City of London Police,-0.080376,51.517244,On or near Supermarket,E01032739,City of London 001F,Shoplifting,Formal action is not in the public interest,
84bc61777930e188d91ff61f04e97b3d197217f1351caae6b61cb8c45572833c,2021-02,City of London Police,City of London Police,-0.080376,51.517244,On or near Supermarket,E01032739,City of London 001F,Shoplifting,Formal action is not in the public interest,
1eec4930e0091fb3ab9218e767b7871d70c844f68d4149b39286766df723e5b0,2021-02,City of London Police,City of London Police,-0.094231,51.511984,On or near Great Trinity Lane,E01032739,City of London 001F,Shoplifting,Awaiting court outcome,
bfdda01070ea7c587dc26b2af281d6731da3cdda139e18c14ae11d96a7100a0d,2021-02,City of London Police,City of London Police,-0.096363,51.513377,On or near New Change,E01032739,City of London 001F,Shoplifting,Status update unavailable,
4156ca13c4f8192d4ee16453ca0d8bd21fd2f0712ecd5d95d596b9e4499dabdb,2021-02,City of London Police,City of London Police,-0.084967,51.512598,On or near Bell Inn Yard,E01032739,City of London 001F,Shoplifting,Unable to prosecute suspect,
9cfa2e0947e36a158d363d6fa58d6b19e5ca2b2158a20353a4b09ca085bb73ba,2021-02,City of London Police,City of London Police,-0.084967,51.512598,On or near Bell Inn Yard,E01032739,City of London 001F,Shoplifting,Court result unavailable,
c2830976e39bfd5812ecca0de0d45cc24fdc49d744969489b7f553a864117046,2021-02,City of London Police,City of London Police,-0.093257,51.513920,On or near Bow Lane,E01032739,City of London 001F,Shoplifting,Unable to prosecute suspect,
a4c515ef43a5dd271b30ef7b125ffe0d288172bbdc0f7e6ead58b3257dbaed1c,2021-02,City of London Police,City of London Police,-0.079448,51.511554,On or near Fenchurch Place,E01032739,City of London 001F,Shoplifting,Status update unavailable,
708b80a45d6d845206cff3207e4309d4697a3e5d8f024ca7840aa538e11ea620,2021-02,City of London Police,City of London Police,-0.081549,51.511625,On or near Mincing Lane,E01032739,City of London 001F,Shoplifting,Unable to prosecute suspect,
0346c6d25e3f5f08a0d1739fcf4caf29b673361cd8dfa2273971bfc3c1b7e6cd,2021-02,City of London Police,City of London Police,-0.094720,51.514420,On or near Wood Street,E01032739,City of London 001F,Shoplifting,Investigation complete; no suspect identified,
ac14e8a965530c617ec027954b4211da1310dff939297f50232a945507be04a4,2021-02,City of London Police,City of London Police,-0.094720,51.514420,On or near Wood Street,E01032739,City of London 001F,Shoplifting,Investigation complete; no suspect identified,
a77d108b2a2f41b88ea76a44866a57361a16246f3259e00a12f37f309eee5ab3,2021-02,City of London Police,City of London Police,-0.097645,51.515142,On or near St Martin'S Le Grand,E01032739,City of London 001F,Theft from the person,Investigation complete; no suspect identified,
0f714e9a9685d8ff464570747fc95363382de74639b55554a658178fbd19ceda,2021-02,City of London Police,City of London Police,-0.081620,51.516814,On or near Alderman'S Walk,E01032739,City of London 001F,Theft from the person,Investigation complete; no suspect identified,
3f8be78628df08f6c8b6a813fb2843eb2b6ab9a1318bb7e8c780835aec840d54,2021-02,City of London Police,City of London Police,-0.081620,51.516814,On or near Alderman'S Walk,E01032739,City of London 001F,Theft from the person,Investigation complete; no suspect identified,
10320532f32218f27bc306cb8395983d32c3abd4ab4e5df016558657badc7734,2021-02,City of London Police,City of London Police,-0.094628,51.514203,On or near Cheapside,E01032739,City of London 001F,Theft from the person,Investigation complete; no suspect identified,
7e866610e0f9275fbb34934030c5933f3473ede49b71ee598eeeba9b700da036,2021-02,City of London Police,City of London Police,-0.101452,51.512650,On or near St Andrew'S Hill,E01032739,City of London 001F,Theft from the person,Investigation complete; no suspect identified,
f0decd2649dfbbea49388b9445e0f57c1d0650fd8e5f68c456af8feafa5bc158,2021-02,City of London Police,City of London Police,-0.100748,51.515031,On or near Warwick Lane,E01032739,City of London 001F,Theft from the person,Investigation complete; no suspect identified,
14306d6df7f30e7b8e4775ccb45c80f124d0c358344f45c9108ce9b501cd77b8,2021-02,City of London Police,City of London Police,-0.095037,51.510621,On or near Queenhithe,E01032739,City of London 001F,Theft from the person,Investigation complete; no suspect identified,
27f3b7737d2eb7b16a9fd30fb456bd7a7113d1effe41b264eef3fc8cbf4e26f3,2021-02,City of London Police,City of London Police,-0.100202,51.513268,On or near Dean'S Court,E01032739,City of London 001F,Theft from the person,Investigation complete; no suspect identified,
e5abb3a45da118a0d716738018516f8d8fc1de8fca5559c9638df5a9a08d3450,2021-02,City of London Police,City of London Police,-0.089582,51.511495,On or near Cannon Street,E01032739,City of London 001F,Theft from the person,Investigation complete; no suspect identified,
af0bffef1c6d9e36f90a81412362549a9c3bfc795b5e4fbab653f0278d9fcc79,2021-02,City of London Police,City of London Police,-0.092077,51.512147,On or near Tower Royal,E01032739,City of London 001F,Theft from the person,Investigation complete; no suspect identified,
80d4a798b219ae0753d614a6016777de6b2c2ec354d5ed9966f3ba60c810480f,2021-02,City of London Police,City of London Police,-0.081938,51.513007,On or near Lime Street,E01032739,City of London 001F,Vehicle crime,Investigation complete; no suspect identified,
755677b786012351e33f7e528c1aa703e5e1ecddbc64cf920139199d1b7e9430,2021-02,City of London Police,City of London Police,-0.085310,51.518511,On or near Eldon Street,E01032739,City of London 001F,Vehicle crime,Investigation complete; no suspect identified,
66f95dfbdd9645cc33adab6c0258345469699b7b6b3c1a0658111416430f0a0c,2021-02,City of London Police,City of London Police,-0.084199,51.513394,On or near Cornhill,E01032739,City of London 001F,Violence and sexual offences,Investigation complete; no suspect identified,
c38660a8e6f5e04e78185b3beb326c177f8526a448c8c77d8f121e5039a7dd3a,2021-02,City of London Police,City of London Police,-0.081620,51.516814,On or near Alderman'S Walk,E01032739,City of London 001F,Violence and sexual offences,Unable to prosecute suspect,
425d3770f6d118229a04bf9f74fe10cc110aac65bb340b2ead27353bff4ff4e5,2021-02,City of London Police,City of London Police,-0.104244,51.512749,On or near New Bridge Street,E01032739,City of London 001F,Violence and sexual offences,Unable to prosecute suspect,
534bb432d50b1eb6d1107a97ac72cd8b3b47f4dfe6c7ba42cc7b2bab2db655b2,2021-02,City of London Police,City of London Police,-0.079786,51.517576,On or near Police Station,E01032739,City of London 001F,Violence and sexual offences,Unable to prosecute suspect,
0b19e3a13471b137e6ef0a1600288c5534390720ebd4dce8b7451b0b264e76e5,2021-02,City of London Police,City of London Police,-0.090710,51.513132,On or near Queen Victoria Street,E01032739,City of London 001F,Violence and sexual offences,Status update unavailable,
030d8b1d05608829a2cc9faa3a553cb03fb63a4e5945816a6fbcf0da6ba4d5f9,2021-02,City of London Police,City of London Police,-0.087525,51.510364,On or near Arthur Street,E01032739,City of London 001F,Violence and sexual offences,Investigation complete; no suspect identified,
fe8dca51cb1582391a4bba58cce602f8a84931908ced4e7b8eddeb0e4441a1af,2021-02,City of London Police,City of London Police,-0.082458,51.517431,On or near Liverpool Street,E01032739,City of London 001F,Violence and sexual offences,Status update unavailable,
cfb153936e8c22842ec137ac66bdeaceb40d241e351e3407a8e66c0844b36b3f,2021-02,City of London Police,City of London Police,-0.096900,51.510868,On or near Broken Wharf,E01032739,City of London 001F,Violence and sexual offences,Status update unavailable,
040a8c3e886f9bb00999d2aa8b13cab12fc297eb3739c69bf6c7275db1c6cf89,2021-02,City of London Police,City of London Police,-0.096900,51.510868,On or near Broken Wharf,E01032739,City of London 001F,Violence and sexual offences,Status update unavailable,
0a21f2d73a0ad9cee95ec366d6b467a8296afc74b722e91720ce0166f1bbfda9,2021-02,City of London Police,City of London Police,-0.084983,51.510494,On or near Supermarket,E01032739,City of London 001F,Violence and sexual offences,Investigation complete; no suspect identified,
a61657a1f639204704ba8c9cd414980af99e1950125599dbb1780ed5fb0bfd29,2021-02,City of London Police,City of London Police,-0.104001,51.513051,On or near Apothecary Street,E01032739,City of London 001F,Violence and sexual offences,Status update unavailable,
a52e4bca1110074f3487404e1996421b6d42b6e343a69611abdeb1dd501521d8,2021-02,City of London Police,City of London Police,-0.089475,51.513355,On or near Pedestrian Subway,E01032739,City of London 001F,Violence and sexual offences,Investigation complete; no suspect identified,
5ed6374529263ed336cf9acc8c4403c5188d908e4d00690683bf29db87d3da4e,2021-02,City of London Police,City of London Police,-0.082913,51.513463,On or near Leadenhall Street,E01032739,City of London 001F,Violence and sexual offences,Unable to prosecute suspect,
18eeec9cf02aac6351d3185505012b7f77388f18699114773e4a96c03ef58042,2021-02,City of London Police,City of London Police,-0.079786,51.517576,On or near Police Station,E01032739,City of London 001F,Violence and sexual offences,Status update unavailable,
db97d9cbef26e490028f8878bd56c6afb676742b19a5b30a0329a5a7fcd422fb,2021-02,City of London Police,City of London Police,-0.097699,51.511420,On or near Booth Lane,E01032739,City of London 001F,Violence and sexual offences,Investigation complete; no suspect identified,
dd516b3cf5acfc58b0ba6e1c09953625667350c6534c7ca6a7ea4365607b84a7,2021-02,City of London Police,City of London Police,-0.090710,51.513132,On or near Queen Victoria Street,E01032739,City of London 001F,Violence and sexual offences,Status update unavailable,
efc5c77c9924444fda5447a4d6de307a1c97ee008247095e9ff2c3e77af8a7fd,2021-02,City of London Police,City of London Police,-0.097699,51.511420,On or near Booth Lane,E01032739,City of London 001F,Violence and sexual offences,Investigation complete; no suspect identified,
505e2781a0ae736cfdfd33571f00cfa6ff54a6a58158310a9abaede0e9345e2e,2021-02,City of London Police,City of London Police,-0.081549,51.511625,On or near Mincing Lane,E01032739,City of London 001F,Violence and sexual offences,Unable to prosecute suspect,
ccd374f37e6853ecaa842611281880f27cf4a260fad6c94e4664f4799f4278cb,2021-02,City of London Police,City of London Police,-0.084701,51.509320,On or near Lower Thames Street,E01032739,City of London 001F,Other crime,Court result unavailable,
75dc5efa802ca424020da938d624f674d86f6efaa34b3637f07c1f5a0f411462,2021-02,City of London Police,City of London Police,-0.104244,51.512749,On or near New Bridge Street,E01032739,City of London 001F,Other crime,Investigation complete; no suspect identified,
0b8dc9ca1c0330061d9c67d51c7d713a1238071b066c5b8a83717c53eb40deb8,2021-02,City of London Police,City of London Police,-0.094206,51.511210,On or near Little Trinity Lane,E01032739,City of London 001F,Other crime,Status update unavailable,
,2021-02,City of London Police,City of London Police,-0.106680,51.515882,On or near Parking Area,E01032740,City of London 001G,Anti-social behaviour,,
,2021-02,City of London Police,City of London Police,-0.106680,51.515882,On or near Parking Area,E01032740,City of London 001G,Anti-social behaviour,,
,2021-02,City of London Police,City of London Police,-0.102741,51.513885,On or near Pageantmaster Court,E01032740,City of London 001G,Anti-social behaviour,,
,2021-02,City of London Police,City of London Police,-0.105900,51.516966,On or near Plumtree Court,E01032740,City of London 001G,Anti-social behaviour,,
,2021-02,City of London Police,City of London Police,-0.104134,51.514699,On or near Old Seacoal Lane,E01032740,City of London 001G,Anti-social behaviour,,
,2021-02,City of London Police,City of London Police,-0.105900,51.516966,On or near Plumtree Court,E01032740,City of London 001G,Anti-social behaviour,,
,2021-02,City of London Police,City of London Police,-0.102380,51.517728,On or near Hosier Lane,E01032740,City of London 001G,Anti-social behaviour,,
,2021-02,City of London Police,City of London Police,-0.106680,51.515882,On or near Parking Area,E01032740,City of London 001G,Anti-social behaviour,,
891d59b6e6be5f851f2a0ed727ad544c9fe7fb7afe4f69fbe4db8606b6dd7e7b,2021-02,City of London Police,City of London Police,-0.111181,51.516476,On or near Cursitor Street,E01032740,City of London 001G,Bicycle theft,Investigation complete; no suspect identified,
c27d72baba9fcbc37470eca012d9e443091756fccc0902c2e2cab6ed808d1f37,2021-02,City of London Police,City of London Police,-0.104281,51.516032,On or near Bear Alley,E01032740,City of London 001G,Burglary,Investigation complete; no suspect identified,
1eee161666f5ea21258b23f65f507df5ea42e63a7528b56f0ae3206b73568e2f,2021-02,City of London Police,City of London Police,-0.105134,51.513869,On or near Bride Lane,E01032740,City of London 001G,Burglary,Investigation complete; no suspect identified,
fa5c74ec7b4c0456b8f7b41e611f30385a87315ac8bb59e274214a3cf1bcfd6e,2021-02,City of London Police,City of London Police,-0.106680,51.515882,On or near Parking Area,E01032740,City of London 001G,Criminal damage and arson,Investigation complete; no suspect identified,
90c50f9d576d1a9b1614b4ab93eb3c8261027bd21047c5315b7742e22682b463,2021-02,City of London Police,City of London Police,-0.108018,51.511749,On or near Temple Avenue,E01032740,City of London 001G,Drugs,Offender given a drugs possession warning,
0111b38595329f79d2f83642e91a60fe96ca2a1a2beba92167321592cd549bae,2021-02,City of London Police,City of London Police,-0.111242,51.516738,On or near Took'S Court,E01032740,City of London 001G,Drugs,Court result unavailable,
9a13e7546b8c454a1f0770a3f7979ec7efd80eaf3eb424dd2cb9d4cecaee98e1,2021-02,City of London Police,City of London Police,-0.108231,51.513928,On or near Pleydell Street,E01032740,City of London 001G,Other theft,Unable to prosecute suspect,
ffaf1ddcdcad159bd4132563a0bdad02cb72ab8a03cda10822a98843829888a1,2021-02,City of London Police,City of London Police,-0.108418,51.513581,On or near Lombard Lane,E01032740,City of London 001G,Possession of weapons,Status update unavailable,
10ccf798d88cde6decf7b6a239b1d173c23bdf607c5e81aa46eed841acd357b6,2021-02,City of London Police,City of London Police,-0.104252,51.516733,On or near Supermarket,E01032740,City of London 001G,Public order,Offender given penalty notice,
1567af6b737f302845962bfcee7647dafe79c7d535bce4c2e06fe105816e09f1,2021-02,City of London Police,City of London Police,-0.112939,51.518231,On or near Southampton Buildings,E01032740,City of London 001G,Robbery,Investigation complete; no suspect identified,
7d682f6ee00d69222f6100a9f4e3a4c10076a315dbb409093cf8847b3819fe8e,2021-02,City of London Police,City of London Police,-0.105134,51.513869,On or near Bride Lane,E01032740,City of London 001G,Shoplifting,Investigation complete; no suspect identified,
bd668889ca8a06b4039bf183b537a809c7bc37ef084439f5f54221833ca5e87b,2021-02,City of London Police,City of London Police,-0.103280,51.514109,On or near Ludgate Hill,E01032740,City of London 001G,Shoplifting,Status update unavailable,
47594fd471c84c963f534266fbe5797f4e6331e14d24e0dadd760869a33d1a1d,2021-02,City of London Police,City of London Police,-0.105134,51.513869,On or near Bride Lane,E01032740,City of London 001G,Shoplifting,Unable to prosecute suspect,
af5f3d0d0aa3e27442dbdefa11a0dd632ca7b3aec07057c796b6d34dde3f3a2a,2021-02,City of London Police,City of London Police,-0.105134,51.513869,On or near Bride Lane,E01032740,City of London 001G,Shoplifting,Status update unavailable,
af2fadd56739e58150d37448af6658947af56f3f976b10a6ad334c5eb437ce11,2021-02,City of London Police,City of London Police,-0.105134,51.513869,On or near Bride Lane,E01032740,City of London 001G,Shoplifting,Unable to prosecute suspect,
4232c1a3952b5dacf37196df45aff873207df65b05ba3b946b2da38593bc9d61,2021-02,City of London Police,City of London Police,-0.112939,51.518231,On or near Southampton Buildings,E01032740,City of London 001G,Shoplifting,Investigation complete; no suspect identified,
7aa33b53b2fea19d53a07450a738dd665ab74dc11573d0bd048977c3130e63de,2021-02,City of London Police,City of London Police,-0.105134,51.513869,On or near Bride Lane,E01032740,City of London 001G,Shoplifting,Unable to prosecute suspect,
c298a95e732882c578fe0c8d4f82fea2a6dc61ab04c96a7268dc33115eb8cb51,2021-02,City of London Police,City of London Police,-0.102812,51.517042,On or near Police Station,E01032740,City of London 001G,Theft from the person,Investigation complete; no suspect identified,
81726afadcf57b8b7f6715d5e8ed06b2e01b03388c5d8277720d76117cbf2577,2021-02,City of London Police,City of London Police,-0.101963,51.519097,On or near Conference/Exhibition Centre,E01032740,City of London 001G,Theft from the person,Investigation complete; no suspect identified,
35d50e5c4ce3f31ce8c8ddcefb80c375bcaf63dfb717bc0b4e6eed035a9d4b2f,2021-02,City of London Police,City of London Police,-0.101345,51.518709,On or near Parking Area,E01032740,City of London 001G,Theft from the person,Investigation complete; no suspect identified,
cf4044671d31fba71f43b22b9b29a39100a92dc53cf329b7142aa50bbe8502e3,2021-02,City of London Police,City of London Police,-0.104281,51.516032,On or near Bear Alley,E01032740,City of London 001G,Theft from the person,Investigation complete; no suspect identified,
a044f2ff6ee22871db80eb7b2fa6292834c3e58b0c0b543d86c4d3d0022ec1f1,2021-02,City of London Police,City of London Police,-0.104887,51.516347,On or near Farringdon Street,E01032740,City of London 001G,Theft from the person,Status update unavailable,
d29e5e68a7e231538e503232b95ec10d637a60aa260d9394b2edf2eb0d9ae769,2021-02,City of London Police,City of London Police,-0.108965,51.516386,On or near Plough Place,E01032740,City of London 001G,Theft from the person,Investigation complete; no suspect identified,
7f2adc7ef39364a96b6004022039a319d46913c4846f962e5dc5d283e753248f,2021-02,City of London Police,City of London Police,-0.102812,51.517042,On or near Police Station,E01032740,City of London 001G,Theft from the person,Investigation complete; no suspect identified,
5392c44b69681488aa77d5ad97c09c38b1aca8e5e7fdfefaf57f6c6558f56f47,2021-02,City of London Police,City of London Police,-0.108231,51.513928,On or near Pleydell Street,E01032740,City of London 001G,Theft from the person,Investigation complete; no suspect identified,
26974745c2a7218d83e801964db45fb41c7a0d4ad05aa0d3488270abd906ba59,2021-02,City of London Police,City of London Police,-0.100884,51.516966,On or near Hospital,E01032740,City of London 001G,Theft from the person,Investigation complete; no suspect identified,
53452d88b985a93e507d60471338ba03de95d0ba085d677cdaa19ff8dfdde9d8,2021-02,City of London Police,City of London Police,-0.104252,51.516733,On or near Supermarket,E01032740,City of London 001G,Vehicle crime,Investigation complete; no suspect identified,
e34270c0ab673087c7cddde38e13cbd27186034bc47e40d515545385bab39d5d,2021-02,City of London Police,City of London Police,-0.108965,51.516386,On or near Plough Place,E01032740,City of London 001G,Violence and sexual offences,Unable to prosecute suspect,
c34fbd0b488ae280c1487dec8a7349ff48955e560d6a25c6a826ee06d3cae1e5,2021-02,City of London Police,City of London Police,-0.106214,51.513905,On or near Salisbury Court,E01032740,City of London 001G,Violence and sexual offences,Further investigation is not in the public interest,
1f2346672937c7ddd1ac0815a45aea85bb16045171e4b30cea6fdd22ec1485dd,2021-02,City of London Police,City of London Police,-0.112939,51.518231,On or near Southampton Buildings,E01032740,City of London 001G,Violence and sexual offences,Investigation complete; no suspect identified,
6f9dbfb5292f67d29fb4306905aa5cc9e44c2eb30045c36b551b1fba4906fa8d,2021-02,City of London Police,City of London Police,-0.108418,51.513581,On or near Lombard Lane,E01032740,City of London 001G,Other crime,Court result unavailable,
acd867751bf8b33e66f14fd25ffd24b4d4f7f0b86c614498b280b2406b0a5bbe,2021-02,City of London Police,City of London Police,-0.097210,51.523156,On or near Baltic Street West,E01033490,Islington 022H,Shoplifting,Investigation complete; no suspect identified,
6412b030d033acd1ec4fb5c24f97b79fcde8206ed59c84ba9d76fc3ff0f078f9,2021-02,City of London Police,City of London Police,-0.097210,51.523156,On or near Baltic Street West,E01033490,Islington 022H,Violence and sexual offences,Unable to prosecute suspect,
,2021-02,City of London Police,City of London Police,-0.085231,51.520408,On or near Wilson Street,E01002704,Islington 023D,Anti-social behaviour,,
24a1e02e50bb236a03e317e22e888b180592437513f0ac0b217268b27744c1df,2021-02,City of London Police,City of London Police,-0.090517,51.525655,On or near Supermarket,E01002704,Islington 023D,Drugs,Offender given a drugs possession warning,
,2021-02,City of London Police,City of London Police,-0.088227,51.506338,On or near Borough High Street,E01004027,Southwark 003E,Anti-social behaviour,,
ffa3366c99580d7f83090a3e64c9d0ec755826b3859ad7f0a72588458fb06faf,2021-02,City of London Police,City of London Police,-0.088227,51.506338,On or near Borough High Street,E01004027,Southwark 003E,Possession of weapons,Status update unavailable,
ce5055d559205a2bb4d04de1ea4a0ef99be3d0ff7d12f43eac98b664a02c7ead,2021-02,City of London Police,City of London Police,-0.078718,51.521038,On or near Norton Folgate,E01004307,Tower Hamlets 015B,Possession of weapons,Court result unavailable,
f613b5125a7e9e66c4dbb2b14cb09f25bd87af8fb34c5531d2205b8f113f1225,2021-02,City of London Police,City of London Police,-0.068816,51.510786,On or near Cable Street,E01004294,Tower Hamlets 026B,Drugs,Offender given a drugs possession warning,
55d2964231bc02919dfe08c97e57367e198e3def063adc2b7d198dce30bfc8da,2021-02,City of London Police,City of London Police,-0.074901,51.506255,On or near A100,E01004293,Tower Hamlets 027B,Criminal damage and arson,Investigation complete; no suspect identified,
fa496653c8cddde19aa36ec382bec75095ff305acdc05aaad55e148dbcad5e07,2021-02,City of London Police,City of London Police,-0.074901,51.506255,On or near A100,E01004293,Tower Hamlets 027B,Criminal damage and arson,Investigation complete; no suspect identified,
76abbaa0c85502abdd703f401bc2514fa3f37ecc59231009a9e480806e498f0f,2021-02,City of London Police,City of London Police,-0.074901,51.506255,On or near A100,E01004293,Tower Hamlets 027B,Drugs,Offender given a drugs possession warning,
,2021-02,City of London Police,City of London Police,,,No Location,,,Anti-social behaviour,,
,2021-02,City of London Police,City of London Police,,,No Location,,,Anti-social behaviour,,
,2021-02,City of London Police,City of London Police,,,No Location,,,Anti-social behaviour,,
,2021-02,City of London Police,City of London Police,,,No Location,,,Anti-social behaviour,,
,2021-02,City of London Police,City of London Police,,,No Location,,,Anti-social behaviour,,
,2021-02,City of London Police,City of London Police,,,No Location,,,Anti-social behaviour,,
,2021-02,City of London Police,City of London Police,,,No Location,,,Anti-social behaviour,,
,2021-02,City of London Police,City of London Police,,,No Location,,,Anti-social behaviour,,
,2021-02,City of London Police,City of London Police,,,No Location,,,Anti-social behaviour,,
,2021-02,City of London Police,City of London Police,,,No Location,,,Anti-social behaviour,,
575a6721f4cfc91fbd1e2ea7cea97c4b0db03ab34f5f40426222f83e8c3603e3,2021-02,City of London Police,City of London Police,,,No Location,,,Bicycle theft,Status update unavailable,
c708102eedbe7174063c1ee1bcd727986cb0b02e8b63f8e8182c48cee338b295,2021-02,City of London Police,City of London Police,,,No Location,,,Drugs,Offender given a caution,
e043de1b203a2285117c9e819f212e7e46238c84ebccab4b5bc1033d2e2311ea,2021-02,City of London Police,City of London Police,,,No Location,,,Drugs,Court result unavailable,
b41b16bc28456e8f5db087c9727978bf4921a982abcdb87f0148f2a11e8c5325,2021-02,City of London Police,City of London Police,,,No Location,,,Drugs,Offender given a drugs possession warning,
16bb97dd7925f1c3590dac6130bd91d4455ea637d94a63c6ae11211c9de85a7f,2021-02,City of London Police,City of London Police,,,No Location,,,Drugs,Status update unavailable,
0bd12e32aa8a20fe666e402b0e03d7cb76e9e7eaf38192df21f092765a9dd1f4,2021-02,City of London Police,City of London Police,,,No Location,,,Drugs,Offender given a caution,
529ff015624db95ff5ceee6cc8d463defd80276307f9cd4f7b6539c223e6a182,2021-02,City of London Police,City of London Police,,,No Location,,,Other theft,Action to be taken by another organisation,
d7b0353636a7a7067c52739bc4846ffa20cb5ff678a12a2893310a4cacae7d33,2021-02,City of London Police,City of London Police,,,No Location,,,Other theft,Investigation complete; no suspect identified,
b9454180894d3c34f497a80204b71d58ae99139955a170cfea1a8d3eb830ca47,2021-02,City of London Police,City of London Police,,,No Location,,,Public order,Investigation complete; no suspect identified,
914c24e0c0b7f20bb2f308eb9e697c75e2341fe02cb989912a4141b8f35e1bbf,2021-02,City of London Police,City of London Police,,,No Location,,,Vehicle crime,Investigation complete; no suspect identified,
e167ca9710a356fea2a095b6cf44347b3ea325cba61d6d19b72786fddafa08bd,2021-02,City of London Police,City of London Police,,,No Location,,,Violence and sexual offences,Unable to prosecute suspect,
a1e9f8e9898d3969b483adb6125c44772c4bfdefa5210206f0c7e8d3a27ded93,2021-02,City of London Police,City of London Police,,,No Location,,,Violence and sexual offences,Unable to prosecute suspect,
ad3f53c8496957712bc2d5a2b5bd58131598a30cceea422be7f6101274acbd7c,2021-02,City of London Police,City of London Police,,,No Location,,,Other crime,Status update unavailable,
88f1018d4f4746fda16f5e18fae6a3cc6012dc51a827efda258264c7b27480d9,2021-02,City of London Police,City of London Police,,,No Location,,,Other crime,Status update unavailable,
34c64bbaa54b8728564d486a4f1cc8c98d3024a601093b31e880060974b8bdcc,2021-02,City of London Police,City of London Police,,,No Location,,,Other crime,Status update unavailable,
66ae71e08f21e710ed630ef3a1e2b9837dc7d3de58e210955e12adf29089db44,2021-02,City of London Police,City of London Police,,,No Location,,,Other crime,Action to be taken by another organisation,
fd76cca764231550c6911d41afc7729ce50aa0671cc28d2f3e9424f3eb525b7b,2021-02,City of London Police,City of London Police,,,No Location,,,Other crime,Status update unavailable,
55ceaf6e6ab8a24f37011a4adc347ccf9f911bef850790b4196dc1a9652fde62,2021-02,City of London Police,City of London Police,,,No Location,,,Other crime,Status update unavailable,
7b8f5101a431ccb9cb364974d8ae02f1728945b4435f7d381168ec8d3aa8e95b,2021-02,City of London Police,City of London Police,,,No Location,,,Other crime,Status update unavailable,
b039066844cfe028bbf2dc4931c6d32c557e419bfcf5b4cdb8a7b589372ea8ee,2021-02,City of London Police,City of London Police,,,No Location,,,Other crime,Status update unavailable,
0132c6614b89075dab19b931a2255e4ce7849f129cb62e2df6fe668eed013d81,2021-02,City of London Police,City of London Police,,,No Location,,,Other crime,Status update unavailable,
